obs_0,obs_1,obs_2,obs_3,obs_4,obs_5,obs_6,obs_7,obs_8,obs_9,obs_10,obs_11,obs_12,obs_13,obs_14
0.27149501110558977,0.14688294909478303,-0.2249242912581063,-0.46164477999158826,-0.7163856418134689,-0.02969436067674905,0.5593513535472574,-0.31051479928445586,0.4376964199927105,0.375406711355051,0.15792971956078017,0.2793827024620606,0.4093525120925348,-0.018320027658707643,-0.5979562027820652
0.2608424060333564,0.04912171429078275,-0.2385540880433435,-0.5483128282095489,-0.7975255641830422,0.028491148565094736,0.4121885489840347,-0.31202294649364437,0.5805952038583962,0.3291204358980017,-0.11893246067901575,0.24964098500116863,0.251442732330848,-0.19660734682674902,-0.4825746284452695
0.3635189218045154,0.26339469446369784,-0.3564152909535014,-0.4526096829158799,-0.736120980986282,-0.13133762238872002,0.4627831710843791,-0.2728681735721519,0.3360744251952255,0.47224586891694126,0.08125726672025194,0.3129347338253822,0.2918826674990297,0.06813628572974162,-0.42802682132541586
0.22694197028023794,0.1191793472121459,-0.24738212308380936,-0.5685703032799084,-1.0094851517091534,-0.04556041790352581,0.7088417957403438,-0.3307959775896756,0.4687420303683756,0.4439905018291518,0.10794455145926152,0.29218639995439705,0.35286253155513625,-0.2741089311223223,-0.5719843170426239
0.24080717914106345,-0.04683464182240414,-0.14429136408224535,-0.6571877763490183,-0.8461948259293818,0.11930134980243834,0.1340963233677266,-0.37270069814346457,0.7135316112363522,0.38152059431309066,0.32222322188516994,0.23779575481090912,0.42164288792311705,-0.7841314698450579,-0.4360644856881471
0.5182416259442961,0.32100033715039145,-0.4044398213225753,-0.2643153754765752,-0.6615202734231865,-0.21040540332721236,0.5732955122833361,-0.26645405457086685,0.2057884979997273,0.3100595850528098,0.07176043490702509,0.3352779044106124,0.1849285572007136,0.4704713546599333,-0.5101337925445768
0.3604792352627828,0.5748923727985791,-0.6488182072467333,0.0316173228414346,-0.7009450396460769,-0.5100337629139485,0.21880941630644749,-0.34627950259783974,0.01878368428210883,0.6287222586386007,-0.2644814111933625,0.46516145992379854,-0.24900260691009807,0.5687727021708138,-0.8398064129867364
0.41498101054471537,0.5654982998440803,-0.6088316702340126,0.04657183325761414,-1.0354144082328252,-0.459523744057199,0.7694670438653962,-0.25144112530772517,0.25302855928572665,0.582609314844894,-0.32180421431110307,0.3686042950143097,-0.020983413226892067,0.6319855919436073,-0.6221350380577879
0.3664570125442982,0.6361213378539124,-0.6784662594660292,0.015862884395809292,-1.1946274829923134,-0.5133860609483536,0.7288537369505327,-0.16338500127622196,0.07346583852137903,0.5359759088852023,-0.24061925120943287,0.44949815045402614,-0.24862638888095723,0.6653096415408941,-0.6815171397161761
0.480947429955035,0.5830708034890466,-0.6213221262041803,0.05274883731941789,-0.9235300269437111,-0.5010868251392427,0.7389356159190004,-0.3335302436828818,0.08684304944948174,0.5177681902220861,-0.4374166374225165,0.48608665926201644,-0.17947145510380388,0.22179885498912152,-0.644625233986494
0.4235264475935249,0.6876886720415093,-0.7522420210939583,0.24256103122462147,-0.7874093326005837,-0.7668690646338869,1.0992501061422835,-0.22831079118916467,-0.06716432524408875,0.5773752728525701,-0.36471560201835446,0.5633815169412495,-0.3839532500692348,0.8933800868406799,-0.7257484347977998
0.29437126270606345,0.5323399794487695,-0.5943104983762386,0.023648733569369255,-0.8853490369396542,-0.4199762541015699,0.5326172167635423,-0.23078949244202204,0.13179265684678,0.617821212162809,-0.24720689267634488,0.45695459313485604,0.03935310609256271,0.6534060763624439,-0.5831677445417943
0.3051458163963196,0.3714951305066757,-0.5041245211179184,-0.27688626221465984,-0.7093624742534935,-0.3714366770451341,0.7178388507408682,-0.27176773046326863,0.29978929163385626,0.3488241829843908,-0.33219208557566315,0.4034455267721755,0.07624506873734015,0.3429152795664354,-0.48238269632466657
0.3425714539434834,0.2796270603401657,-0.45363531607621776,-0.2038317871234743,-0.9092538532826407,-0.27944837154538926,0.5580182974352632,-0.21396310786953227,0.3900291473992859,0.33334315468518116,0.0965643521904788,0.344565113451145,0.25473719430535957,-0.010108713372893272,-0.526018872302996
0.22530286873926647,0.1281091632322864,-0.24389082506873014,-0.5498213793171094,-0.6250470931618728,-0.01076284257081991,0.7490302761351516,-0.25655546185162337,0.6419040271423977,0.37396619858186986,0.08890611490569264,0.2641111586423237,0.20525292182749474,-0.32745210358920873,-0.6070754060448543
0.26141866122736385,0.05302888031984029,-0.18241719376530355,-0.6721473680274939,-0.278388046034254,0.07802448194630407,0.6431642661257042,-0.3175275143637291,0.4812548423636057,0.2975873535193737,-0.2537151993467328,0.2550591629587514,0.32154665924453324,0.0291697116947313,-0.7218949299844253
0.28148362982026404,0.19442762624108237,-0.36056518397845383,-0.5114134875043503,-0.9696257851495388,-0.057536941366357605,0.7739530296644332,-0.3590204280756182,0.40114541705287593,0.41635065486613904,0.033984598517891644,0.2661194773743314,0.16236211081146967,-0.2423076934407697,-0.5118850092202903
0.46919193389981934,0.13523595781105563,-0.3263065920548154,-0.4549912443216592,-0.38569960074491005,0.0415073971658813,0.536525148732171,-0.2906935930347532,0.48630875821455594,0.40207403677921855,0.14282221770872475,0.2604250083145772,0.21772590009454193,-0.13709655001693188,-0.6082307699535228
0.33335207618586826,0.3522359406994663,-0.45152584358571685,-0.24139005395807,-0.8465415189284076,-0.3632129951081792,0.574433974398119,-0.29163724627919757,0.36234371925129893,0.47129180424222045,-0.07818018267628445,0.3290156076930528,0.19725633403663884,0.0603549284254597,-0.725026942419861
0.22289027406003467,0.1280826088310112,-0.28133228755064293,-0.5180905372753758,-0.7681516530200082,-0.004606511844377187,0.6791389145508643,-0.28848899595909866,0.4427091222958651,0.31789888437231884,0.013242470858129837,0.28056787509123976,0.32967026386911463,-0.11074836491724385,-0.6969577440219524
0.20998541318325406,0.21644662836008763,-0.30990316536556967,-0.5564023128128842,-0.7605000313504735,0.03495421770121915,0.5400659651703538,-0.29675236294957474,0.32673864544736847,0.26855880147857836,0.03209298111251653,0.2753771485506696,0.2853859458302392,-0.25365875146381034,-0.4984128652085482
0.38720439529797795,0.1339810844104561,-0.3064497786382439,-0.4619703466595458,-0.44669129419833364,-0.0745815127873621,0.75126125581912,-0.305549490376913,0.4582161923915846,0.5145750527056183,0.22974718288901586,0.25451621704902044,0.2587944656550124,0.048981237533377395,-0.6940287379827741
0.2595529254311579,0.3197006067547731,-0.39207140104358906,-0.26461405290283196,-0.8897252423094762,-0.2766899081479463,0.21791289350012857,-0.21610092522788032,0.2680451865434253,0.3788207247142898,-0.04190809131050149,0.3486562212890081,0.11624710123229759,0.31246126436726473,-0.6626822629632315
0.17603694389034763,0.08147023880632134,-0.22511942408018357,-0.6210227905922595,-0.8624989087178642,-0.0239654281057867,0.6216341060641323,-0.2662476138395712,0.6335737103476274,0.27539338836846633,0.0010928801013209625,0.22729796764708582,0.45754331313781477,-0.24013728212630947,-0.57867900048684
0.22740443220546927,0.11977985220719045,-0.2779308596081175,-0.5642074831057063,-0.848388191916411,-0.11721171034628955,0.5322137283994604,-0.28700245041928235,0.5822797854227847,0.4453519774465127,0.15775792302742947,0.270130735548433,0.32943844834531255,-0.20748823006140696,-0.5119654891212689
0.26151010171767997,0.10968029368732415,-0.3160042201380748,-0.43894627545656617,-0.9591608312319678,-0.06572244260133159,0.8029650213313264,-0.3500151081869241,0.49343526018301803,0.4350588533258863,-0.0905417322339164,0.2894437759069608,0.13322264876320242,-0.10197904815946887,-0.6037010731139685
0.3907445089648087,0.2316143177390351,-0.4088783878285528,-0.5516760970340073,-0.9034571759372269,-0.2219494401982,0.6487019865188834,-0.28052287923477415,0.23482368560304367,0.43068773216532275,-0.056266001937187525,0.3197611857470154,0.12763174907240557,0.28279506429583706,-0.5579582221132228
0.28836598050539275,0.1937234366673935,-0.2833158506204188,-0.4760634687848443,-0.5981276052263942,-0.0607297714510097,0.26556460766266127,-0.2357939931638428,0.5432864893240568,0.28064864671929673,-0.070213101008168,0.25840475300164706,0.12642132995045263,0.021092805637567866,-0.4582387373349567
0.28768640500051396,0.14308300145549185,-0.23996322787402274,-0.5394311485201321,-0.8298682428152784,0.02447115006015945,0.6785993564585887,-0.293634845468891,0.6096459820491662,0.3087478382479349,0.16866704854389425,0.3019104980327842,0.34926435519706406,-0.4076198508981783,-0.5509395518682124
0.2608256835855989,-0.0039047280918336623,-0.1959631668988796,-0.6735075222984601,-0.36092521727614135,0.10530673468507515,0.7277513581038976,-0.41481736370303945,0.6223741639291434,0.40561893210803635,0.30367146145340584,0.22284846127207397,0.481858095814762,-0.04321348692798844,-0.45136853712847147
0.24410102000808528,-0.014259660678792627,-0.08449130516693829,-0.7268675503436359,-1.0410378803713976,0.22739939536527637,0.51880559756543,-0.3262995881271848,0.6152878640825372,0.24689392645941868,-0.019795925538592662,0.25736921943750257,0.3831899664646744,-0.1927296031369776,-0.563245005119294
-0.0029503540142763194,-0.33346947420316786,0.21158777359516825,-0.8047352377589336,-0.11498737717269013,0.4708456886324001,-0.12271878690137122,-0.4929276033551255,0.8446539923171685,0.1578216813917547,0.21557421119590608,0.09851244771924285,0.5247692854352638,-0.8854808685379811,-0.16582982399934065
0.16357887057150597,-0.24583525132045028,0.13933349493044708,-0.8243200234232456,-0.11981079778607902,0.4254426978467654,-0.05639417443000079,-0.4558976697952822,0.9007138402879682,0.21272529799974926,-0.02713873442826306,0.0973284856165444,0.38317608904479494,-0.6090142459096696,-0.3625720571867936
0.1652376688306822,-0.16915831575804838,0.03713971947974901,-0.7998399286069181,-0.14855093946590342,0.3446272817897852,0.28003069198116765,-0.42244426843550703,0.7997422654252748,0.19697518127183625,0.28832766117397957,0.19489286395106917,0.3996705237278722,-0.8773889830392618,-0.4018824341748429
0.057588060127604625,-0.09140327856499948,-0.05460317924445021,-0.8333236789876614,-0.630157309805184,0.20400360423101016,0.21367943374975065,-0.36986137256505575,0.722155258557678,0.295815730926217,-0.0029437350087514755,0.2319456393903209,0.38766126108311333,-0.5005682916431554,-0.41887194381364584
0.16143770791825848,-0.21449707325527861,-0.03697019105984777,-0.7306979940247765,-0.7020865718401927,0.2508615954146454,-0.3320597055029031,-0.41236949652911553,0.6094260570340937,0.28335839635357807,0.12526394525825815,0.13667741090752222,0.48246007043469374,-0.7627364583995052,-0.4896647695253894
0.24948859186992753,-0.36831471655528536,0.14916999586313334,-0.9471545123049199,-0.19103218277017078,0.6183851107952925,-0.5720696747048136,-0.4056320062977682,0.9060497107230273,0.08465752427486158,0.34261919176088984,0.1527215417475372,0.4137372790215312,-0.8080043708765372,-0.4481583258111754
0.21723596467968342,-0.3127933992386955,0.13814301017556613,-0.8672660961619322,-0.06311718928916606,0.5220844358145438,-0.26992491076014863,-0.43966384602462727,1.0930535381121185,0.09985998641140227,0.3617973959350474,0.09913640280143345,0.5470918923937436,-0.7927766545499431,-0.37043276490457566
0.17931000924964186,-0.14793267315886274,0.020069661639888742,-0.8205860275993533,-0.2483623543148787,0.2895550105042304,-0.3887335028293752,-0.46089742783193094,0.7159096867935456,0.31391693343704535,0.44084234341856643,0.12901030429669483,0.46802861350868363,-0.700848695569712,-0.45148094559817603
0.12682108964609404,-0.048507912807791716,-0.11897460329087615,-0.7718554137972437,-0.6288663998728736,0.08882899824798739,0.4223435607143012,-0.3964644550654429,0.7876575472404861,0.3203430843973478,0.2805097899286868,0.1983503474351504,0.5073907546102172,-0.12092320851209512,-0.5635313112048432
0.2132207950677076,-0.10832275890006758,-0.005162449400000481,-0.8262313058317059,-0.1697697533630236,0.34753390795194966,-0.03527160334065136,-0.36927111023958664,0.7507988082836018,0.29401657951452975,0.11271360113585105,0.21263403609587586,0.5212108253701279,-0.5899488167847651,-0.5371596479908923
0.10068364076441251,-0.21401461436743627,0.061904588042451365,-0.8702496557145974,0.13394175131240446,0.43563199447644696,0.06746067884664506,-0.4084324064163688,0.8228742157215263,0.08112361943945008,0.2840741927866142,0.11232946724595132,0.6581644982180732,-0.9849292796385892,-0.46189710172563114
0.18454225104110641,-0.35525493346806203,0.15512586000384082,-0.858807939854199,0.15285697793459052,0.47516846277819214,-0.10927342613369463,-0.4251709170059747,0.9037926781189045,0.08630424736782114,0.2389821252230121,0.15553626698462372,0.5002666635219383,-0.7761508113246683,-0.4061783334113543
0.24218300331635348,-0.21962518497407815,0.07301888154915236,-0.8581393231977313,-0.7396857824324244,0.3381904033297968,0.03860013424895376,-0.4484124831183501,0.8744954891085519,0.12708400570231834,-0.019209650594878315,0.17479526397648204,0.44981636780720474,-0.6315279379820495,-0.6104853597232534
0.16406450704486328,-0.26835607828888725,0.08884027810907504,-0.8056000875528438,-0.36673636487034644,0.38523762874218487,0.3610328431250788,-0.4254326484517362,0.9631772579414346,0.057609100819586284,0.2034156297239813,0.17677352034524563,0.5355090424028703,-0.38618580926713847,-0.46948250660222396
0.2005422590810748,-0.3570598462388993,0.06046515605923876,-0.834911704533815,-0.3484142659775931,0.44852116730369895,-0.08090232577880904,-0.3999478305595751,0.7759514664988978,0.09664720770520982,0.33921566660460434,0.1549571190298824,0.4796340382267467,-0.5333428344896256,-0.3512641142260904
0.2744638679799037,-0.31155718976083524,0.10169140573185374,-0.8785987203497226,-0.11968185928875659,0.3692625900855507,-0.5258239566823599,-0.4137895340605673,0.9747568706990396,0.15882921271025088,0.20245710670161818,0.13655133506740721,0.5016918281775433,-0.9231518042066673,-0.3924725676105349
0.2623190041144396,-0.39774693478780326,0.2248418306839171,-0.8915712559253888,0.10770316371084772,0.49336137174836087,0.031766330444365276,-0.4313105801061847,0.9876398160745692,0.12060341237150152,0.2691430953368037,0.0773194435971733,0.5478557410554359,-0.8835682844773621,-0.24514187794805622
0.12820041213991273,-0.4609184370109012,0.22791284675971588,-0.8829549111365437,0.01995804483531034,0.538228341976878,-0.548799093633348,-0.3664710675958882,0.983421376281636,0.03742711026374834,0.19686020827973943,0.12185550414211105,0.468648197066329,-1.1273590603002612,-0.33767403910229793
0.28387295288208614,-0.4692642473596877,0.3633641591676827,-1.0049320792849565,-0.11546197211807273,0.6193072780423499,-0.5155648681754443,-0.4967789438489262,1.1073608002096076,-0.005562360963767652,0.1637183940440146,0.03628418160019511,0.5424727410857559,-0.953717117260953,-0.18971197095011794
0.0589254777913855,-0.5315260876737966,0.36422397430838305,-0.9426871348358694,0.39823792878231734,0.6851827216174026,-0.2784887627652283,-0.5232253820175374,1.019962362187258,0.0489535037641482,0.4915285482980657,0.08518011936396153,0.4727851284467642,-0.9993150009427663,-0.22948541880939155
0.13899055464737742,-0.5177598073846519,0.3879598461196084,-0.8268195164236347,0.5186654636239485,0.680087285481347,-0.6169142255732959,-0.5561765481861796,1.1330652857634749,0.08954938902243957,0.40015882548527365,0.06510867918524293,0.4765067714429162,-1.0830494024189568,-0.16895026544273511
-0.012208373785840098,-0.6696495972026194,0.36263631209281627,-0.9992887576339458,0.3271233269070519,0.782209711801547,-0.6098690678598476,-0.5021786873171352,1.0756748504318845,-0.06461802686873946,0.11824135251590243,0.04168547547417818,0.4476271398840558,-1.3528505208373842,-0.23160081381261627
0.0859498474120944,-0.4583987555649325,0.27734732377647225,-0.920765135348789,0.11746485738356281,0.5126264010826515,-0.39541858584379963,-0.42049744320573984,0.9113340312250673,0.04043859545264084,0.3149417621132602,0.12356355411259416,0.5954219131427976,-0.8755955738583752,-0.3896159443836688
0.20197103116234763,-0.3633549044561542,0.19252237249152673,-0.9370097305586665,0.08417812618312139,0.6061837351372421,-0.5438632273949111,-0.45471928068533246,0.7986134971221124,0.11168751247952892,0.20867731664985106,0.1615005276130038,0.5376609236350345,-1.050917995140155,-0.229131622636897
0.06510284380793172,-0.2873674086847897,0.17925330176597487,-0.8645503077366606,-0.03166877922100886,0.46992331935459647,-0.10047289514292831,-0.4216710909991784,0.7517985236066361,0.18259523480681017,0.16129684424996096,0.15161647162570643,0.460823602195094,-0.7628575895440686,-0.4274559246337615
0.13819824510973944,-0.19528694530461055,0.03516131596307917,-0.885818349031327,-0.39628765162960816,0.3385516513195774,0.16113312266110552,-0.3953901132714404,0.7582335530638658,0.21263266024798474,0.44526425836292866,0.15144946476354934,0.2267844173983955,-0.8190878575502883,-0.5206817146254343
0.29736740443047294,-0.1261650743836285,-0.013574214136612216,-0.7794489494978234,-0.392225590455497,0.23889459649841377,0.15585285221082937,-0.3758454053631354,0.6652336391296609,0.23100958057712978,0.3119808003314199,0.1268176169702941,0.46154598232877125,-0.38718128917008154,-0.39367220031489786
0.08936486674308365,-0.38973832987311996,0.19452593359300382,-0.8593460774815674,0.3111835415350801,0.5182150356705268,0.08706880955117796,-0.4621994129921675,0.8996641924980656,0.17893887695746383,0.41292655364259356,0.15880885128971176,0.4321134844617276,-1.0326158858324848,-0.2223559807817883
0.029363705248021843,-0.25800933469218695,0.05809825373509973,-0.768801760142013,-0.23583796703577012,0.40815515015651455,0.05610980212699391,-0.4264375776223251,0.8769359241396548,0.11575712877212473,0.10760804373783009,0.13524047795053848,0.4557078992034294,-0.797088613649522,-0.435411505097219
0.3445138373817361,-0.38860883290742315,0.22000807762560093,-0.9403090186122419,0.16008667791838974,0.4549977721551759,0.0010784658572946157,-0.44108095028353383,0.9672733179238647,0.027435376378771362,0.19183894275044946,0.14383385353581524,0.36413201543064094,-0.9245641420110777,-0.3287332561788719
0.3630842736424178,-0.09058438596838977,0.0019002745922912776,-0.7911642406761357,-0.3810957889347203,0.22491180931440286,0.12190340270359148,-0.37612882845414775,0.6588393661922801,0.31716475834255764,0.18397120113826043,0.1751057347994344,0.35624341768936935,-0.24431669835822856,-0.4436357887851248
0.1993483793426345,-0.1183857772450835,-0.06407345990596902,-0.7258741108733324,-0.3010114292854034,0.20142577410407586,0.5564077777862194,-0.367640032614024,0.8076918663802465,0.31009470246339343,0.014048813248009075,0.19577337284467633,0.5328842147269526,-0.3446555383261915,-0.5710781264381768
0.22454122173473465,-0.058803249151899696,-0.054910129926777684,-0.7467538879206732,-0.7894358963693511,0.3051014332391631,0.0364276169775224,-0.3270613622894379,0.5608058230434348,0.21381711536242679,0.07469655928436171,0.21949247129521857,0.3660891946430686,-0.3226287396306048,-0.3605376249099776
0.21236220034661782,-0.21567169648592852,0.0050538481313431435,-0.8636618315421004,-0.18927600203543374,0.34811653050720043,0.17845517510791198,-0.44012258755047295,0.5820131052846816,0.1853680881723581,0.16333082504527915,0.14151622334204397,0.37609651324269555,-0.6318653110166986,-0.40846682808745594
0.02675795220666719,-0.3007237212859872,0.1284476098557035,-0.9992064458621301,-0.24775698956195905,0.41674693898566045,-0.010581026232648798,-0.35017046687489056,0.8519114819092358,0.11488343408818766,0.177555355621011,0.13769778627372295,0.402832396037006,-0.999924857888949,-0.49932385380763794
0.15148684918358712,-0.32871184044731877,0.1861934962473656,-0.9611266410087502,-0.32634739962477854,0.5809335829451595,-0.12299877455255442,-0.424496836282642,0.9773228958759108,0.05877805509294867,0.26326688746638494,0.07814954701651936,0.5319528461181287,-0.6309175936295496,-0.13520839287600542
0.1124578980831747,-0.29050365528091454,0.17530663278489098,-0.968217767892493,-0.09328657358330322,0.5303401860777506,-0.24435491048336627,-0.42310139697215843,0.88190569887938,0.15532696873738905,0.15785490434296334,0.12356229244915484,0.5283576441327139,-0.8832754921317758,-0.47161556698009055
0.18558132386992823,-0.28055672497665207,0.08686327309934057,-0.903374607894652,-0.07076591587842956,0.40785667710357454,-0.2974525509834884,-0.3589434676602491,0.7662059281784719,0.14769654139097296,0.3413322471653944,0.12151687062635999,0.6475566849023325,-1.117602978792751,-0.6951231779207768
0.1919965760690818,-0.42586106412040176,0.1952731592224329,-0.9704199113988607,-0.13215669857209136,0.5207535130017518,-0.1621344193097001,-0.4654472104603342,0.8887293866713474,0.0962148634758775,0.1682777402023722,0.139831533923827,0.40288259820263633,-0.7909015042669539,-0.34185973503160194
0.042450843951206414,-0.3333408940146247,0.1925416200012943,-0.9187944518162228,0.0077543916212484834,0.47278322224363634,-0.09635454006865314,-0.409337867707661,0.890076127156558,0.1629932413874699,0.07287170846799679,0.12039035128295866,0.3411165481304023,-0.875968036033672,-0.45221410497395964
0.23972165691538674,-0.17003461933386946,0.0353496532195958,-0.8051375499544433,-0.5970923713086921,0.18450393741001736,0.15058561606831203,-0.4012490157114257,0.8097203860452535,0.27807825757853655,0.2689201296981628,0.15267451553486608,0.3359414921291892,-0.5957843403080961,-0.5721615986843878
0.2547022999023689,0.01969811280459513,-0.159473082442237,-0.6461551681909277,-0.9566657656715689,0.12019543007035975,0.9296009254892429,-0.31069125239246975,0.4433939701628289,0.21346136936549143,0.2739420162829288,0.23753650864757592,0.3409868012596193,-0.34251437600654977,-0.47147767798264784
0.30029114500127335,0.15058798618731395,-0.33005930988746995,-0.4571536985789262,-0.8241508540995801,-0.0551116416384948,0.3715807150075705,-0.3193616345192957,0.5673181051912621,0.49156919952434686,0.20817880484528833,0.3135041575442661,0.2932776557498384,-0.14040507322523843,-0.6618105684249346
0.14678769529903019,0.11987059340947945,-0.22184462428568863,-0.5053334274891644,-0.7246091180336142,-0.009604629630842508,0.6676374990772527,-0.36223784695503997,0.5276744839245064,0.4194897872848192,0.12112507339478323,0.27895203962358817,0.33564387943085283,-0.033613160416528974,-0.5910504362840009
0.12669748812577752,0.013603250031242927,-0.2126631905129867,-0.5795168024869131,-0.2849376072060916,0.0421257516762098,0.8971527255929623,-0.36022158155830203,0.6564807589104924,0.3629321185969906,0.22350716339201568,0.23650881354120212,0.24589945961795495,-0.2574516734343703,-0.4370038550806754
0.2711976811944428,0.008556368692971541,-0.1479830615747114,-0.5807071747020176,-0.27773948009249433,0.13036563363958606,0.16043340366204373,-0.35565983580980765,0.6862281318576935,0.2677968329467442,0.2067439055498188,0.18651820391578303,0.49440392384872905,-0.10720181437156193,-0.4580562715852004
0.1674567236824153,0.07134964565408335,-0.21323160758203982,-0.5265587647825974,-0.8455793536171874,0.07037484805497146,0.5743085668617007,-0.3788320026219501,0.4071704765306251,0.2784294862598524,0.05130101601863757,0.2313501818382201,0.3476122108764724,-0.23797014567354877,-0.5572726386694357
0.17268701627258234,-0.0038442141225905873,-0.15188229577625523,-0.6892203069197257,-0.80561981005337,0.1033067456474578,0.8352267600893442,-0.25175675146756576,0.38882839867316066,0.26982038554068505,0.09612286228596498,0.23050640922892138,0.346080433257124,-0.38225196179619847,-0.5750167406680173
0.12816573645081286,-0.14448848008324988,-0.10505148202958742,-0.727867880917267,-0.35307142009900894,0.32420234514436047,0.09888925907747345,-0.32819480580017063,0.6759094626756423,0.22929821437988668,0.23075291953483743,0.19586582573991243,0.3430670373208744,-0.5535943244660672,-0.607954257956947
0.1463224803820782,-0.019101979762875008,-0.11702610009651597,-0.7438646720112796,-0.8248933048026572,0.20110887281481737,0.2682632851567711,-0.3601318443251388,0.6191430505448664,0.26928371862307887,0.03948884128078248,0.2491444261805661,0.46910028400374015,-0.3085295926258864,-0.7709305553908653
0.21881736993236633,-0.10337301293425713,-0.04368762414336008,-0.7126902128514561,-0.2177890926837279,0.22057241283576867,-0.27380371269558806,-0.29758305869774443,0.8649397945653448,0.2827929957559772,-0.00022371020569331737,0.21717235103426774,0.41304863929897373,-0.6698656444596293,-0.44892956829992897
0.4421502927629906,0.011293344690879135,-0.1576798926197055,-0.7027514582294171,-0.652646174254659,0.20275786217641303,0.3004012594064422,-0.3660192827436701,0.5545649081862275,0.31845837583899284,0.0030353225376342913,0.24534850542239378,0.2892882376788917,-0.1460976307816049,-0.39955514796956615
0.2133946398849998,0.0812368839356653,-0.18936622305471304,-0.5347401880047732,-0.5274433486549944,0.10778415526877667,-0.0799811971432828,-0.33396209516766967,0.46020642145868723,0.3520159040995242,0.22893380722369427,0.2628471044197401,0.27051139275680214,-0.056240637290057356,-0.3586297578164981
0.2541200777371436,0.13194625386381686,-0.25725271890950546,-0.5083515232927531,-0.4955508929989438,-0.08371270846163065,0.39010957119948586,-0.4126031515276942,0.4866028696167294,0.3715929898223277,-0.031558806744466004,0.2576914780301402,0.29094138973432543,0.4427740231759779,-0.7014383517784832
0.36916655991302993,0.3523192336356934,-0.5207779109312303,-0.18423428425722516,-0.8050597871570349,-0.3128502736431249,0.6707213242492783,-0.2993870892262689,0.3915385536058647,0.39994560360649906,-0.28439723271441814,0.36892992114247497,0.015580139831055266,0.5876563211772711,-0.6430190685520698
0.4051667515841351,0.2559830889276963,-0.411469138306342,-0.22250032604901987,-0.9031127037543089,-0.1890438655380952,0.8903462087224427,-0.23602899571831867,0.41604366136987403,0.44401507557751907,0.17132065038543084,0.3754213592637807,0.24836579124898397,0.1547117436046911,-0.8045155269661414
0.3610421976368802,0.33204383272503385,-0.3954033483566724,-0.2578054098977942,-0.860227637163757,-0.27582434523750565,0.8214842185568856,-0.286615050450516,0.34816286763287096,0.5415033206821874,-0.07828127582329814,0.3882398450637926,0.1514874415749923,0.3876015979935025,-0.7517431339865537
0.2742326146227246,0.35572373429950094,-0.4238781182498815,-0.2503129403705602,-1.2844668492219316,-0.29883497281800697,0.2718807119910128,-0.20354851237379218,0.161805269541419,0.45547717822463446,-0.006289092092296136,0.33856951842240696,-0.011772398022277919,0.2012067808416291,-0.8166789502926699
0.2903505724119146,0.21992340658781778,-0.34834464622405803,-0.49939088018891115,-0.6387657153492232,-0.099001321418531,0.4179705811975303,-0.27623947702677576,0.376523362423308,0.5043031972254534,0.054457751972566276,0.3201606867254281,0.0373466525396858,-0.16902373697216738,-0.6501364997875834
0.21096553519303476,0.13558970097743062,-0.25836873564986945,-0.4676121334468354,-0.5070794246316206,-0.052015972343171804,0.49721260768753817,-0.33664869446074125,0.3567088130817702,0.3754109219090219,0.1786158881010559,0.28737559773437676,0.3129742956604434,-0.22627546375350077,-0.6213669747060161
0.24565914446900114,0.05017947887301833,-0.18971511829965243,-0.6043485151238912,-0.6500631613074354,0.0985413703318578,0.48787948084927796,-0.3506275986759928,0.4946888167455147,0.2652496345072898,0.27804921025480567,0.2545638483080743,0.41119001875441513,-0.05961966106400323,-0.5546380539951029
0.27775187746296165,0.07493217977109079,-0.24392676594634813,-0.559454572076083,-0.7553081178899438,0.0194046694954188,0.4827451161353576,-0.21389438370078512,0.4045653986049911,0.19213421975818729,0.09973315860893332,0.19827320518458802,0.30992744716934667,-0.5823578499749448,-0.5283919898996878
0.264698383890522,0.102838518531304,-0.23647984686639403,-0.4938273944672933,-0.5651658224716442,-0.08335792233385202,0.5784337330000847,-0.360739303790377,0.6828710323388159,0.4142790015210504,0.0642493507284193,0.3095532803269801,0.2815754601514962,-0.10913191913944108,-0.5737415788856881
0.1347260406814239,0.1335443632154867,-0.2742239045348731,-0.5324070036678394,-0.2907130299623085,-0.05974829308696532,0.5667290544027574,-0.22740722960131515,0.535114367545126,0.49843329149209864,0.053244398114079765,0.24449182494785932,0.04997293112060022,-0.2907573631398882,-0.5713918242094569
0.4417403095758984,0.5056860815051815,-0.5798206386321487,-0.1297788189686444,-0.7908818487040654,-0.5116141654469177,0.5756714648459961,-0.25110178243645564,0.18512780868321208,0.5617393791886819,-0.1946913697923207,0.410031622103082,-0.11546244107760228,0.46828368231763884,-0.6612389542682502
0.5457091820135483,0.7283384259463574,-0.736248757749179,0.3057769366440567,-1.009322183665488,-0.7243618346682958,1.0363476444616988,-0.22405769950634002,-0.15528924115771495,0.500332283005672,-0.5093209683541411,0.5832775792248207,-0.35418974192155234,0.9988836007670984,-0.6670582839563614
0.5636392275346779,1.0330166415179396,-0.9921804607782906,0.8305333789890703,-0.8903950619109763,-1.112456837713779,0.8867844530482506,-0.28074714361935155,-0.3053225072056402,0.7273813117163798,-0.6509209750086484,0.7640902130735427,-0.6392345724164678,1.4158729255631588,-0.6522526094762477
0.8147080747520755,1.2986737134589343,-1.169210285709208,1.2223227149633704,-0.8284336341140304,-1.3753594205763067,1.0865214102250356,-0.2564279449915065,-0.4846300034281069,1.0485867452136688,-0.8515412018865867,0.8558604238884173,-1.0947408743940148,1.512213463693256,-0.5010606074552686
0.7870179870986991,1.1255708268111655,-1.0770968449422718,0.9331183213379046,-0.2607778084028046,-1.1313125706097653,0.6141736469500021,-0.266837866674213,-0.5804938466041025,0.8407657497904205,-0.914090253496874,0.801020091663985,-0.7730003687745121,1.5927429114704474,-0.5541235491641806
0.8234038285648775,1.3952207154021237,-1.1901342063611684,1.2368504640737668,-0.9288223684375159,-1.4075076234474588,0.5855449003992117,-0.234000017363446,-0.6694467030704531,0.9916357472166611,-1.1545531385076901,0.8424462020761672,-1.1565918272391702,1.4281787500909966,-0.6635686594492222
0.8849993960884945,1.411864122286648,-1.2487984757993418,1.4763543080489387,-1.0141596504963766,-1.4236616541034035,1.0643369564714533,-0.29898311145423495,-0.8553668158084711,0.9721242663543647,-1.2367513026798724,0.9598910199120179,-1.2666910163580387,1.2674233622522677,-0.5838574265786227
0.5597514768354459,1.0248932301141096,-0.9681400364565971,0.7819772266262198,-0.746794303119721,-1.0610855510840405,1.3512529063203473,-0.24547307621148917,-0.3926350503494543,0.7105844073904851,-0.5917764605226544,0.7240564643944148,-0.6202992202184222,0.9298255666727117,-0.675185614553017
0.586813310360513,1.1250101392888388,-1.0031499217787496,0.8496843294932136,-1.1797007186896689,-1.2140118044938133,0.9331310252863919,-0.24078468763074934,-0.34301428634742515,0.8002411142407565,-0.8240206587729899,0.7261771819610924,-0.7385234809271413,1.109699208762918,-0.7149388541984287
0.49976832648490127,0.90048114202956,-0.9053043539080089,0.4322292870062038,-0.9237913422882534,-0.9200088096163006,1.2577049515324306,-0.25549070713419186,-0.1451190933603597,0.6248641408540897,-0.6355782346154408,0.6021057386727121,-0.5303086339317497,0.8163884505908214,-0.7090906688882352
0.6634944397567535,1.0082589338032641,-0.9650556875055407,0.8146267387748263,-0.9291358153824796,-1.0619589885784588,0.6676239748559607,-0.26929750429051846,-0.4430027090324709,0.7653554358365489,-0.861482800631066,0.6830697319597027,-0.850523112001701,1.218271614616952,-0.6718620215794487
0.5306688338527124,1.0812326080914383,-0.999645007145335,0.8132281184868098,-1.1374640344660851,-1.058616748588744,0.931006193577901,-0.20567204816991683,-0.3754933440900323,0.8364791242126024,-0.9912738296102243,0.7142077918190699,-0.8271663681614124,1.5136638444349213,-0.6531091009533745
0.6400312448573715,1.2728470387654045,-1.1856389857907315,1.1750633178669538,-0.9897074680228977,-1.4107149020539422,1.084070673970938,-0.38957166512317487,-0.4851643585010465,0.9416374229437364,-0.9656823942469157,0.8018053463644109,-1.2178994403904468,1.3901453099519272,-0.5584467295828122
0.6392025836641502,1.3755645909216325,-1.1543913417265936,1.2174482630839278,-0.8395457921851797,-1.3324429793809298,0.9882176851008785,-0.2905939292916019,-0.5675753224381062,0.7748548951917544,-1.2284009592942045,0.9093364850466613,-1.2568414995025305,1.6711730234974438,-0.4964145717390452
0.5522341527928989,1.0939267949607807,-0.9881743187649594,0.9171051807203308,-0.8507232611482705,-1.0926207237663248,0.7120295421755193,-0.18235494943227457,-0.5442670681680628,0.7816034922831286,-0.7637367302999931,0.7307269313733165,-0.7355525967382412,1.1588836919442722,-0.457417414148823
0.9403711891955538,1.5337683761823457,-1.2487636958174313,1.4932087794257185,-0.7114967538319806,-1.5978569571328065,0.5984476234558874,-0.286724001909662,-0.7497563845769529,0.991452836403959,-1.2755965443432862,0.9712926054820663,-1.482905585798116,1.688935104955825,-0.6133029779699911
0.7535161823372365,1.3041331724623981,-1.168716740690772,1.2538706266176902,-0.8341013339286084,-1.3646116477699126,1.0734315004152044,-0.27183244050005856,-0.6894543331325661,0.7308957907905147,-1.1032053761662,0.801621776087949,-1.104900317256312,1.1591338345161815,-0.5181267087450315
0.6009619993608886,1.1355958810001876,-1.1563001050066208,1.0455049721615324,-1.234233831792573,-1.2349417820887365,0.9854222057096355,-0.22120431127727674,-0.3570629564127992,0.9337704974619998,-1.0877451733301715,0.7849988303212202,-0.9028590396254915,1.230886605999037,-0.5670211918901029
0.6500848752400931,1.341884365238857,-1.1877625841680621,1.168354907605113,-0.5200841429648594,-1.4576882433464364,1.047576255222531,-0.2526659982136586,-0.5740653111334716,0.8922390024411382,-0.9922654708530348,0.9033614610586038,-1.14622550707865,1.329089878890585,-0.6576601451483898
0.9104343433719561,1.7452351847365124,-1.4953694477367057,1.8291341908796415,-0.8118809343658134,-1.8786172574054438,0.8257311132014141,-0.3923603971082732,-0.9064598382865576,1.0854416956085318,-1.5432210606134074,1.0479146176756438,-1.6881833160351314,1.6510272587292358,-0.5210796520179516
0.8604226197463063,1.5507258646915276,-1.431087923432237,1.694325777619046,-0.5206262348045541,-1.7464784605385832,0.551196281606179,-0.34836989432239857,-0.6893192735253232,1.0253036423523405,-1.2604085952820085,1.0226371109717776,-1.5299944397738878,1.6913983885242907,-0.4184863248054378
0.9967096250567629,1.7191660530394524,-1.44130984306764,1.9186086996712144,-0.35501537267270467,-1.8371046496310308,0.7189069365437027,-0.46703661215727266,-0.768750483333235,1.098454143160932,-1.6537316059771558,1.1045922400604637,-1.546730342486926,1.9150656354837088,-0.3964720716880044
0.9634456826726691,1.562124837355148,-1.3168416207567868,1.5828336752787189,-0.6732693112304118,-1.7347813865315589,0.8008531721868019,-0.35632784445472476,-0.7894795555958307,0.9905291005162559,-1.5567241626917476,0.9992001714304787,-1.387902638260371,1.8434060891620436,-0.5080879204443635
0.8961805573138913,1.4699993768719908,-1.2813019487065063,1.5209917827216395,-0.702930404483704,-1.6678824215520052,0.4364423732596486,-0.30879566259890384,-0.7802910670454872,1.0198603875059045,-1.0804416389701,0.9793080583935627,-1.385915342651613,1.7923877231781074,-0.37758208423249684
0.5839949760543532,1.0374157990096158,-0.9409274993909592,0.7169445339604685,-1.1073857582087139,-1.0260039333216566,0.778346496821176,-0.26812244609240354,-0.3513835296293062,0.787523522689503,-0.8333325729571326,0.6598789286338972,-0.6501658124829245,1.0227250815288726,-0.6669931217170008
0.6929438092457101,1.0137712122215732,-0.9322213870819166,0.6749027032478041,-1.456757999725868,-1.04554044395302,0.9708858886650202,-0.19530264906892592,-0.4022197078815947,0.7643590234334865,-0.8668609495400711,0.7053877209169293,-0.6314426935001201,1.167506275415468,-0.6768932841917018
0.7414871543453357,1.307429472034376,-1.1163835478136508,1.084479119079494,-1.059370298762185,-1.320343566440943,1.1135825288623409,-0.2775034803220839,-0.5814535375118727,0.8097715314778982,-0.9489847659877902,0.8238058485410493,-1.1423052078118172,1.2345600336178448,-0.5218816823321373
0.7017234167071709,1.1483407818317242,-1.0600209906026399,0.9463644879934777,-1.0802385653265736,-1.1708956091274123,0.8865631703059706,-0.2931450367834846,-0.27850860350828627,0.8978510646497014,-0.8789931564810545,0.7362387469007744,-0.8391393411314246,1.2806591991196008,-0.6350974863397997
0.4807956415263195,1.1319493824451854,-1.0376238279570817,0.891727570386567,-0.8556142723733272,-1.1519780177662424,1.0734706693898115,-0.2974236628008245,-0.43097510159722585,0.7651007281789817,-0.8424319209208019,0.6942452298858826,-0.7696484713393756,1.2694405561878324,-0.5119190312519116
0.3909384178941734,0.7020374360775569,-0.7683254396178206,0.3239847406268625,-0.6884322118906383,-0.701470669725125,1.198596177105466,-0.27080743214082353,-0.10441950032215683,0.5710928286987357,-0.42929434690910256,0.5397258958991279,-0.34036554251633655,0.8369633255947749,-0.5936118269767668
0.505402987694914,0.4895551381231834,-0.5546349551166049,-0.03271834217108835,-0.7293570010207897,-0.4237894275993706,0.37324817805720195,-0.23562996855453222,0.022338688459668552,0.5667289705272042,-0.1940661423749894,0.43612205376353325,-0.018914464633349615,0.5839633727984694,-0.5194772259872042
0.2643315433461297,0.4608330977660002,-0.5262887930707971,-0.1389515067550811,-0.9028202747692217,-0.35942806741281774,0.8492640568335896,-0.2691603245814551,0.0986784182903646,0.6218470019628479,-0.1472491515829073,0.39694574439072383,0.09425284684514454,0.31242750288050514,-0.6733807489899392
0.41388856529194723,0.13828211052702385,-0.23092161604491293,-0.35750504105536757,-0.9271778024474528,-0.10861941876281848,0.5132135744067692,-0.26140260747997507,0.41599057827438884,0.32963509274291736,-0.10342166341104912,0.3205648879339187,0.1972379870801528,-0.2280644616064595,-0.5024073840971914
0.39499637405635724,0.37355761058716724,-0.48706466722476993,-0.24294811562999466,-0.9505411216670442,-0.29721803965116045,0.9491240262122936,-0.2506260894394021,0.1626774941193852,0.36701651148531605,-0.07929225565327427,0.389662724979528,0.012269451576602138,0.08404816351434456,-0.7706010905285455
0.43790280326172504,0.5096030597440624,-0.5468229947842682,-0.028548805754437162,-0.9734300049074037,-0.4206678060519433,0.6712218977465044,-0.2776753218657297,-0.029365857742867308,0.5062616074287299,-0.16841754371883683,0.44885936535585935,-0.1455932609396105,0.7487487352475264,-0.5177028801680622
0.38954302201561664,0.6563817470591579,-0.6872821297972249,0.1993331366110428,-1.0157163274438703,-0.6714490703712048,0.8232301337711938,-0.19451538688996015,-0.0528470172593006,0.5886496524329374,-0.28666801716424445,0.5554466076892682,-0.2931304792217782,0.5848953197525519,-0.6078775188637556
0.5274687488524099,0.7190822710642689,-0.6958616522575871,0.2741652173462804,-0.7460123587280021,-0.7613233188882361,1.090136754815036,-0.16266379080693646,-0.11292558969355616,0.5182933977328988,-0.4007127744879918,0.5536409700292875,-0.4925288610487515,1.115744944881139,-0.6735784303213135
0.5270042411622688,1.1249028478995782,-0.9895025497329104,0.8256943157043325,-0.7818628634728793,-0.9888566184389551,0.9905165798585069,-0.3069449129349211,-0.578486951187853,0.7375256021504042,-0.6254887316564873,0.6976415921289632,-0.8122966672399635,1.4465508288928604,-0.5519391705741779
0.4896089887629976,0.88416582659327,-0.8540976372721237,0.5238164653632098,-0.9003124652026359,-0.8565152789011993,0.6755807622645695,-0.21429711307686206,-0.13955527423285044,0.7229274552959795,-0.5190143683358215,0.6131995115370175,-0.5344202871247988,0.3456163313240093,-0.6123462481615598
0.31491310388664273,0.9133616355110579,-0.8578622309908808,0.5788697607010754,-0.9538791508966127,-0.861867047106482,1.2194939413897758,-0.2597134775116043,-0.21978529466581412,0.7773698507735212,-0.596852578350862,0.6928935665355923,-0.5682394201150868,1.0444179952693835,-0.6994023181049251
0.735884297416636,1.2306978835932094,-1.1746477108474733,0.989787643714134,-0.7369328714707764,-1.3498149616984645,0.9161308625029162,-0.28941484848484766,-0.5431942315291612,0.9676107360490718,-1.0334408723699198,0.804872468938394,-1.1085141530498646,1.530717674945632,-0.6072835101563959
0.9373643468326105,1.5015536754867587,-1.3139448527486675,1.5312395745898295,-0.573842665289585,-1.62725915810244,0.9405523683086526,-0.3182416538574846,-0.6928069007964949,1.0162297462055345,-1.3110863661132963,1.0048505834263477,-1.1617535078419159,1.5392317761456462,-0.6848266112466378
0.7921199074013809,1.3535882685184482,-1.192723708819034,1.1820960768934665,-0.6904221568727831,-1.3742926785203702,0.7558455382046293,-0.2249495565447776,-0.6499919773612872,0.9553933858701305,-1.1294878602131369,0.8351955587882464,-1.15475681693904,1.4511254751021163,-0.3121177630823253
0.7083360337826199,1.1354599057874541,-0.9607786113060166,0.8111022930273868,-0.9918526566571473,-1.0104800181495244,0.7254117208021897,-0.2588337967280647,-0.40128420701885015,0.8220171567847123,-0.5867823610791794,0.7146485754373392,-0.8551387493434236,1.3808746073836269,-0.7374417970887094
0.43608611866921326,0.5511013429739424,-0.608806494837925,0.0762867504599246,-1.0922628178291078,-0.42701207132632585,1.1266610295417696,-0.2873664524213752,-0.011274602234872078,0.5241779035172697,-0.42456873391725913,0.4369779838723905,-0.05468700056115758,0.565280231154471,-0.5670139806468641
0.4086443415326938,0.006843597686651228,-0.17297705224499982,-0.635406812248563,-0.3643111764178459,0.12329988637509902,-0.01624648668393797,-0.3687523067870675,0.4740200003903781,0.2338685919273899,-0.04113085901768453,0.24865699073270034,0.42706751075137905,-0.288299680969307,-0.644056350901489
0.23797527484314013,-0.054660512478772835,-0.12641066783218352,-0.7454475009662259,-0.5247323306061017,0.16850970383038738,0.163282349141386,-0.35889417359250847,0.6644459595337667,0.3109695055698834,0.27137115278792284,0.20178690735658456,0.4302281719836749,-0.22823391686713776,-0.6816226258541512
0.2655212523476864,0.102109219940166,-0.24175125329766478,-0.41133829052643456,-0.7172635937451219,0.03546257608674968,0.6896334661364396,-0.2938922424068825,0.5511121242881448,0.2743547990675047,0.04794227568763866,0.2730425697599368,0.2732953805180077,-0.23838022965991656,-0.5222070766580853
0.386590537113114,0.47493010160801674,-0.6003703978216779,-0.10458780497555845,-1.1766382257663284,-0.4290592630876006,0.8960562644209858,-0.18733016385274942,0.020583948929653793,0.5592803001928849,-0.19343797305811958,0.45744420993717544,-0.03358214059050352,0.5916107902871957,-0.6308284009885192
0.3072701705478889,0.49098162141831103,-0.5977903012430639,-0.1686170094895768,-0.8522909021237425,-0.4365141775486859,0.8137967644719607,-0.300811449109363,0.3052880991609643,0.46100578815645354,-0.2755650020720882,0.4017062469970188,0.009921007348487988,0.26682054312230624,-0.74205282502965
0.39256355624654005,0.577295905571967,-0.6677866636101166,0.10023503136240974,-1.0568422454813646,-0.5448076392106175,1.0549483914286337,-0.3266969778090152,0.19341879741312365,0.5718849356878409,-0.30772340655811475,0.4493500202466606,-0.3752092527274533,0.9576326938133266,-0.6174006305408304
0.5468166363043742,0.7173039344461689,-0.7507366108056058,0.2198021291996133,-0.9128316830988131,-0.6636274235484387,0.8497467707677265,-0.21651547080580427,-0.10583432824376322,0.5371092850849246,-0.4602813684963314,0.5314609201218302,-0.3453786678843318,0.6693794218746161,-0.5596108009985657
0.5531075322730347,0.7995614269226584,-0.887115511758476,0.3379291861201433,-0.9452168235011631,-0.7824282157466751,0.7126371189714243,-0.22766799141029156,-0.17752427575759874,0.6845994265684885,-0.6683101959074902,0.5788159136189013,-0.4604833008909804,0.9519954617948317,-0.6956773092805897
0.5235345889751175,0.7863055135106978,-0.8341175238980864,0.28601174574263977,-1.061592231736658,-0.872357907729563,1.01123480778172,-0.2779577483224406,-0.1201141916597584,0.6804499375857704,-0.581727885357516,0.5965389845551969,-0.27607975213190794,0.8066414383561011,-0.7379086998256198
0.35758423951486,0.5773447599160515,-0.6091230227001936,0.035119369979354,-0.9233226969617468,-0.5236256932427124,0.29920606134731825,-0.23051569309167144,0.09511437117823839,0.5731503209655473,-0.1881092155698801,0.48187279617873163,-0.05360740726414727,0.550141662915901,-0.6846636296008124
0.43261777764419024,0.46922610475285004,-0.5542912252552743,-0.038854277325585114,-0.8188859641326076,-0.4970249224552712,0.8020041250002792,-0.2213123007511183,0.03897046636745698,0.44110839082383496,-0.2678036458735593,0.4159553154171165,0.023404930106635545,0.43761614076076155,-0.6466810633947084
0.3911200553586664,0.5132007705493217,-0.6285905568299972,0.13501118696171346,-0.548920406574799,-0.5120673523724842,0.8087304230340651,-0.22864016245375654,0.06409207246667724,0.4689978000142761,-0.2662058111172829,0.4650002607266515,-0.013624392400411472,0.8010926635810304,-0.6130018620273033
0.5318137698336513,0.7644110571583872,-0.731944977643324,0.26682087657010345,-0.6942401502116644,-0.7990187116864754,0.9757757250310888,-0.20615700101103568,-0.08966950522392088,0.6141985846121271,-0.3889592294350577,0.5567348386314602,-0.44364606010549174,0.6250959586171478,-0.6982949378482595
0.6972182237661595,1.1110226248415294,-1.046260422694,0.8886431047166536,-0.8004714268951708,-1.2258415525354687,0.8004003861654357,-0.27063114012223854,-0.4726099866528443,0.840656479298122,-0.9623061806747925,0.7135607267103936,-1.0538672400333315,0.9896283228582567,-0.5163452732648838
0.7155736706827343,1.2009840598310284,-1.1383053091221613,1.1450790914339661,-1.0686874911964248,-1.2783744443802143,1.0953293683017726,-0.34663843050765436,-0.5230509626255214,0.7502813263535557,-0.9155939365635486,0.8012297736165382,-1.1261349738212327,1.3723282711085145,-0.5852760458019243
0.7172142262934018,1.159842953804768,-1.0571231626604063,1.0597040379931895,-1.005688463345113,-1.197272225055821,0.9600864423401442,-0.3151042162770767,-0.5065659439144229,0.869476981916012,-0.9133056690529745,0.8136372772200069,-0.9469541979291036,1.4820970723287874,-0.5868940771285134
0.44833851641563566,0.7328324832866103,-0.7232980130480922,0.3021184455267925,-1.2557949329711084,-0.7656048393346421,0.6776271739372943,-0.24313003133464514,0.06856356304942682,0.5185671385519787,-0.6262258184221096,0.5010410815812448,-0.3514451606994726,0.6479704435137206,-0.5677487259142004
0.3082209934010114,0.6998867907219484,-0.7324036692679464,0.27837744856238017,-0.9197653317883283,-0.6912837455327939,0.5883048487719178,-0.1994456360753989,-0.06888788820410299,0.5170459608894841,-0.4997826324171371,0.5227238333651427,-0.2680702555473804,0.5837726849163218,-0.6591961835933996
0.3314737833591324,0.5006002853540945,-0.5569831087767934,-0.15500683987439337,-1.097626369770391,-0.4106047656857216,0.9223019180559957,-0.2627017088147667,0.17117626503241043,0.5634384746552825,-0.11913368793899684,0.41974633802238615,0.13052681904758862,0.10809529968353129,-0.525572594494121
0.45299050308173794,0.5123794889721119,-0.5825924869091439,0.09681988692859503,-0.9390643011263441,-0.5437600517692447,0.6933146711716739,-0.19788970888077456,0.13305568136843351,0.4726077282871975,-0.12788513588272976,0.4837040168146357,-0.23214588520443188,0.5840590344269554,-0.6374725515054984
0.5092431919913631,0.832046129615763,-0.7959268039024152,0.4502999417814319,-0.9578816143430378,-0.811295775872675,0.8855207118695414,-0.36512890143010823,-0.1519686909382654,0.7339917560113751,-0.5936605835103559,0.5448225223201436,-0.3909916787595698,1.320954953520832,-0.6721550071786067
0.6323081680943701,1.0024027330206005,-0.9984050625680204,0.7005520594704784,-0.9786475220489498,-1.059048219607569,0.7027966815430697,-0.31314797396587807,-0.43838318590386577,0.7453085114183972,-0.7483914308539958,0.717900565297249,-0.6336801676782757,0.9520084928882885,-0.6648864393713295
0.6172121481148082,1.124485289146661,-1.0931159924423033,0.8878259096444485,-1.195063455609692,-1.188464824160507,0.9285057778007468,-0.3103637271336848,-0.4035139749721558,0.8581092017865874,-0.7831975202120585,0.7652144229716811,-0.9102517355295091,1.2089827956239052,-0.6401646412596653
0.49718318699727837,0.6390069730351894,-0.6947709857814672,0.12541798987996328,-0.8075971912113861,-0.5937833961523051,0.8238698699973136,-0.1557739597686462,-0.04314130193483423,0.5297322911650434,-0.19379164101616198,0.49308193606910994,-0.22359552919628561,0.3871639956972091,-0.6122818166418074
0.5352905695477158,0.8336335791694972,-0.7643800057232075,0.3965776451312107,-1.0548578675186977,-0.8379743610896259,1.2183665970078192,-0.2702280851233177,-0.02041600925051314,0.6939075734112583,-0.5349772824862034,0.6120269530383395,-0.4178705704866623,1.0862047559229482,-0.6516069224343949
0.3895500681923203,0.5848645755224414,-0.5828078084407259,0.09645440499517491,-0.9118055938461134,-0.6146868951094625,0.6857919319405732,-0.30318278419138855,-0.10792724025741846,0.5003813091567694,-0.10438724965320209,0.5034425212184979,-0.08289883146420894,0.4872211518299119,-0.6927341130836009
0.3602004858805119,0.8054241260726601,-0.7907812153299588,0.33373505320885566,-0.800534179370457,-0.8103774002498053,1.10957992016755,-0.3136107116118568,-0.23514630881038223,0.7006116551079223,-0.4553274902733535,0.5690363956499224,-0.5524893463105052,0.9639868659550218,-0.5144530822807145
0.3687594816892694,0.5336190370154813,-0.5619926915093845,-0.02884041507458953,-1.3191301463793839,-0.47170527105132115,0.6423846631023691,-0.2232184184359065,0.03995544242379931,0.5196033212755468,-0.3196203106916186,0.4352351777095832,-0.12023455482679343,0.7910022629256183,-0.7299077902489989
0.3940701900872866,0.4375726127066344,-0.5388341149675142,-0.05895513349598849,-0.8732061008631389,-0.3149642662819638,0.4400895265141553,-0.33636144212379676,0.1551899806397033,0.51060985397935,-0.08798412571227747,0.3942972164488658,-0.03292986136676126,0.20825580277697278,-0.552886191847201
0.44257202221430075,0.48993703507192,-0.5566281080892757,-0.08019296034607842,-1.0884478630809087,-0.49527660423059855,0.9398795472658357,-0.24200600771353353,0.18655337853204051,0.4621433375936502,-0.3373931333348332,0.4437743674798436,-0.030894279544651265,0.37272784320172,-0.5322485208210429
0.49670795147654806,0.5353658423131391,-0.5662589966781885,-0.047034103188341725,-0.711504756222939,-0.48619402774358145,1.306527153803348,-0.28473215560925136,0.2325581949753532,0.5498709869077876,-0.08916326553456044,0.4186747791610192,-0.12847174518021917,0.4283619401626394,-0.6189978582661754
0.3329830239253014,0.6536757191149775,-0.7098645983113492,0.13642450144642346,-0.6974600356268896,-0.5910863230136648,0.485997781827121,-0.25651441410875087,0.029613861728667704,0.53565081873506,-0.45785629503704417,0.5613513279918205,-0.20282157971877635,0.48642858965477986,-0.689602277542598
0.42045545921776184,0.5037696118890289,-0.6056561471999983,-0.0786115435452904,-0.8168426537132183,-0.46380514998673,0.9518202201198199,-0.24426564086537847,0.22439975451825744,0.5648729251346086,-0.18387887118268986,0.4747513246713502,-0.1896832680663039,0.15600143955358217,-0.7124318040199529
0.38188500085248617,0.5787809909901453,-0.6855538737769707,0.1477291328777989,-0.9166993043913627,-0.5316806236941984,0.5835501929494903,-0.26370824110550745,0.02669854278750677,0.5683473320978818,-0.1981294810642626,0.4731107427029541,-0.23540381045212486,0.6271218656271879,-0.6298668336104688
0.4479394508771305,0.8480657435004814,-0.8861731141169227,0.45903910237095713,-1.5037577497261647,-0.8676341372370583,1.0758547818643958,-0.2729666697581951,-0.155868392278341,0.6834884450335728,-0.5951617796428569,0.567666694689085,-0.5905783019081826,0.748859003669083,-0.5962124902645031
0.7309428774494101,1.1055801232728806,-1.0748859683242333,0.9024373547767275,-0.589797459467825,-1.2193375024907647,1.151691454074368,-0.28959589950861936,-0.4502546632160127,0.7727504591100071,-0.9109703510672185,0.7299435286399183,-0.8906718284976141,1.0684275289665788,-0.5996919757448842
0.4678882518223096,1.0352386313981914,-1.0051956578273304,0.7617753132513393,-1.2576166513121247,-1.085701604020069,0.6123178459652064,-0.17913991232902446,-0.23948382306772706,0.8839265014813023,-0.8004492817059565,0.6610053098636794,-0.6139301370181135,1.1962333928304494,-0.44470795721405354
0.5314135279920501,0.6664566645251343,-0.7170384651307004,0.11475412257292641,-0.9700381740006908,-0.615025732240462,0.8279834297877161,-0.23649235175552352,0.1280314469006712,0.7009966926815042,-0.5450454818501026,0.5173804420075815,-0.161667842150534,0.6903328012199145,-0.5917502740494364
0.3666136426195125,0.6077202109216512,-0.6540834026732543,0.05477931054361266,-1.0102743551219757,-0.5382454267432961,0.7678211485484988,-0.2527043018608299,0.03245743427885271,0.532513719252533,-0.43941374470970296,0.44623916024359184,-0.1710641387470746,0.5195708301606276,-0.7482673212749232
0.37944429838539045,0.6306578386955363,-0.6463708959532286,0.016380548177428775,-0.8081117277601471,-0.6626312302726522,0.7155489566199976,-0.21343076221670929,-0.051793188640087924,0.625261438287118,-0.3211840624027933,0.537208425304551,-0.06555873729023486,0.6850539189806254,-0.659405029263576
0.49414982233541044,0.5544043665805596,-0.5806042088334782,0.03714544190670718,-0.8439082743016277,-0.5381883456930366,1.0012244881994667,-0.2793330277240512,0.2304899809416057,0.5001597136040468,-0.2519606635344174,0.4927237522810329,-0.0792196626407474,0.35523383508571915,-0.549876817918263
0.3012824403930635,0.2958933450626283,-0.3928628808699589,-0.3307470131754909,-0.4784013820401346,-0.1776918174518549,1.0986880959896201,-0.23230006412261758,0.40798913009931886,0.42158763270689537,-0.104113923585081,0.35174859969917976,0.15973054225976574,0.1914797343934244,-0.5076636722410893
0.26045990151150084,0.24626039836444052,-0.39802526254187676,-0.32612097209011687,-1.0025265965946675,-0.13254855213246447,0.6546658133145188,-0.27964937295139103,0.43451987849739354,0.4293176175414614,0.20353251755621188,0.3516841110705812,0.25240393180131754,-0.2927685135081512,-0.6531733004315784
0.4402998071065824,0.22769772181028394,-0.42052841572626415,-0.3510627669408866,-0.3929508412845366,-0.23705550258368732,0.6669430054124684,-0.3104143866840659,0.19202342460459088,0.4304154841993605,-0.15200750523007203,0.3191835616222984,0.11372211090251881,0.02690271499484828,-0.6538715435151726
0.18306794482666902,0.08261198970308999,-0.2310040438772028,-0.5730835611813323,-0.4922053364400652,0.0042679039811743475,0.6913186388206252,-0.3138607959496089,0.4450558782767448,0.4180548378803139,0.08852175228733422,0.30441455262345823,0.42555678419152004,-0.2361294600047071,-0.5199096906470861
0.19103285773413656,0.003285507544372804,-0.19381702509587628,-0.5159086525403983,-0.2928321921337142,0.16622597336495334,0.11403541260362682,-0.31347819015425854,0.5531945834450321,0.26543951375826297,0.09698516499377262,0.24511019800687203,0.35744448213860364,-0.43835796853188763,-0.5838199710569603
0.2555324044912014,-0.16279547430557506,0.056386045210280095,-0.8557458211620869,0.04986357059197589,0.39038014904216867,0.024848338961339235,-0.4598839162842729,0.6314533214854501,0.2999079254626531,0.3114284375466877,0.15032753182273656,0.4944897344327969,-0.8086229280047444,-0.36056148349466216
0.1266754941700305,-0.27078472134763304,0.09596871722875465,-0.8892405017758538,-0.2905218275038327,0.4242997164370221,0.08594629017590644,-0.36122464331859927,0.7255508602833384,0.1783035625557143,0.3015316152965259,0.1602607974311872,0.47911227495491804,-0.70345181366344,-0.47327871018871837
0.1952825726929074,-0.021703598563349413,-0.14146687606251823,-0.6902758305152807,-0.4357858320554154,0.1585208857807213,0.44840011407480107,-0.38323934307296514,0.7234529743686318,0.36168804300136714,0.0797232847405813,0.1977663551985639,0.25812675646743644,-0.29491865974554166,-0.3458772688546631
0.25987489996528434,0.19065390995665282,-0.36386272029167976,-0.48249826911527893,-0.5553489731305252,-0.03753475889640383,0.7482105403621772,-0.24951662387670784,0.40745213194445623,0.3531435170034228,0.20957373614423846,0.28138159025675863,0.21668110666321344,-0.006239667166205751,-0.6334698578798572
0.20316953258156153,-0.09609540006936083,-0.06575536587738147,-0.7359415956006253,-0.2568852201597743,0.2016736235653884,0.21432895695697407,-0.35764443995392364,0.5541205031702175,0.210564204657081,0.2361838175305467,0.2094610148597695,0.4174620145504213,-0.33527903063636316,-0.6180348199247613
0.19593979119223268,-0.35967976421170006,0.16743837397065928,-0.806266851959488,-0.37572493812031205,0.5454097082557657,-0.24878944344417137,-0.42096022057341975,0.8167167866047035,0.11003580198280272,0.11532288560934613,0.1539190197681222,0.6611744018212669,-0.8914385998514325,-0.42475864881684133
0.27811161310367644,-0.3350104449873104,0.09397399577089369,-0.844585352410305,-0.17574230007496333,0.5023249602849593,-0.06825916667159769,-0.5053038066944234,1.0426201781595819,0.12380593830565693,0.2972630886499408,0.13072408055940932,0.37842667716619166,-1.0850291725506571,-0.3050007885348757
0.2383953819680293,-0.1832025954022735,0.07638271108164131,-0.8383343585795175,-0.34354142965697293,0.3026929594788718,0.17626400297154982,-0.4239190441656886,0.8270884315464958,0.18649879529789745,0.35294191377673506,0.14355876408928253,0.4154403640414102,-0.6542956011480069,-0.27828690763771735
0.19027291229739898,-0.43608550839924354,0.24824262326057117,-0.9642950031508521,-0.1706311073432072,0.5431536987516731,-0.2621736418017536,-0.5260683382042547,0.961666979697611,-0.002569640415636248,0.15361692161201113,0.07611466320634239,0.4909495517174389,-0.954804925966181,-0.20440949269003889
0.28331706019259023,-0.2938647260490702,0.10263764651379105,-0.9180659712720959,0.10691158230869173,0.4744733237572569,-0.24465946825712903,-0.4306252195154412,0.971602443376723,0.13316993024618046,0.17790364347897683,0.16265296121629713,0.4313503322831046,-0.2993793940205943,-0.3937915403774968
0.17532485410395854,-0.24601893661625954,0.0030237696330090865,-0.8563660072907127,-0.32492224288871085,0.2956001111955515,0.2801767688017499,-0.4492797874548661,0.6813293950920695,0.2590718144035686,0.24978890530717116,0.22025987941278433,0.3779672082345366,-0.764101111473587,-0.6352425867465885
0.20326444815563816,-0.20329730729155118,0.05232486752186237,-0.8794363801075815,-0.11384385947086766,0.3751091365643244,-0.021952779834519133,-0.43341669085673057,0.8274854766159957,0.16136379915957358,0.26973451152303124,0.1288595972764895,0.4899348448280697,-0.7949137365312864,-0.5627233398618088
0.26323524031178896,-0.18226266424283455,-0.010348940016772485,-0.8658987900929251,-0.4422710163319351,0.3647797717969644,0.17435039400632035,-0.3499851439693509,0.8177051389455362,0.2894368121244063,0.21476556162147054,0.19200223551491877,0.30627943795391405,-0.4877393599168304,-0.6587323830387893
0.2752597111173381,-0.0789503655905267,-0.004149937911728394,-0.7096606992018242,-0.19574508607674143,0.2917129556279627,0.032880782631977426,-0.36955913899535203,0.7734724537478053,0.2247097386407221,0.1805200173812964,0.16258625739971558,0.37091566457552605,-0.8322427638503037,-0.4922988575562379
0.23497380537736973,-0.19274174261882515,-0.04384592844335425,-0.8659258109787219,-0.2530700967816673,0.32291886736433745,0.058206342987401245,-0.38848272015252255,0.7606940127038702,0.21215454113150434,0.24052227306240032,0.22988068062045683,0.5189953271515102,-0.3447538886335476,-0.3333078045390613
0.10447238459105161,-0.17814543017873435,-0.024971009886942893,-0.7069766633541111,-0.20224548629732517,0.3168137542278263,0.011262467142439628,-0.42112699562191525,0.7509298066155377,0.10494489253218993,0.1471120294795039,0.1521094739767241,0.38160096520204906,-0.6701972821163557,-0.49899239502296405
0.19173908722982247,-0.35489662605071903,0.1896919170131011,-1.039943874978029,-0.10416804354714693,0.47612744884831587,-0.197708120192271,-0.5184970667791121,0.8639185698892918,0.05061197828961409,0.27267837269239587,0.08355171166925972,0.4222034337767001,-0.9193936716364929,-0.34453876393433924
0.11151440521875346,-0.44372739715013565,0.1795283047484682,-0.9317127886871439,-0.008953476363089708,0.5863954655751953,-0.47487187084334415,-0.49406806316945123,1.0064066858870482,0.047605191201924975,0.2735439287285263,0.12162371010988401,0.47275711557321326,-0.7444174471768724,-0.21981752739492005
0.21441199846421405,-0.4443394443054932,0.3161847172808416,-0.8806439909754218,0.37252895874565894,0.567810231117228,-0.3970718800910362,-0.5101806193727808,0.9658773344852918,-0.02524667102772544,0.12952135968154724,0.07451048988099863,0.3487871859194299,-1.095506033969087,-0.4135760884891926
0.27004784098359574,-0.14225933634077648,0.019376440617394262,-0.7605807437336313,-0.09660143471706496,0.34572465492238263,0.22258837886210395,-0.4588200240391409,0.6174091978589545,0.2088283295661027,0.2964118961605479,0.17391515784654726,0.4649196372082398,-0.7838357441956723,-0.5408880007490433
0.31429046306954583,-0.17930807995102144,-0.011161911985633764,-0.8432334894986662,-0.061147020152927264,0.25119166480402455,0.29548790144534914,-0.4511866397679451,0.5859553467240106,0.22547387253478798,0.1419471572719071,0.20309633906536845,0.49806110686940996,-0.3037329555778867,-0.4942682116404557
0.22019924250271772,-0.03555966242020211,-0.06671605689035624,-0.7010619045401205,-0.2932810241640425,0.0667943433747108,-0.12905897663117732,-0.35485576740292096,0.5544869804939346,0.1400051820955524,0.3324495554401863,0.2526065639320771,0.4705026067630752,-0.28802203573125074,-0.46547498425326234
0.22114376049729087,0.192550916237646,-0.2990124977928478,-0.3696051301853954,-0.5872150246972137,-0.1146601714458017,0.37542040493455686,-0.2336029875961851,0.3663694594058263,0.31686511850099164,0.04421705695910181,0.2547156268534841,0.10861830392637649,0.13451575612774183,-0.5463769674851926
0.36345021685252515,0.42753319477583684,-0.4225988695152766,-0.18789573362354273,-1.0421200291317507,-0.2760900725118675,0.4771346380657689,-0.2634842340640195,0.3235990887371592,0.4196028190639768,-0.10490257552726105,0.3830277842549496,0.1160894170582463,0.36228562146897764,-0.6330812862030851
0.2932160637531787,0.3710135181963577,-0.5155897952014744,-0.14139435495953276,-0.7573314058880376,-0.34383242333802316,0.750476925066334,-0.3323146097801775,0.2401229663895685,0.4943882959114196,-0.2526930185487993,0.4027794563927419,-0.05791071700608912,0.4301539421353377,-0.6221669540269853
0.36063065482590734,0.2530491286106365,-0.3036464938938482,-0.42764571744340235,-0.5858624814572885,-0.13900736497590505,0.5976903280130541,-0.2995216512616817,0.3245664476267068,0.4072156968995592,0.11559623751842112,0.3071362154422963,0.2898217567992998,-0.4375851052534371,-0.4601369886725326
0.2843807707271235,0.49560797675199386,-0.5136483546120281,-0.163363814730318,-0.805547397050693,-0.3493701833742388,0.7987500508765535,-0.2635080424410727,0.16690154056323298,0.5234208340462333,-0.15124411405119273,0.4382504953671919,-0.0987941814936505,0.34716219291255995,-0.5526507129882635
0.48018464153346924,0.4614359062003111,-0.5466996424824969,-0.07087596740295375,-0.6774831717423679,-0.38760250216873926,0.7976009276306605,-0.22149775582414485,0.22242556473338723,0.5703489730648181,-0.184422175350665,0.41115538268986435,-0.05229160273927289,0.182216523755608,-0.5822058635764368
0.36257991816625396,0.6092290203958225,-0.6350527251378707,0.027701164950108596,-1.0576018744597144,-0.5037490407410894,0.6018941619090895,-0.29577142678519824,0.08457134989283291,0.5784449140359078,-0.10869720671978762,0.49757211673510837,-0.23299822593804173,0.4714472781281495,-0.4575106457731891
0.3819587878008589,0.60479822991334,-0.6715333884403152,0.1419951574554487,-0.7232689768982372,-0.5621170539293152,0.702410082652127,-0.21309257092804762,0.05849343852193805,0.483189386612082,-0.4258271602835067,0.5194241226954913,-0.07561088878782765,0.6081491031144471,-0.5663864343212264
0.4174939930773505,0.38098742584291057,-0.48863308294309354,-0.1662385739922282,-0.7032015885817101,-0.3610146861845715,0.6626267785396681,-0.23784035852272767,0.3743634853622762,0.45278232400172486,-0.21487973881807296,0.3710290519866733,0.007316006191198095,0.281012901601744,-0.7453754438906144
0.3701194757336552,0.20802658359077994,-0.4343445673612214,-0.3697577126268624,-0.6743107991423346,-0.22738107429333823,0.709511478940236,-0.28268211102716595,0.19922389180945466,0.4986726501653428,-0.07036320366330019,0.3398177819971793,0.02772033560880947,0.12046908638723994,-0.53695619791841
0.2278429397235022,0.008749149903429088,-0.18745533809454876,-0.6080218301768926,-0.4295593042482277,0.13148241006106046,0.6466045634452532,-0.33310679470641436,0.7192977705235352,0.18566899238287013,0.168817805858672,0.235762565934245,0.18862222886781838,-0.4006566373054785,-0.5410487041804607
0.2725513016027832,0.05314018295866982,-0.20324921388459055,-0.609617414441849,-0.4962333748409965,0.06284804618909241,0.19894964306667812,-0.32067929233707876,0.6142910650544642,0.2801493157426886,-0.0627694039537846,0.24214604496778572,0.37171689797178203,-0.26251346203063713,-0.5092322185954286
0.16323285984089866,0.1573120316058066,-0.303682445401797,-0.4257472068134257,-0.7815896700205848,-0.11939218758460762,0.7416688027815926,-0.3120194075239508,0.5644383126385291,0.3790599792643613,0.011832888004605486,0.2879072239263385,0.3185182020146627,-0.24727169985577077,-0.5306734442210728
0.26667523101891394,0.1888592295455855,-0.34284803595182606,-0.44732198147297,-0.497851244834189,-0.1599314067008656,0.3533073999588674,-0.34602934488557674,0.5259789059135589,0.4110608726537229,-0.06680800278758349,0.33586487634643436,0.18703197628647988,0.058392310215370544,-0.5187129583947259
0.3391002223517251,0.127463576720665,-0.3077412976915803,-0.3989337657834655,-0.66084983478216,-0.07292259286934337,0.10748500967498155,-0.25785236882468426,0.3767907541269254,0.3781927404780318,0.10466146894880095,0.32796958761513684,0.1656796248568033,0.0807683017542321,-0.6352704295709981
0.26797048903147624,0.15376763058797815,-0.2521866934792441,-0.5134347625813934,-0.3808006404115507,-0.0261231593492577,0.0272108106148182,-0.3110770571129044,0.32071974820715327,0.3852426570301527,0.03788769737311739,0.28687709283617047,0.4447461196467708,-0.12260069102121761,-0.5511164411456061
0.5736236020265992,0.39156709750020086,-0.44044284820592816,-0.21512126991491845,-0.8582087004759328,-0.22775068895222603,0.4472727944071852,-0.2661215243012829,0.22159478393885415,0.4833051749801101,0.03713329533615084,0.33260708138878203,0.08765756087249738,0.33539130364340897,-0.6747995622004566
0.34084239760053514,0.3570009806048058,-0.42225853829285925,-0.3010135214324705,-0.6121719026417142,-0.16405101690671567,0.7169966153039091,-0.23062434772057888,0.3334688641782421,0.36277261391554244,0.004195808841995813,0.39025443114229175,0.21379279554696795,0.19920005759792278,-0.37723396352550964
0.36167326023471286,0.282818981175881,-0.42114492952698795,-0.38391607872132866,-0.90514873305835,-0.24813971682923272,1.005998982394275,-0.2519999857410367,0.1677047242560628,0.4240723632674478,-0.019688159204964865,0.33937472230630344,0.38092012409300957,0.017821041120857258,-0.46391090054347356
0.20219906464014265,-0.07154123709981064,-0.09558952216617154,-0.7642431603232487,0.007878802246536462,0.3094357229434452,-0.08021241226768114,-0.4593026344480017,0.6731772695937179,0.14779397189436244,0.043357751232445424,0.22561908651789142,0.438322520887627,-0.6827787404833227,-0.5943987832209826
0.06395057440230702,-0.3914186729348287,0.23449939996899755,-0.9829539803228491,0.3156654498366798,0.49725153663838434,-0.3785494182108733,-0.4568695884353279,0.8639024306493926,0.11796648274147879,0.09327426535424557,0.07438340747453434,0.6258567585619126,-0.861098830177356,-0.3109616413128897
0.1459195631054109,-0.26058441362933676,0.10750204504581845,-0.9360374176728419,0.09110430841599111,0.43648464483107274,0.1940941355879303,-0.43696055540844037,0.7851844776124122,0.1854177494973953,0.27798692913180806,0.14847382038459217,0.5388859765748429,-0.8498874629412311,-0.2521857619024024
0.2472354787953298,-0.21240133028140046,0.018105980942171942,-0.9385702352453071,-0.4748030879603315,0.29521478804501566,-0.03276274409325038,-0.39644074676217717,0.8440486671548292,0.22563214625021186,0.48265087139691254,0.11604063520816185,0.39850298996846617,-0.4419208627198054,-0.5016541666738715
0.1313194880436137,-0.042629610678173294,-0.1348231878365077,-0.652610249398907,-0.5501647599521259,0.14972827835232497,0.4295141412815461,-0.3987644630214908,0.5605068231730357,0.3354697252778188,0.16853597591670938,0.19098725009105808,0.3571737311682267,-0.25965791236143887,-0.6627396575534505
0.03371167688814994,0.05573700823942533,-0.20225655857582944,-0.6349073635598743,-0.6094594238990056,-0.03653370830216556,0.34447022380032816,-0.2365225167156748,0.5691347838408591,0.45174365838542274,-0.19841165215113843,0.263137254176481,0.37108999569204815,-0.07144528014550135,-0.5690998321408919
0.17867666472491603,0.08483021745990729,-0.19707292380459981,-0.5103897178338255,-0.5790628721746462,0.13877422369376446,0.165840877317915,-0.3311133614242728,0.6441314884393802,0.256896591467311,-0.015421529626508671,0.22760688430877898,0.292484285093096,0.11822070746325535,-0.7566978598332521
0.15772486808256386,-0.09993084604154549,-0.018157688580139896,-0.6991221024131116,-0.3915126705358137,0.26230784272039276,0.5341247326190811,-0.36071689397813195,0.7381458467537051,0.1461263655490454,0.1623162925316749,0.15763611100976213,0.3505213183021889,-0.3107345594733245,-0.5900708617771072
0.1297030422062437,0.0040483312569347,-0.12148208739576373,-0.7960701826475537,-0.4410141351333412,0.11291451532200188,0.29129984086246985,-0.3335793200788761,0.7970935821219519,0.31921821362712544,0.015628935578645236,0.25359123083384427,0.33180592950478244,-0.5334047604128617,-0.48810229402619354
0.2853978348777522,0.027069495983124046,-0.1966009605736423,-0.5770531249571241,-0.2740552525985305,-0.03104803075501457,0.3121333355989501,-0.27785460053720934,0.5485576041059526,0.31059337570623835,0.12920796385694747,0.1865189422795431,0.3331646425148266,-0.2503277829867653,-0.7294593695127597
0.4186606794944549,0.46812215824219683,-0.5204974898715025,-0.047174077671895735,-0.8711256510201331,-0.41499477733977735,0.9927669103635554,-0.3310817288124288,0.292795393651132,0.5508312452514816,-0.0326219091674705,0.4144662180920234,-0.08162100469090876,0.24713289127799945,-0.5628614549512009
0.32184746240990486,0.53108691943982,-0.5630341352858477,-0.05966487515041314,-0.9015488848799041,-0.40418675676549165,0.7537545653216103,-0.23056738528634893,-0.040208802245733484,0.45051441113439455,-0.2938153259992728,0.46171997066057213,-0.12190603929731911,0.5755241885056794,-0.6829325087341924
0.3853325105170739,0.7155399364354766,-0.7501183890800835,0.31241331012256207,-0.7726883039202005,-0.6551346823949196,1.181804492371175,-0.24030526616779896,-0.17670218942385457,0.5439695924277373,-0.47101691842819987,0.573227295517954,-0.4059665312381241,0.5411235343704726,-0.5998790904271366
0.46816224237875065,0.8651835287285574,-0.8349368905986783,0.41678413185980473,-0.937163574819829,-0.8276261764202701,0.7655534864914132,-0.28677387891432526,-0.10361633510060755,0.6443548922403307,-0.552398744944061,0.5538388294440861,-0.4597842124700162,0.9664235905053896,-0.5694003822885466
0.7434553508031547,1.0036588883497763,-0.9655974581733805,0.6587339476782096,-1.1934171393228374,-0.9975753008494086,0.6545544880646355,-0.24725421206372258,-0.24553236688494942,0.8631306931401183,-0.653391196790809,0.7206316206329448,-0.6424287122268837,1.3280717765280858,-0.6671614193988853
0.7649251545323097,0.9904069631641199,-0.9741457327060903,0.792918589332984,-0.43099563325882495,-0.9876469331010589,1.133813116100641,-0.2807026206630994,-0.3267462267502578,0.6845783341530283,-0.8153167998745113,0.7354345756616186,-0.8067808722912168,1.2819593748547808,-0.50175430438699
0.8093169302297598,1.452849160522596,-1.3675054364927115,1.4512567150233657,-0.8788087286200238,-1.6495656895616888,0.9980634658418034,-0.3609185482880472,-0.6806687654249286,0.9534621162157512,-1.1785753364882983,0.9320019998259945,-1.345068820314498,1.4868001046234292,-0.5454547371201457
1.1166837084599928,1.853296098195118,-1.5517402239675924,2.106477530991436,-0.4675430539927534,-2.040528777488948,1.1962093141869135,-0.45990319157336373,-0.9197244528951898,1.1572842189355048,-1.6283073084042887,1.1131141422202893,-1.8448951545926073,2.0281636334645072,-0.6523051478391486
0.678438111947274,1.160560408993744,-1.0845309688547424,0.8907125466382172,-0.9010283607651492,-1.2211114763023043,0.873928873552004,-0.1953326306390001,-0.3627941123516195,0.8240273754515349,-0.7894798966624645,0.7365982373760291,-0.9923068331066063,1.184597628103167,-0.5733610012991543
0.843426075751799,1.4324427434280471,-1.3241317802223986,1.468876544848088,-0.8774395903919446,-1.582574911348276,1.068968208265656,-0.3262439666703987,-0.5339946751099328,0.9502639023196112,-1.2638547299175724,0.9333096091343904,-1.32101826759659,1.5147695642791728,-0.5327683267963005
0.9484272757971105,1.7286832833228492,-1.4420881340121734,1.885113545107666,-0.5881297402249486,-1.8303552535518013,1.1522013474042652,-0.42396204675820476,-0.8979028809800522,1.1157043971634542,-1.3244293581236946,1.0806726692422763,-1.5575456870373874,2.020846865495275,-0.4244828144522476
0.5141711410251666,1.1003911012173824,-1.0502269302485097,0.9601181773994428,-0.9176526880227778,-1.1383670738477798,0.9949661498255206,-0.28912079871934376,-0.3686125293043897,0.8374170170941698,-0.9557457340304075,0.7553813031396445,-0.6898219033178403,1.4357736468272961,-0.4207679492466769
0.363225201633918,0.4104749129071984,-0.5319115812976845,-0.1801934649110755,-0.3528077015222938,-0.4169587988267779,0.4681643281690756,-0.3380189305786166,0.21023948094582628,0.482803980583302,-0.18894731817765772,0.40945662907281793,0.009660416178657101,0.1251792816301157,-0.6515532510928326
0.5467692508869487,0.6414190532457094,-0.6783951245480261,0.16839950002581053,-0.7792064854193331,-0.6241312491512174,0.7838011039601241,-0.2606881076799893,0.014875315274110028,0.6113365526705845,-0.2677588251752366,0.46533487701143267,-0.25897699689154613,0.6722002696309536,-0.6317728434906744
0.39151309832386366,0.6988562193764863,-0.7378754943814384,0.2968114615326928,-0.7320490755625273,-0.8266039943646529,1.1512414370264101,-0.2405147315955745,-0.009284878145008202,0.698326452944685,-0.3469634726835848,0.5361875008964437,-0.363362196937269,0.8441149579356859,-0.6149255215795808
0.5182118144669811,0.5524429182352004,-0.6715830223815958,0.2417753189190375,-0.7625860190447814,-0.586754597091615,1.0768664826699057,-0.29553017208918075,0.024470305707049535,0.6162873477594168,-0.21936228107715103,0.492473427588856,-0.25238547649202175,0.5747039408111153,-0.6309652432375944
0.2319064523762252,0.289833470255965,-0.36470647809772766,-0.269922112600392,-0.47768704426579983,-0.2401876790710125,0.807371511398268,-0.3256035042871344,0.28307189953036527,0.4584103204685188,-0.06597645528140592,0.37450765830583027,0.12795449858238914,0.3240556845093133,-0.5663743671583333
0.4789495164812932,0.4724515785493582,-0.5339969752799032,-0.1539011462896464,-0.9642976497597072,-0.40895271578852654,0.4198889975918991,-0.2745072079079008,0.10753800586459858,0.4971352835396431,-0.2269393639497432,0.47335614754571625,-0.12160522186572921,0.14490055177558192,-0.7719655290312918
0.3671278888160734,0.5300419484637767,-0.561669903501519,-0.021259833624612808,-0.40255977837350965,-0.36916562181389034,1.139734360918027,-0.24648590508731918,0.17417591688238085,0.6187215270774454,-0.28172705828142103,0.447215063313612,-0.23885722797233871,0.16317683079427386,-0.6646541415636035
0.40108588191645445,0.2951889808088778,-0.4198348132905846,-0.23233081100383252,-1.0012182486342323,-0.2573703922620733,0.9455106959100257,-0.1999191476345505,0.34114968011248525,0.501030477813638,-0.30240816643397334,0.36081990409547354,0.04237308606887598,0.27057160775174205,-0.5458836431922021
0.21634281235765251,0.2840421687680684,-0.392973867663572,-0.48763085504228487,-0.5933320184054215,-0.08117530920443661,0.8926635540210002,-0.3133927224657986,0.41665878443150967,0.31657516711277534,-0.017590643352511773,0.36450066904520534,0.3418018255357732,-0.15056703285112125,-0.6245350534388471
0.33264059403702984,0.3332436220774025,-0.3991894204434547,-0.3339042261736293,-0.7540318405134568,-0.2798477037765832,1.1084743610213204,-0.3540156252000585,0.1277147666646461,0.3506303185320178,-0.13640645393537787,0.3576289136466201,0.15346390326769757,0.20548845567797683,-0.5841813620100847
0.3538444159894425,0.27280814502248846,-0.47062508226954813,-0.2509483396601549,-0.9810162364054789,-0.2784486148513227,0.6695763099089777,-0.2445755511618978,0.3786795004465902,0.5069944316124289,-0.11533566145167151,0.4400004681026449,0.11877288489729185,0.21549183658055945,-0.6610630469769664
0.4841461008982472,0.6491026071308557,-0.6580404897489893,0.0965176442821028,-1.0158407587557055,-0.5296080132173373,1.287556460394895,-0.2752117913546111,-0.06888244215965518,0.5142090382338697,-0.2462173593106258,0.46655706926023377,-0.18284025119185376,0.8597990048116189,-0.7214290982551144
0.43106342181618573,0.6544227214844545,-0.6766648324970174,0.21165049900886804,-1.2527727880280441,-0.5792426371694278,0.750970677032314,-0.3025723955266919,0.008277004632086112,0.590162326716233,-0.26542714630142455,0.484393927218959,-0.14530351849987877,0.7597524755188704,-0.6823522787251288
0.4744728456865731,0.7215876810067483,-0.702250368874868,0.23711955973884324,-0.9025913742532469,-0.6149968104609521,0.9722996296895677,-0.28416620113985797,-0.12011527908853797,0.6324712414834419,-0.3693158671084326,0.5171540273189797,-0.25534803191945993,0.8331594002446869,-0.7276869582515801
0.5666268355454257,0.6151453809787074,-0.6608886600421706,0.04791744449074832,-1.1949242895992085,-0.6317963968760297,0.5351046336554748,-0.28522459976718945,0.026200262515461367,0.5469124338704178,-0.2977300973345432,0.5082509586183938,-0.25219540045371797,0.4432234013240388,-0.576015723055147
0.3929361653240192,0.7473751816669553,-0.7516555138732837,0.3386406359012856,-1.2063151804752004,-0.6683801554046948,1.0793905563993031,-0.23508345634756886,-0.0689533339883956,0.6739298862046222,-0.6964726674681769,0.5779052592773133,-0.37349584650795753,0.8499159486340013,-0.7767730217320354
0.38675655038063034,0.6255529417648417,-0.7060531148213637,0.19117503526238333,-0.7451877177582872,-0.5085227600981694,0.9811089959353912,-0.23263213775614025,0.006353790816209514,0.5808846999259956,-0.32803299533468516,0.5283179315159782,-0.28427146381738994,0.6125543441960764,-0.6406136345908383
0.3510203617603353,0.3702963806847943,-0.46785039391339167,-0.16489891209491672,-1.058214487952731,-0.3953769659913852,0.8489667857352222,-0.3119764788216701,0.2687549102959813,0.45181873321276284,-0.11723965684271728,0.3572173536159255,-0.03235715300060684,0.44035075015513764,-0.8444816170273715
0.40585394380245937,0.37655205492963606,-0.43133258231323357,-0.2842191903426376,-0.9592719010114575,-0.31170419017079704,0.6549402124764164,-0.22586948167120335,0.35387219778299084,0.5003837252161242,-0.2347647634874514,0.41496379801528066,-0.03625875692572888,0.3877704233479179,-0.585796518142689
0.2143536215698789,0.2486989459130895,-0.4167344813832138,-0.39684369623006427,-0.7422505996231048,-0.14568502434845498,0.43008380901058146,-0.2735333963184527,0.2955107166374887,0.5909254488984819,0.07800915442068002,0.3610813198684065,0.20956488108520985,0.2969764734623898,-0.6937490495859946
0.36380105150643677,0.21051318470737834,-0.4131108902261535,-0.33686775182903783,-0.7093916789142125,-0.18573418514272516,0.829514105926024,-0.3103366843690805,0.46906079168890846,0.4398133550360851,-0.006945627691009472,0.3131435131080605,0.054225773779345954,0.26940798815399,-0.6524739969284099
0.13802806274622004,0.2789848633275479,-0.3891377881270788,-0.35638594020171094,-0.8095523320483374,-0.26786848189233947,0.6273617666981497,-0.24937587471141262,0.3157775484088819,0.4782633519792138,-0.04076601861131439,0.33799829255578057,0.19318864919807197,0.03886205618278175,-0.41484182104082196
0.3869664352232531,0.3848657361530269,-0.4720653985521795,-0.1623315415420414,-0.8326201059703714,-0.3225188343810519,0.862324591282927,-0.3209645375440134,0.17424206158561642,0.39234453347974463,-0.28146194934917246,0.3228520211465654,0.0118969477903784,0.2307894447844781,-0.7252603165421021
0.29694467856430223,0.38740646127546047,-0.4114427233840456,-0.4000202991082687,-0.8723874417199949,-0.19241335056996625,0.6830411682984913,-0.267060840974686,0.3152175169285777,0.3790668484536341,-0.026118517915395666,0.38602680108032755,0.05812424934149322,0.262086055137204,-0.6733669093247998
0.3619817591402371,0.3980976998595945,-0.4133258544500835,-0.3498303124737703,-0.9667398099703368,-0.2875567953203886,0.8481212872719024,-0.2774233214048821,0.2877623411458001,0.3786589762454852,0.04589042755151402,0.37727937709480197,-0.05818080667325974,0.4814392280051065,-0.7121587143008651
0.2607894620789063,-0.05373345229212127,-0.1333352229609055,-0.5834580160438445,-0.5615532923454998,0.14762636857442718,0.3107483011997938,-0.34029075931726327,0.7318539834889835,0.34222994256131783,0.18399463872953778,0.25096912860351633,0.39244674913741684,-0.15897505264164796,-0.46166988530807485
0.22245466930066213,-0.2576904610005373,0.11101866269370456,-0.8657220537157009,0.11571911037793092,0.41854528584941886,0.17534160705208593,-0.47513939217889395,0.9076233803139313,0.20655505203908547,0.28262252751319195,0.19344324948242225,0.5152083970425199,-0.5643268646572023,-0.39528457023060604
0.25582060662419687,-0.3469525759089551,0.09958108666859328,-0.8799716779774533,0.07569956321186541,0.3957961591308529,0.0045120274414048,-0.43611401017348556,0.7318649381154098,0.15857238966676607,0.16096025989591342,0.08615273784332517,0.6453895634157616,-0.7977212664916637,-0.31373627785280783
0.15230516338067468,-0.1625717371334031,0.02757533088295646,-0.7946608525573224,-0.19017927662667142,0.316068087799496,-0.10991956226899204,-0.3857501172697894,0.7269971282510058,0.17223959586816726,0.2658091464748527,0.16618714109078314,0.41258481884649756,-0.7297514158044909,-0.4707520661920517
0.4517377316146246,-0.0665259107420678,-0.1356900863652835,-0.6883552264248995,-0.5044846303573817,0.1668765416316125,0.2843436696253316,-0.36339504965744385,0.7422436467720598,0.2728912544184251,0.1709442074391234,0.167649670661371,0.2635588911657328,-0.2723681857351196,-0.609689261059214
0.1870267732581749,-0.17652096659232153,0.05088055073124895,-0.8177836498195585,-0.6813913716182652,0.3870848096739605,0.08726563668620625,-0.40265052999592316,0.8174923432398693,0.18622627922868845,0.02123162461418495,0.1935455059925503,0.3869704671495553,-0.8672886172682722,-0.36602124548482967
0.19819365256801383,-0.22275710063090862,0.03321949895473067,-0.817046291060189,-0.14167679103697234,0.47508375814165205,-0.11384342358849998,-0.48240393861883896,0.7201637175376164,0.14330660617881463,0.4648264892688209,0.13411102695073743,0.571002109528547,-0.5369509254697578,-0.5352510204290278
0.2260866950505323,-0.31356023528494803,0.09963585589076478,-0.7821726539927246,-0.3695782152845091,0.4368089775334493,0.14636997632585183,-0.4488734778151406,0.9392458213741899,0.15754948488969114,0.14508343124652456,0.1828694973966509,0.5638310256760316,-0.4266564798138359,-0.3308441370813529
0.2451968390519745,-0.04112361130975696,-0.1599487177568455,-0.7002566952678769,-0.3990275130984281,0.1316270391906542,0.21428245672433274,-0.3290998814178454,0.6857320729176603,0.18523682399175798,0.03974507550839002,0.1920496896220052,0.2788403266006455,-0.17332952314247016,-0.48638337955161887
0.2952733810727114,-0.2054955722566984,-0.01248089800504447,-0.881357096736597,0.06119195954038192,0.3054168673977542,-0.1250115217861921,-0.460693822035717,0.7016379262824222,0.168789882032463,0.23407063577510454,0.20618548528253158,0.45617844858081313,-0.493503399974161,-0.5105866016186221
0.29168864280545365,-0.23122712799451428,0.056938231995997506,-0.6895483600399789,-0.42914518405289476,0.4016607468993742,-0.1308870869809114,-0.41215567119881535,0.7445976995244892,0.25470455862524416,0.19015674386677364,0.1562468038732564,0.5769486321881184,-0.3874311843313612,-0.411321236195587
0.14904039842721464,-0.13005896097924863,-0.09996613928258,-0.7512392874392662,-0.3841480784190411,0.11931768208923395,0.4170771990081785,-0.44390331312999826,0.6606496914600882,0.34747135349888153,0.1469745978937331,0.20634617522303106,0.5263810496583765,-0.7514218243515177,-0.518630931970521
0.3660791353928951,-0.01574792684206028,-0.1570240781090484,-0.5992344024188422,-0.5049087880931883,0.12373523858450655,0.7007590145984305,-0.40396157804910954,0.6647099348454142,0.39143937927495565,0.24840004877860583,0.23421391871963756,0.3561545363407956,-0.3741094903716868,-0.5090486913872355
0.23418872774782615,-0.03797342479957076,-0.14880886715262795,-0.6814387421052991,-0.09828768681773753,0.10812695484016717,0.0367686042066108,-0.353172114160828,0.5292554609359034,0.13620617503088836,0.0796942354814107,0.19568622623438137,0.3646252242915049,-0.36191315982525085,-0.48904322032297387
0.11900333711291411,-0.047582183771948006,-0.1373692618817852,-0.7038073661920732,-0.25561324727125884,0.22837789125984223,0.33330317577792573,-0.3388975909171984,0.6858207193336787,0.32546864128625463,0.2242695558284558,0.18729149646488666,0.4220348041996759,-0.16173338573739945,-0.6774369445112801
0.2314798110506835,-0.04700528583368896,-0.2216936797567471,-0.650427676269777,-0.4212241620866481,0.15668214964217886,0.40376409505627875,-0.390197120473785,0.6612618152938838,0.2617697211016571,0.10271888793003414,0.2320157931182091,0.4498501370676912,0.020005117086459225,-0.5101714000385107
0.3160695436717606,0.035195727030297115,-0.21317746333873974,-0.6162198217757163,-0.38346702578215364,0.07095008714320537,0.2913850361860705,-0.34952884270508694,0.48514716548755926,0.36378065700053536,0.26138680303349077,0.22164153712052734,0.3827380745231645,-0.4955052448269877,-0.47720687949640994
0.24388214518959792,0.052111588392297244,-0.2381687340226644,-0.58193384803898,-0.5840221867919622,-0.018452722043132613,0.33843616394927356,-0.37394128088612644,0.6007012361863808,0.34984129259358915,0.1342998669924562,0.2475636626209139,0.4547706695193812,-0.2907069041169596,-0.6563427937871994
0.3026997453860787,0.013496822874534216,-0.1729383400821128,-0.5686494038026995,-0.5495335768500142,0.10947375139347774,0.6715179752700104,-0.321623476316196,0.5786921036413394,0.28040352573706934,-0.14102347980085359,0.2394016457247592,0.18213464848124286,-0.23784383318151686,-0.4501133051306731
0.19066975156997992,-0.15941110318963936,-0.0010774954689741587,-0.7860963760162583,-0.3971001746031742,0.35895377417842583,0.1448737975099491,-0.4726824914971165,0.6845995358368994,0.19218708643910054,0.08919822507507551,0.17445598842198706,0.4111923663303347,-0.8971180720004148,-0.42004751430463083
0.2812751708814879,0.2347872799136174,-0.37044466059885683,-0.3702146137714137,-1.002794508994136,-0.17663862981574632,0.3544002867880939,-0.2061983875500716,0.3588546701032982,0.42830975532929344,0.07690243102005795,0.36758145068522396,0.1378104428968544,0.3912756120534695,-0.8071722598703128
0.40259883937516144,0.3662680206123268,-0.3941620394456866,-0.28073635420837295,-0.6965365841097388,-0.25671338394957244,0.5350684388011236,-0.28775537414761965,0.4329187410405567,0.4823619771189275,0.01879603122122275,0.36177011133663456,0.15141065662583666,0.19173453346588723,-0.6659936069968234
0.2584157895363212,0.27877516256353696,-0.3351126504068703,-0.3593204378202405,-0.5176354945896723,-0.1496255977968885,0.4035769358171429,-0.3030613568501619,0.44329938615539416,0.4102569102576784,-0.0869877726298788,0.33596691597991696,0.15930654991041637,0.06781085655839555,-0.7484520440284848
0.2707072753663056,0.19038676400739632,-0.3140609234019147,-0.40245305996898667,-0.755439869263723,-0.0021206785598172338,0.7000556499963027,-0.27843939808952073,0.246779098040814,0.26246367260715364,0.08873454275110376,0.27358878774492285,0.13864283177032816,-0.13535628578166767,-0.5395890258509425
0.3517921928478713,0.28486320735765164,-0.37045360307549163,-0.4095390699276141,-0.7931910701853724,-0.07143326128978418,0.4439346266128718,-0.35977583418232867,0.25873044219558156,0.36504222079022963,-0.08770472860707265,0.34173746678428985,0.18504167844982955,0.08248103862525441,-0.6062087009534622
0.40729908662068337,0.587582585569386,-0.66309676693977,0.1816963839716286,-0.6608014653828321,-0.6396025296090742,0.9498867116817561,-0.2612157519701922,-0.007446856794530153,0.5306563599435191,-0.2804372918519731,0.4654795034794255,-0.3611992358074663,0.5004746703918109,-0.5296413176543271
0.36313107666640543,0.5447249301172763,-0.6082019669818978,0.06815421541306856,-0.8073535222663978,-0.368558883772714,0.9490700420215709,-0.3118973950463975,0.10591814859731725,0.6294013120313416,-0.4536921464165961,0.4995619634252976,-0.12199763393691693,0.37735283592241503,-0.7131526558768334
0.2626034241182311,0.1901701790323024,-0.3376980656556079,-0.46618913733617817,-0.44706950826963043,-0.13367613524377445,0.5356871996301815,-0.2705667785167806,0.5616848811701309,0.35904661107131464,0.026708159565239545,0.27058830254574046,0.23864504223877803,0.0748988012762237,-0.5781435053123377
0.34624102759707204,0.4935865554180009,-0.6014880311726473,-0.0128009352895453,-1.1624917660182135,-0.4766628041529645,0.4372300157365787,-0.28975381253418014,0.16712489912341788,0.5814784370733098,-0.039725481412934784,0.4633759524591244,-0.049367591637637126,0.29043017107894964,-0.6695469246294989
0.3069953900398079,0.3222205337780962,-0.41527410409043614,-0.2687424331214232,-1.0893472236496242,-0.23457056862767026,0.5336867622477571,-0.3015803591354761,0.3255736608577584,0.43716022963712553,-0.045982553030823235,0.34392444273931194,0.1757118176190434,0.133750123386738,-0.7137677733560203
0.39365731816036975,0.3316650201825839,-0.4216299927117533,-0.2976347368616184,-1.010091595245331,-0.26201876284762693,0.821947835908274,-0.2765094710331755,0.29691134225364446,0.5367477107774374,0.02076307926714905,0.3368657991467604,0.1636964125645784,0.1044721078448066,-0.5828999123988692
0.4692922375142286,0.3680790381001986,-0.4854793016054459,-0.24427155380625246,-1.028499406181231,-0.2647932744294536,0.6061527183138845,-0.33920581629400026,0.20557673846327576,0.4178919441535578,-0.059589307481808615,0.3922072942906152,0.08107851623426726,0.3704338127545756,-0.6221695316142682
0.4789900868676078,0.5475147019404852,-0.5924440170429937,-0.026560646249433207,-1.1442850655102121,-0.49638037866368906,0.8537732106679031,-0.2615882610001691,0.1597820483682021,0.6530769145900462,-0.327460339230562,0.49325383042251364,-0.13793912005619516,0.27854827283433686,-0.6259162904707846
0.5054121126345419,0.6242599316581662,-0.6418536435285015,0.1576106924815893,-0.727802263820831,-0.597629989136355,0.8688648363350778,-0.22465746738448122,-0.10179715412281094,0.5430668435175771,-0.2469836374589171,0.5001042496557365,-0.2654276991404993,0.7029738794942606,-0.47390966309609345
0.1834601400887483,0.3584141322902086,-0.46304489199847176,-0.29637968548147803,-0.4570095269107288,-0.2899612694800589,0.9137852547122185,-0.3260051238563615,0.15176600287279932,0.3115018250636268,-0.015918815672978162,0.43149251123921417,0.1594581466524728,0.18566149241679814,-0.6819081469917259
0.30892733023485597,0.25105455409123256,-0.3995716784099561,-0.28745627259404394,-0.7865918969623147,-0.10077804510339579,1.0223502006870242,-0.22059187654880605,0.29638605031227494,0.3400753382700246,-0.1934992963190962,0.35401052735708927,0.04784696502708663,0.1771641896974123,-0.673171627454296
0.22815310686678633,-0.08661127329366432,-0.11646793156275481,-0.6472218177863712,-0.4435274530308736,0.17682223709280523,0.42981702336212485,-0.4120814793237175,0.6914215797709445,0.21156284197277808,0.15297668620437366,0.21530046835998132,0.47421436603560396,-0.5201268971968366,-0.5428503678486589
0.06851386943319272,-0.2373495443888191,0.09177127736407613,-0.7165034768017297,-0.269157133789626,0.3069466748117522,0.24927119391158706,-0.41832342125108246,0.8500772604437639,0.22836532665659287,0.2800422939595901,0.1111331063848326,0.4971644552054365,-0.8554123873021594,-0.38058510152859254
0.31578086552101065,-0.2765719637233085,0.05555468963455105,-0.8282715552268746,-0.2750394495417976,0.47805221881256094,0.37996301471943966,-0.37728230580696087,0.8156230823506097,0.06252502145633945,0.23518963213080052,0.1115124044387276,0.6215291963368114,-0.536538475222801,-0.4901000170314283
0.23187336119534083,-0.5349238419070806,0.3591088174430555,-0.9890166046028129,0.3455794499767461,0.604330888647656,-0.7730014006985321,-0.5523821622605609,0.9940630700205653,0.024679810216089153,0.06774428216827108,0.06245032365932828,0.5465875707672964,-0.8668949417988259,-0.31459516037365576
0.027954967004603398,-0.4725901167044367,0.3376005062054221,-0.9712113401645892,0.5741839009298408,0.6634469897572424,-0.5172917060598312,-0.5307112042049257,1.062673059817936,0.03394324861527144,0.2660826196834416,0.024160102378258313,0.539076140625289,-0.855832178230068,-0.3580278922157191
0.04946549137809344,-0.6465037326953185,0.47619090784213086,-0.9037194089127726,0.504678596896726,0.7355148805842747,-0.40858517213815293,-0.5282828194386442,1.1793418766229067,-0.11093265980943835,0.27109126175347203,0.04026080806590061,0.6448720554145302,-1.339444831171746,-0.08131054579018498
0.2162187597098519,-0.5884731250345209,0.41812322838603944,-0.9825333408114892,0.39271288643286545,0.749621088303905,-0.29778837248845746,-0.49524609127087926,0.9888670562659809,-0.14437281567489105,0.23996726296285287,0.035119452027906416,0.5065701694148369,-1.1513170050234913,-0.2731825786644013
0.09433032624125871,-0.6252974315442609,0.39870986766213945,-1.0145320713271935,0.35498398595944103,0.6995769080224519,-0.5544107830540638,-0.5025398496824772,1.129788849060365,-0.027875775492419468,0.17400513216476018,0.003819363567254178,0.5223504768402444,-1.104338406099558,-0.10938882088754212
0.10111876676701337,-0.5227604839366193,0.2996232812219494,-0.9547599224832202,-0.008925661359761411,0.5969028458405153,-0.4720001504421641,-0.5194401944847741,1.0135241730852291,-0.021670849585057477,0.3150411865011045,0.07965157420580886,0.5068916814818064,-0.970254347004987,-0.2964205760508734
0.29550771630872524,-0.5885918566026431,0.447099251370138,-0.9508818447678963,0.10220044132495873,0.6939572583571603,-0.5047239074743084,-0.45953620297626646,1.2188004492189453,-0.07088717681014764,0.2430927294042586,0.0033813580746656267,0.40971559494953336,-0.920595083025769,-0.16703049186788507
0.10350833143477886,-0.4962861195867813,0.27082261211260655,-0.8861778176223731,0.3166120881261685,0.671380492041593,-0.8066883699046725,-0.49749287539286696,0.9993253525827864,0.18414630768891396,0.11106238110366277,0.08159209723160026,0.4650893975936816,-0.8842940434460426,-0.33494726960681626
0.07987377590289253,-0.563636894989221,0.404442593609669,-0.9968482426324571,0.4315819547015782,0.733355068084913,-0.3952235424845731,-0.5109069167337309,1.1513217390811934,0.08349762898292347,0.11718943828884609,0.036302163142352094,0.4612235849412236,-1.161953545364848,-0.21564395269370112
0.12158467453913156,-0.618719555950736,0.3424824171279569,-1.104774766857831,0.5664407629441994,0.6486138987475449,-0.7702714887966456,-0.6058960042179012,1.1279855131245753,0.02758717658015769,0.029751099851950773,0.041871094135704764,0.4748800702027134,-1.108898623782654,-0.2263437243766739
0.16272690827604547,-0.6723476211449834,0.4557420261601464,-0.8980383353219094,0.47345265317349594,0.7615944691514828,-0.7479144217709982,-0.5261335790223721,1.0031468711068696,-0.10057923503814625,0.21104928032585943,0.022451274957280175,0.569763768981415,-1.2506928152182755,-0.09027012700390417
0.1523903922126139,-0.7586818236547958,0.5787775938221786,-0.980479627819541,0.9952908979933631,0.9089414247230674,-0.8859909738424842,-0.5573722124565101,1.111271446326571,-0.10597841211511141,0.0035596309386832494,-0.021399306348499486,0.34072626116774646,-1.2908506140817269,-0.02892319654889519
0.028527426243194043,-0.8851281514732455,0.7949714614237061,-0.8136003102860205,1.0409239313090604,0.975795420199979,-1.2159349305167872,-0.6115758931570867,1.06740113370886,-0.2875263406780581,0.19538592466738322,-0.07593247860835747,0.21819298463220965,-1.9569062931051442,0.23403786573184793
0.08868248156829917,-0.9157448850321795,0.85898800602301,-0.8272443420124276,1.1291252307016157,0.9644044547159965,-1.6111904416320615,-0.5253946455920411,1.1180145257787932,-0.2975760232116443,-0.03509450278470976,-0.12356734788451454,0.09631820147053109,-1.6721284326545092,0.127060548773655
0.18423863526604697,-0.8543059044100901,0.6327065407386934,-0.8802623422330813,0.8549797859925025,0.9055903513394201,-1.3085469975495554,-0.47761857054382756,1.2316996746811486,-0.08809921424847825,0.01174799866399345,-0.05300625912640458,0.2191341444552385,-1.5825721632280425,0.11246708398960567
0.15456393009106845,-0.7966213559944239,0.7024952515143241,-0.8309467035199809,0.5921817869106291,0.9144294135880625,-0.9746757128276982,-0.5297466104344714,1.2199497699516069,-0.0871101892584482,0.287349166877297,-0.001670716956700472,0.34368927066560956,-1.664221725668898,0.14027223395989258
0.06908327735517657,-0.7127826891243894,0.5010229908476196,-0.9814131072574316,0.5793863426673321,0.8476642924099526,-0.5876779405903922,-0.5116065414303812,1.1170481308446385,-0.0017033672034053769,0.1999267731142721,0.02091245558707765,0.284763024637621,-1.535411161816383,-0.11422408196205901
0.19116652749056293,-0.6062364515445561,0.36364701948274497,-0.9202248021583732,0.21746288086833823,0.8112730056379597,-0.40854101903808904,-0.5681293412319691,1.1507840551021469,-0.024123410849604506,0.03147475485304383,0.01978440725083731,0.34381108110332576,-1.1894867669157063,-0.12130128802712703
0.11215404950249244,-0.7414348480032733,0.630247836419006,-0.8950791010247965,0.5799059971974371,0.8410119207223694,-1.0098912114342247,-0.6494459347698428,1.2623627381269742,-0.2869035669780971,0.3055615285562451,-0.056765497232117566,0.21867156411390154,-1.2444988930969414,0.08878819136778793
0.0996910193566272,-0.834551485212872,0.6391314162701618,-0.8899521260054836,0.6752068572236122,0.9044291740177106,-1.1246379662214623,-0.5256195051258573,1.2396483410231287,-0.17096184388926874,0.1658412530629052,-0.0986064762328021,0.40543707425854997,-1.4965776250941796,0.010950923093599036
0.08273621406367944,-0.791647529877196,0.5944149673096834,-0.9698002689892841,0.900347929192212,0.7879387588262071,-1.087819931766162,-0.6666851786089671,1.151894958258591,-0.04790492033329353,0.1254216219007301,-0.03532773457856168,0.3104405339921406,-1.1425331938732495,0.07813800972396265
0.008913000236607568,-0.6417127934518332,0.5170044783950554,-1.0169649408696857,0.3281132307137014,0.7092818778555097,-0.8479874254411494,-0.6031059796481352,1.1350455245709616,-0.11195741783462514,0.23870555848039596,0.0055896970977700276,0.3760395730861768,-0.8492358100761433,-0.2083654139265796
0.10441774271347741,-0.6670727733088436,0.48341329928865234,-1.0235108551940582,0.6281526545138966,0.8022239289712545,-0.6377813600894111,-0.571210604040351,1.0441676926034937,-0.2351270228810184,0.09739124990589067,0.05783637301003152,0.4534515329061925,-0.8726464758516684,-0.11384524189904413
0.1338076275187756,-0.5094706359618276,0.32194528633143016,-1.0687854982762095,0.18779751936962905,0.6735344309136658,-0.2746726566773696,-0.5355288317833257,1.0319120612458343,0.028096402794495184,0.3356148317694832,0.058697777136237285,0.5297229681432175,-1.3993844178786272,-0.32611495466247126
0.2496648930247715,-0.4466973412305559,0.26423379051354967,-0.9688902307022046,-0.607718957656009,0.5780068080214249,-0.4785031671240979,-0.45151241817245186,1.06427483749659,0.10530994883706672,0.23636311315130523,0.10673890932239695,0.4297253898943114,-0.5618229953989501,-0.13268540428346168
0.2615028133371843,-0.48888316328329345,0.27250628211020583,-1.0268977469025282,-0.16276170458598413,0.5638668799010087,-0.2666407968631783,-0.4845397403812101,1.024707357328791,0.11554343205872775,0.2998369358752024,0.09257822172983031,0.48665554786174087,-0.5777862926974404,-0.2839992830763986
0.22082234200448742,-0.6100920309294946,0.37040861301107375,-0.9422402383221975,0.35974416373609996,0.7585271577198132,-0.6606398378626313,-0.5465105619866558,1.1405606052587005,0.06956406942952208,0.0708521951075978,0.08706137358467046,0.30163618929148167,-0.8631660146395146,-0.3577398914102852
0.1100965242580733,-0.6549135706580075,0.46765006777183005,-1.039377008337591,0.009525163548086926,0.7099270953472583,-0.49718214924894105,-0.5326082407211168,1.1117604953391276,-0.08366353552851272,0.23203411689529077,0.04386798327076738,0.5818622751247459,-1.2460113503747796,-0.17376616709882872
0.14398134616768055,-0.3199336660245911,0.19940466022056766,-0.9717940741573332,0.05756418883066308,0.47847187229203225,-0.28473764350756703,-0.45221821548031954,0.9433904326010258,0.07815030188401818,0.14920465233390331,0.16530315745252946,0.5056217081449884,-0.7355046812733048,-0.3398299643208435
0.17362926499329837,-0.42132439050469117,0.24219342887919873,-0.8530059025448872,0.1363417459061502,0.48486937374238037,-0.08441612912535239,-0.43510097144274795,0.9777059638705791,0.023436374198436187,0.3478187493214595,0.13548182102899986,0.4759189319198374,-0.779254326240053,-0.3717213309253737
0.22761267392917026,-0.42359245560553527,0.224364052216977,-0.8428793953234427,-0.0838297007153327,0.5537414336385812,-0.2739991172928314,-0.46669744753802017,0.9097954048384556,0.024035140417466638,0.017333442803960025,0.13400679538178908,0.5769148554307998,-0.8285334814253165,-0.30650201918107534
0.1825803733919823,-0.445893885072417,0.25701215944850275,-0.8921448382686105,-0.03474368760459452,0.5101308535655439,-0.3141011171209703,-0.38225199838532603,1.059243982137032,0.08883753511325078,0.22891386393547647,0.08705382190574257,0.5515633432960101,-1.0297761796373368,-0.3063655548317193
0.0820167789845651,-0.6324201939587845,0.4456840206461548,-0.9964167594980151,0.25996333610274064,0.823219512830039,-0.6618755980698346,-0.6331394579864885,1.1259616338488603,-0.0793716731100705,0.23834569566912295,0.06311532556228451,0.39261561311504295,-1.0697680423019467,-0.10375996064873588
0.10085192951488596,-0.338399923131017,0.19022197952233022,-0.8454300845842486,-0.0894187626846871,0.5398834466454151,-0.24586613861590706,-0.35932033168370603,0.955648267706735,0.16749996568097578,0.1100692436981576,0.12451279083211066,0.6355315175000362,-0.6392639691062881,-0.5128706780490782
0.18558780700151256,-0.2586124392945481,0.10947310343536622,-0.9439170763301264,0.02840218473825769,0.4203853456365141,-0.1010042503213362,-0.4996507945695224,0.7597800747579202,0.0881107344231038,0.1217995539332554,0.13636251266608077,0.4833571121090011,-1.1116800703363536,-0.6582329153149142
0.15547134783910407,-0.333779433430772,0.13084902576837792,-0.9004937043776866,-0.06750780936331978,0.42967306363753677,0.04171990318611089,-0.3828409369793113,1.0104135343361742,-0.013416560012762022,0.1931301348371957,0.11716471398703998,0.40484165684060813,-1.020418751283877,-0.45292233077881755
0.25632078113441964,-0.14586079053526968,-0.0611495275502763,-0.7272930039816982,-0.48245928918919945,0.29047196455219665,-0.1463226128186979,-0.2786367219533568,0.8050863311675158,0.266141563449967,0.10254507449089935,0.20304216309430592,0.4735111464982656,-0.44014831662400794,-0.629082097500096
0.21094670007940922,-0.32528115716998574,0.1649656276515305,-0.8426005666306727,0.24788345804240908,0.5406573307823048,-0.13720011141955238,-0.45422554404795007,0.9427935168943709,-0.09721123331224235,0.3419331991940306,0.0871231927960329,0.5328382637779399,-0.7911203340906501,-0.4116748244595479
0.1337413390058684,-0.37179573898953044,0.14703821567320113,-0.9833761522371213,-0.019650950437100297,0.4987326214904323,-0.31931389532557647,-0.48476195687128265,0.9385606616791065,0.14232196087046078,0.09599497091071772,0.09798082125898752,0.5149365476480928,-1.024367066924084,-0.32662052383257895
0.06577304594367513,-0.45504493045711086,0.2875755253630759,-1.0026796522414343,0.210555868824859,0.5800522734517134,-0.3303197719795302,-0.5251932534041865,1.0519118052651908,0.043991248925566,0.17183164142520338,0.10456307262892413,0.28716722626304997,-1.1094505758945892,-0.331611217740218
0.13731965287187217,-0.3642989622861358,0.2081223000376472,-0.8740961140280769,-0.054410564252883535,0.49907331759274187,-0.5271560377839668,-0.465165762491668,0.8872700520081085,0.10247823930305923,0.1563773834982895,0.1481470520955227,0.46680082472629714,-0.9014166050922157,-0.2917074198788771
0.07107409990131813,-0.517564047211444,0.3373577721177095,-0.9865078162966927,0.00540476641871813,0.6082605751186257,-0.33949188115602275,-0.46125749419842643,0.9375799042382683,0.09987102108569694,0.35870398611598364,0.06818578836679098,0.6839533735037973,-0.8562025578821162,-0.2883097692461157
0.19366822471082096,-0.6624367986569331,0.3988570496602232,-0.9713005176402355,0.23236726408228087,0.7160946864181087,-0.6297362882597439,-0.503522452581854,0.997984069349248,0.03794331056302197,0.35600707164648066,0.03956805274586975,0.560787195701278,-1.2046076425442627,-0.2622512683647638
0.17871784502701443,-0.6134189535700691,0.4680601174791659,-0.9819137506926578,0.42230906382471534,0.7561480678037434,-0.7130970275125925,-0.5169643831686003,1.0634286065981182,-0.0018320156164475464,0.36836152225594265,0.05971861710160798,0.4347946943694374,-0.966772184750757,-0.07873722318271935
0.15227165367555773,-0.6262702795948282,0.4439034079508142,-0.9202180127519716,0.278616896739199,0.7055041974440489,-0.6964587598186713,-0.5860525582248203,1.1431645682226212,-0.008013679156791553,0.22628719147594176,0.01822572505528685,0.38548924265641255,-1.0882928162349523,-0.28692204936748145
0.029931706767463866,-0.7255893419686871,0.5378382643961583,-1.0147345180199001,0.5125215824125651,0.7726543804954077,-0.8524347604235517,-0.6125250614953193,1.1700693587771724,-0.1880612322978281,0.14623596465832386,-0.004525439841669728,0.4943225400694526,-1.2483117650424838,-0.019216741973877002
0.07308040265733202,-0.5509018327109076,0.39270131774425615,-0.9687238456056071,0.1522479912816994,0.7251479656723074,-0.20908223421940605,-0.4703406819649532,1.15567280564921,-0.020316328727296686,0.3154161862325492,0.026401930819121233,0.4671519953668485,-1.2505694418676034,-0.2117704938201197
0.30658794736162504,-0.558160604180109,0.36513076218062673,-1.058328925782583,0.35859805625481883,0.6195376522021464,-0.36875281793804865,-0.5114539886264008,0.9805743749418802,-0.06563892311386724,0.32564115012139994,0.07055242663443799,0.4960100632807762,-0.803510662065531,-0.12479993193792553
0.12054471621774192,-0.5469893783737965,0.36673211442451886,-0.9735916908231396,0.31870329930604124,0.6905900808218608,-0.6015419677617914,-0.48013720555389766,1.011013681111827,0.12199764385695705,0.24046055770669567,0.02435429130894001,0.5493832127807109,-1.1897281282773082,-0.14204053536202663
0.2596223382117279,-0.6163069738129158,0.37697723205502853,-0.8441843905577867,0.33512769419826116,0.6945667060773081,-0.501117221325651,-0.5137194596946616,1.110424743879987,-0.02210489254435348,0.2323020752999467,0.08200920995383376,0.39729008377324304,-1.1739247505488628,-0.27396998232180286
0.23179845207627842,-0.69022141999081,0.48316022079825793,-1.0409117074980305,0.5212220066717003,0.8340343542276687,-0.9603112115992103,-0.5415239614735065,1.0678062250288716,-0.17465859174570256,0.2837114045488872,0.03579865927167431,0.4684915785232474,-1.3406418347674525,-0.14221919537991584
0.25704588747616647,-0.5528125037275168,0.36122545869839034,-1.0402172672408552,-0.13300038112205964,0.6776041830208389,-0.3883063379738774,-0.5656776122121882,1.1485824296530212,0.017991603544831418,0.3363769163627725,0.08805044445635091,0.5340639025735833,-0.6440699218119041,-0.24058604430234212
0.13926686237584912,-0.5546675301022209,0.3874892428943139,-0.9294523983003212,0.0639986189487704,0.6917363462026339,-0.3812663203991779,-0.5712134063932023,1.163716151109129,-0.013598155046302731,0.12055784350933756,0.07859708748116774,0.5421332117970676,-0.9134842067619858,-0.15725644540559164
0.20590617721097806,-0.6655929642348606,0.5007263847140493,-0.9947450452816871,0.7926156179080093,0.7701183053574138,-0.9403917310028811,-0.568931182316035,1.1074206595173974,-0.020451701371903067,0.2642872238152861,-0.009158160309787227,0.5042301466980281,-1.3027011081030642,-0.1515599437471432
0.20682143206511322,-0.5745316773175012,0.4544817902082959,-1.005947378897152,0.3083686833982606,0.652503712137418,-0.9972210044667893,-0.5660202498727258,1.031723523460851,-0.017356203637315094,0.18949783581540836,-0.01341972482304185,0.49324198774517897,-1.1686417341102338,-0.1302648880320773
0.2094646955276763,-0.5727197237947725,0.34286352195435144,-1.019495750686364,0.16553655434103784,0.6594912385019583,-0.21908171053752215,-0.46654515386197587,1.0363214298856254,0.058618458343085475,0.410109015567076,0.08359772597572215,0.4102458052409855,-1.17760091290114,-0.18569576527860102
0.13683311660846278,-0.48208013506140146,0.35042803909274495,-0.9974078214626353,-0.05778243091230692,0.6425556154840797,-0.4452750466844766,-0.4961035270499625,0.9364033427563923,0.004421008542728494,0.2759561721368505,0.03855602411900518,0.4476038871389379,-0.8802225827212752,-0.29840082970868453
0.22099161577180637,-0.6188436601211988,0.4409554693282678,-0.8888533505197932,0.5526794557664608,0.7931233387800326,-0.8190030795366714,-0.5167079173961496,1.1555601042662402,0.008782332586186693,0.24080294833131324,0.06923892804539333,0.44657117407147945,-1.0881236699940147,-0.13977075649275
0.1491693631144774,-0.608829355320324,0.4622438649468199,-0.9228578073527274,0.7284396282760561,0.7264380092762635,-0.7786384881026156,-0.5396639966839724,1.0402552868800001,0.026658655625817925,0.12953099178603975,0.008804292456330612,0.4396354595207099,-1.6360534970755547,-0.2088824701233941
0.10855129663001042,-0.8325332502442673,0.6096875274146455,-0.9877723562960613,0.7817477200478958,0.9506632142401991,-0.9371094656222817,-0.5971993317695525,1.1967964905325519,-0.12418763957594535,0.23070856479330248,-0.02585162266208757,0.2816889704243299,-1.2214358925959243,-0.07159310458882946
0.14238283333251042,-0.8382035134568177,0.6156978441997107,-0.9741485936695298,0.9150013967412184,0.9437539894293019,-1.102435417381481,-0.5893698738614356,1.1444601304426973,-0.26957500969330533,0.08164413745462609,-0.044755992045100716,0.39189925487986815,-1.316680926955537,0.1346224563175996
0.07457318965809036,-0.8650235115858695,0.7270680946636855,-0.7523137278437838,1.0290079124853173,0.958717485555349,-0.6552039251124521,-0.4713309367611012,1.0511300264444219,-0.20459669085163462,0.36182038505599323,-0.06908262712333606,0.11697253582023916,-1.4992273048015976,0.07688299011044458
0.13199965669514513,-0.903101860349405,0.7604924227167217,-0.7641148635025241,0.8770637233531533,1.0062802484055138,-1.4777723566903562,-0.5155128081814859,1.115408394321408,-0.26991158079050165,-0.0283064907592587,-0.07280429725390632,0.08575091416003969,-1.3601082709665193,0.3619949648412682
-0.032880108703533646,-1.0532334724332835,0.9934413319336747,-0.49462970229252934,1.755836747044505,1.1318731837307408,-1.5349507904070974,-0.40731801234694126,1.0695212165920953,-0.613865913164998,0.062155641958830034,-0.22366153037282027,-0.14932666967488153,-1.4742859488371192,0.4004350529389408
-0.13662971825631784,-1.0565612164662683,0.9634368907811142,-0.6006579642182766,1.374090529272293,1.067679707253781,-1.9081485736694894,-0.4842212967258929,0.9625644341397107,-0.4431999975573644,-0.08826829921019527,-0.2006921256612301,0.014703287617238742,-1.4790743846954357,0.47062825478527004
0.16022968477544158,-0.8991133595297742,0.8110058847282026,-0.7596975647105187,1.1463254154882379,0.9768528699550414,-1.05623341816271,-0.48109448817088696,1.2182588877346736,-0.20856114842451687,-0.0602181493257024,-0.1024366202027992,0.143009462236643,-1.6265674411691942,0.0597975699315494
0.07962967277195418,-1.0148280200903548,0.9085321805687231,-0.6721676585583924,1.1929287025076456,1.0234032309232324,-1.6958534972406,-0.4423555914361819,1.0000779985440331,-0.46201907836838324,0.07754992224201916,-0.19443799146061228,0.05279245949112939,-1.432639995113774,0.5200091891384504
0.018909155547759744,-1.0511491052408766,0.8867047209875787,-0.6698786522216088,1.0521262174243675,0.9739225929347886,-1.5173786573275556,-0.5520079756039613,1.044371705354189,-0.44520458197039875,-0.02758563804936879,-0.11498583109248714,-0.13206907279980246,-1.447954681724501,0.37849001275710314
0.07889802523463917,-1.0050906330469442,0.8985201935555228,-0.7601545335884357,1.0392030733747388,1.0716206272126187,-1.6585953264359776,-0.550262818206037,1.1457991022975784,-0.40229448229641185,-0.11323405116599067,-0.1329610196531394,0.008397738974069946,-1.5059829241956004,0.38554420035658526
0.14021992566709843,-1.0719781716471866,1.0491241424658824,-0.52300636377524,1.4704446491000818,1.1567148029751781,-1.7495408194795756,-0.5022391939275084,0.8678857603757977,-0.5037656480894426,0.1411440652072191,-0.24565028697144223,-0.42155070120724397,-1.3122522208975753,0.502440861138385
-0.013544313148382985,-1.0126461989572766,0.866782530271232,-0.664261678776239,1.000159790926771,1.1394019825663375,-1.3153929686170942,-0.5242849476674608,1.017874636177856,-0.3480237154284873,0.0774146055469526,-0.07916960479431417,0.2411405857502927,-1.384370151787225,0.41735566163742144
-0.02621760958372407,-0.8502369009767201,0.7330741926704128,-0.8760998178906888,1.0102192639906646,0.9896095781753296,-1.0603135024998436,-0.6157548544968624,1.0149915621008565,-0.28976489616664297,0.1565169120596646,-0.1218932474509328,0.26867126746135606,-1.3351652168430113,0.04145521046883684
0.1981959635785882,-0.7733300075718711,0.5058139876324214,-1.0317216350099059,0.34706943799504003,0.8368282055875816,-0.5692739722420542,-0.5223777177317434,1.2435067259290133,-0.07872898326971936,0.07703352682435166,-0.03037574455282864,0.3761527975093738,-1.2390918497365133,-0.10671064644121407
0.05433325219193372,-0.7091087368547163,0.4706874001797997,-0.944555608697511,0.7466897021836606,0.7175366980220308,-0.755572389450795,-0.5783283155673227,1.0720041892766181,-0.013874674236130143,0.24545943818433547,0.03205928790435427,0.43254481554793767,-1.3066217268490947,-0.08417103388959801
0.05714699564393249,-0.6634640185165308,0.4954549013526019,-0.9599883842523599,0.29298631363198563,0.7106016312698317,-0.6601826667518983,-0.46578380644846545,1.2986812951688032,0.05978665112595687,0.26051810090692523,0.0204986519946061,0.320547925369912,-1.1585166418658672,-0.06813546570308805
0.0712541811476885,-0.6730483740431015,0.5696720218699389,-0.9742816725097495,0.28664015358071876,0.9526471938849159,-0.7614508114510176,-0.5345762602421353,1.0806710064084926,-0.11101630839470705,0.2158524303998513,-0.005791425529842861,0.2593347013093095,-1.3404993870862758,-0.027201051295829837
0.11521528479120931,-0.7871302845967346,0.544614013597095,-0.8723622752464458,0.9181914255666872,0.8741567988544265,-0.9543445635656397,-0.5763488826057171,1.0458470121942494,-0.19977614934861485,0.21630855641231925,-0.01601693608236182,0.33799672377620243,-1.4578113193373472,-0.11508244571261016
0.15483172060009714,-0.6417741309621725,0.4512773140823614,-0.9421789539612268,0.7374751176365315,0.7394910120236169,-0.47110531194892064,-0.5116731278402229,1.1020486974197683,0.01404120134520474,0.21967842845391478,0.08803124938161022,0.49835402503677706,-1.093133838970645,-0.3897218039382784
0.07547968066168169,-0.3100331905891987,0.1292081332256405,-0.9152476322231078,-0.00871422946211155,0.4253284843809592,-0.07613156124211751,-0.48179450361727477,0.7911083949264229,0.12583738697286104,0.10880380429121393,0.17057509032143553,0.39743787352224624,-0.8265623782351994,-0.37296523345028487
0.17327830236021113,-0.2910391695247019,0.12500564664775418,-0.8953559306956238,-0.4003471180024262,0.48342076437325393,0.14123067574128104,-0.4404720182960968,0.9844366514521076,0.16320815181856027,0.28852752274075455,0.10179465621794004,0.30449132531285344,-0.6018396370022148,-0.1810227744190615
0.14903578050591537,-0.2346385951194936,0.07934456902304757,-0.7673428866167581,-0.26121987015274417,0.4025350788876351,-0.09444189351053474,-0.42427466671131786,0.9057527742769741,0.19906510581842932,-0.016816216973744455,0.1511367367821966,0.6233243302892161,-0.653774828670229,-0.41747396990145447
0.02172421239907872,-0.3096797426097003,0.12103664471293983,-0.8723830105298647,-0.2877783210601707,0.41300058294874414,-0.3750195425967362,-0.4727234846817276,0.8323068124754692,0.18366877243034524,0.22566938111139148,0.15116732638383132,0.5780364067842841,-0.8234024829219166,-0.4652213618697584
0.28848123635661765,-0.4214731830294303,0.1699368646849234,-0.9700109200206944,-0.3478137279322963,0.45248481416548736,-0.4457881910250017,-0.47704790105953293,0.9857359146220258,0.09352683497965499,0.15697413604303864,0.15597743912198703,0.46132292750081505,-0.7733866241487543,-0.32189686876666457
0.14801054094287178,-0.38341021140971004,0.22146192542299759,-0.9581553445345301,-0.14930650348836755,0.5279896591561151,-0.6053565109640813,-0.4602412692666613,0.9603406449017321,0.11945964432699628,0.2755715068495107,0.09109940576055597,0.6114315901821294,-1.0647913439817729,-0.42962416213483934
0.15675803758941276,-0.43267975707579476,0.33330553393303586,-0.8910180850901037,0.44681364096022996,0.5750155553615884,-0.9691076193076436,-0.4651596019899469,0.9234917858564069,0.026840847460238206,0.32259792630960527,0.04337747716852873,0.4571736264116477,-0.8073647406956411,-0.1849384212548185
0.22280488265020573,-0.4634840909319074,0.3134159591735707,-0.9771628995816459,0.3502096492885124,0.6809084070571633,-0.21052514012097576,-0.4517423883871459,1.2090618803486846,0.07371255117329581,0.1332914818207057,0.07678982024241839,0.4401946587409541,-1.177324989635303,-0.16349228624303488
0.28944087986271977,-0.5508339443814405,0.39598108281855837,-0.9959475107248676,0.18568619199623373,0.6063006067397019,-0.36918479041576197,-0.5310510215135673,1.1151362301803633,0.025059676702910216,0.03146452328099107,0.08221476001061027,0.49381929725405366,-1.019982884655349,-0.3447750197093273
0.1737523981249226,-0.5031549592053328,0.2937972306181836,-0.8399949718207994,-0.10527661588373485,0.5256612459823875,-0.37663603469537155,-0.4872022771561035,1.033829463973333,0.1469716432131648,0.1706876499468251,0.08907599455837585,0.38833861779317136,-1.2256563116937367,-0.26852260107359477
0.2275796772345369,-0.4630411033029339,0.23489775051327416,-1.0260144988720385,-0.040092158651352815,0.5688965011646668,-0.17979418885456971,-0.5083232830712782,0.8667198378024292,-0.007654582810257192,0.06687029828503765,0.06816518479993232,0.4823615832412768,-0.7246957460417698,-0.19745621514297795
0.24175118821521707,-0.4878120713245231,0.2760692894832097,-0.9169855611722683,0.14217149496221396,0.6502612787149532,-0.5436530202238155,-0.4595929631361415,1.022272096128919,0.06110751250437385,0.2766456890541627,0.04639966724708213,0.5227013433214661,-1.037858386512625,-0.3303843138138985
0.13136688067578955,-0.4904209550023423,0.38921293193213397,-0.94423888583989,0.6022207758359358,0.7374196764495694,-0.27154660110005774,-0.5483070012899375,1.0495670235555468,-0.005092519491308156,0.34064804483047484,0.09189777926554278,0.5253453624461277,-0.9334990388913085,-0.13688301654097
0.19767055302645745,-0.5503776992640173,0.34129408450329707,-1.003880871160877,0.020592703340433668,0.6702910376150953,-0.5955134517839413,-0.46708007304902255,0.9958747062535795,0.03223703438891983,0.21506734580531098,0.08063494449944372,0.46243717477688623,-1.070747779830157,-0.23776875574339956
0.1388290170380655,-0.6209658394873026,0.3640294441182856,-1.026508284068944,0.36209616894039753,0.7017020741498763,-0.3945085325511685,-0.48670105874039976,1.1516776495838859,0.007356802092286344,0.3143300390449065,0.05709593364337233,0.45863692079090224,-1.479897199348356,-0.2149812462630803
0.18982840710387483,-0.5289521222329424,0.3346686650364516,-0.9568532073320212,-0.09410951117509307,0.673010464544205,-0.3656275282761457,-0.3933908910903465,0.9607716028968583,-0.05332761969878629,0.5312265144114072,0.12526918766981399,0.49590489715720715,-1.1020848732257522,-0.4048145669991462
0.13024862793955821,-0.49545117643953224,0.3352593609295401,-0.85793264934674,0.1819733542610677,0.6889301483603107,-0.5320412792200889,-0.4310548287674508,0.9363396301324513,0.079019316647423,0.19538323034778757,0.07957405583187116,0.5436889676780315,-0.9709467135323454,-0.4554272762818326
0.2435401126910891,-0.5647984162483263,0.43003415758653796,-0.9934790786083497,0.11702540612708995,0.6987061557208861,-0.9234393663943925,-0.5642859858494315,1.1581201943734913,-0.2311250173285951,0.29483632543086097,0.007795217155188084,0.5132319437784056,-1.211056233436884,-0.1756469181534045
0.07673867679531148,-0.3491658586305412,0.19045279093174705,-0.889505871095816,-0.3099158026544577,0.5148798043399202,-0.31557674021563886,-0.3950412128874434,0.8759387725184284,0.15011684190217947,0.14879981773416706,0.14342438058417514,0.5928115537886237,-0.7621342450006948,-0.3982784852090567
0.030473249611510662,-0.0813169500097618,-0.02760763545234379,-0.7821096071751019,0.13212032589782655,0.28923898109031226,-0.14297704500750255,-0.3900107021310577,0.8101929627522437,0.18322157446010223,0.12385348694882592,0.14231233120890083,0.27240268889601477,-0.5615376421840114,-0.6476812520834391
0.43522104817690055,0.04728774904973795,-0.2453885678391009,-0.5340243748468118,-0.6004045228072078,-0.024997290881007515,0.5162252570702311,-0.289975708279139,0.4199886116247187,0.43648418613166323,0.05580066154956661,0.23263118876984215,0.1982893627383399,-0.37926153284863845,-0.4472969357049171
0.4953985330352034,0.5629260934728066,-0.6221690979736769,0.1442968126501238,-1.1112693717634503,-0.524922302725857,0.9379458507203537,-0.18979183142536388,-0.08742580293635525,0.5639126918080665,-0.35214638967293466,0.41820633584499634,-0.08369513909948423,0.4224012141757044,-0.6246170063414247
0.27418380352369526,0.6938168549870778,-0.6770632533526622,0.1255055627964427,-1.11950691702423,-0.6118653053328742,1.1487039270552883,-0.22230945622690618,0.09734435851947934,0.4379295710279889,-0.5084145659920413,0.5257803620706485,-0.24128130999061023,0.6481748731068956,-0.7243456306560406
0.36715902954906143,0.4514272104112644,-0.5896381332164884,-0.16075366485012207,-1.2010037229974346,-0.4407865890157348,0.985065597578662,-0.2856934308791926,0.10963686973660147,0.627727201745189,-0.4087051164397155,0.4035978577975731,-0.06973262733804057,0.3947977242934075,-0.6025625005738705
0.36800925463903356,0.600487119144424,-0.6055464395987095,0.08691182117181889,-0.9096486185047917,-0.5507931823226485,0.9520639561109,-0.23583930495825423,0.05751311264109971,0.4542331605215753,-0.4383776615430999,0.4406133705188192,-0.1748099136724745,0.49379664780269544,-0.6512440611395787
0.3496682508183132,0.4637067090691845,-0.5415260800530158,0.00915115505518763,-0.6811882803896209,-0.4050409861617815,0.8532208709137844,-0.12883749857515783,0.20307641752703207,0.47937183763808966,-0.3834610924041427,0.45396736712346475,-0.07648140093183865,0.3450815270548982,-0.6175607171743688
0.23087533872712715,0.2470489428627894,-0.40934112222401764,-0.37864358412771165,-0.6232617329786069,-0.22911287044196443,0.719931872554838,-0.2971496312077801,0.21330622445902872,0.4945158882613241,0.030759212413141945,0.3124493744535253,0.1728351021838635,-0.06547434269745984,-0.5436220591492141
0.26127383743964405,0.047490196872041326,-0.20610993437500685,-0.616990594666927,-0.6812356802279311,0.07179678791981611,0.4001635931400551,-0.42494628304260956,0.5917521986652569,0.29212705352514107,0.019366588761819636,0.2873527690094175,0.4755009066370139,-0.5096689713315496,-0.6398722140025221
0.30874869169094243,0.023367800256596214,-0.1968767148691714,-0.6181734175571287,-0.5562278459381679,0.04658901229405083,0.41917522511043387,-0.3421846715865207,0.516989031342456,0.3289903387483767,0.04655478378294353,0.21277544770928394,0.323198215833472,-0.39483544485983874,-0.5169664402740344
0.19251301887217095,-0.1812630191825795,0.03129592008231969,-0.7909724041678885,-0.3647112356212434,0.3614498093364455,0.29765663884825166,-0.37097066008908364,0.8182891255949158,0.21017244251070116,0.16908881918683194,0.13494102532865584,0.37531627000388723,-0.6566511592759543,-0.3954453417514377
0.1422115632090361,-0.1695949749364066,0.01643413508725369,-0.7787764632833009,-0.16602239129515375,0.2463682133582687,0.44091255704027704,-0.43855207507141497,0.7432523562563563,0.2450382083023955,0.1632800665430573,0.14006104694158608,0.257695943143231,-0.5891817170443207,-0.3508952523893655
0.32615409102598275,-0.11797030360174518,-0.10652017524849165,-0.6646501040589011,-0.7437783225246454,0.11300564040193632,0.16358172720628858,-0.3939848923382559,0.5968078865026065,0.21774390091026347,0.23271789617241348,0.1963560300093172,0.3338746859347679,-0.7172296464614596,-0.5510882841868417
0.19652471037884345,0.002850633099171093,-0.22709271589310648,-0.5969712472804796,-0.5458650630551077,0.13104054617886912,0.9798438945719409,-0.3399172076594326,0.43323550784833725,0.32288292900148235,0.0022301564098368767,0.25143924555852687,0.3880725558655924,-0.16601632744456463,-0.547240826824292
0.31677936383170696,0.29663497674180184,-0.4588070308717151,-0.34757521051665763,-0.694497477734984,-0.2611846807666261,0.7930083512755732,-0.2997256082893871,0.2731130598163137,0.46024250072113104,-0.0971656678678946,0.32763554782456544,0.018344640524814007,0.25527812800369193,-0.8089716042908712
0.43997759510696527,0.5118859042717027,-0.5685823242434555,0.001147307697024815,-0.919090369229948,-0.392730023944365,0.9228094263725913,-0.2703647534600318,0.07097874929400756,0.527643869006532,-0.25450053372834847,0.41734786807837077,-0.07732001290205603,0.3142325232819564,-0.4675370154734655
0.3927774722160623,0.6136129428806363,-0.602463622601814,0.149264809241102,-0.8465974626178183,-0.5709081551923768,0.9017235864708761,-0.20476287077579164,-0.03687362267974281,0.5694622303861757,-0.09148762542216737,0.4839925729950982,-0.012389993660754894,0.5147369817915866,-0.7263818232442949
0.36348813352975046,0.39194344550001436,-0.45506832020741167,-0.19281713695888753,-0.9739161657488555,-0.29017136559552303,0.8886076877076212,-0.3543077780218014,0.11684831419175182,0.5106738403632912,-0.00909584202193037,0.3633459412564232,-0.12978574645220267,-0.06498970880694144,-0.6297992640560387
0.1769792033083911,0.10499973154589688,-0.2192346472827138,-0.6241389891541622,-0.7524944250980014,-0.01551964137495663,0.3714224322582058,-0.31895998690698923,0.3811659087465855,0.3642223926901658,0.1304967786549675,0.239487861894081,0.160613326626662,-0.23349745757826124,-0.6049829380926465
0.28966392936147733,0.3216730727769907,-0.3918727389218252,-0.3709134641344618,-1.080740754003367,-0.20314163782152247,0.815834298637248,-0.28880606077380816,0.2528647051660605,0.4929106258056282,-0.07205198478803841,0.33650315943356074,0.0456404468504812,0.17644483226738297,-0.566240297662884
0.41842394360796736,0.24903010177320486,-0.36061766649990334,-0.43029733509939494,-0.8110082523376168,-0.19405882925877604,0.8414443087465797,-0.3310582100900272,0.37307063532106005,0.43918295284727804,0.08549492215105912,0.30246214807837773,0.341337684849838,-0.4371465929636821,-0.7270058417086368
0.310586349663894,0.46368177203187794,-0.5216752374208319,-0.0845515769918422,-0.9398333589553233,-0.3353835713696946,0.9073201607577438,-0.23219415931999687,0.2709946394191953,0.5926462587904399,-0.2625735479170034,0.41228518830127653,-0.16785204859600392,0.17370219336997963,-0.4605745374745024
0.39393476007193284,0.3598995337437032,-0.4280985174372116,-0.2769316579208525,-0.9630809323299884,-0.2309537238627761,0.8068232601814451,-0.37605957829139214,0.1882569174781275,0.4713061965572652,-0.20636433926401948,0.3552414953367512,0.24146465148605084,0.482264272410365,-0.6459585791836454
0.26039706068708157,0.39372561804795164,-0.40683659607684425,-0.2832230874773959,-0.6752167591766379,-0.30662396689691707,0.5370489272358387,-0.253012775690431,0.3153678660466027,0.45265550861666576,-0.19075574383534089,0.31314094887189275,0.32118021143276815,0.26156926772413547,-0.5593071878638508
0.5985109648343364,0.7177118136289689,-0.7593651289912593,0.26180607411747603,-1.3284422799214153,-0.765410941821517,0.9723852213865962,-0.25360815814813265,-0.025951715159918547,0.6106423513853163,-0.359552516289867,0.5350393087596799,-0.3404208990490465,1.031964859199597,-0.6404800209436728
0.5500797072201357,0.46648201530008604,-0.6042678440916703,-0.052340756253032736,-0.9219787701188905,-0.37062687238639097,1.0215530956778087,-0.24324561494683333,0.15437163821368696,0.44094307791850257,-0.22105314898253953,0.4872807502866124,-0.14688893400240924,0.33703243869370497,-0.6242072930429449
0.5139592053784193,0.6954415571222451,-0.6385952521771966,0.11565147662569232,-0.47006450324067434,-0.6444388026768304,0.7177020931920017,-0.23371484191123426,-0.06847404210311875,0.616843115145931,-0.1609282941063436,0.5007292230368758,-0.4287058054593452,0.6266686007967605,-0.5927850553854863
0.4800295362493769,0.7272626471105369,-0.7542453925391246,0.22404681400295784,-0.9063028070370239,-0.7269315803642967,0.7649165126731712,-0.16397003773181051,-0.12096861437884797,0.6855103333844317,-0.3797921011569812,0.5822743544848279,-0.5694023433995601,0.7378813774307957,-0.7485026773344361
0.5830552849246844,0.9786892579113381,-0.9473163162305795,0.7677823727511074,-0.7234110522019024,-1.015870068604552,1.4558116630698632,-0.27704463653747224,-0.30907501436780244,0.8092461587678553,-0.7697579003402012,0.6697465353283747,-0.626661878910248,1.3566200977829692,-0.7371557307205454
0.6169880236831695,1.1408147759794527,-1.0387467810437945,0.8715837776355236,-0.7318849298995782,-1.1605122461201633,0.8535651599293402,-0.3082585651683432,-0.31904364286979026,0.8402180922761331,-0.8684639985129442,0.7429490153648787,-0.9252577699288975,1.3865536835947012,-0.6439972254350984
0.5889851282989549,0.9814519014404676,-0.9098200361097617,0.7958890183378624,-0.809550710398279,-1.0554103057024349,1.0040460347934628,-0.22384188014898626,-0.3971296790464732,0.6862238830776017,-0.6731951870751924,0.6784172322780911,-0.6978729092481385,1.0782017603900231,-0.5924460775727453
0.6535284339836027,1.030018406428485,-0.9340568186203978,0.7482266936684219,-1.0076230963755324,-1.022472664682954,0.9285238348988377,-0.29772186188166067,-0.2992042040548646,0.74887451841368,-0.5906853034874678,0.6809473660370732,-0.6073850973480549,1.19719646068598,-0.745541851428287
0.5234014430009463,0.9050725528188616,-0.8371100626688396,0.5468995522166996,-0.8954943184750004,-0.8436735319636884,0.8724206081612951,-0.34640117794902364,-0.10479857330590428,0.7398397996130535,-0.6919111720199034,0.6065614660742051,-0.5868553569672021,1.1843491068376515,-0.7147429734657244
0.5418167154019033,0.7370158796397197,-0.7276855531888274,0.3758950553599207,-0.8882255537843907,-0.8011098984730145,1.1868459456064482,-0.24383931944234377,-0.21746444102899806,0.6405625455527725,-0.38896783319161227,0.5778761700173058,-0.3234590470544061,0.9074690618125487,-0.6172464838689177
0.43889024578153935,0.43689666739950794,-0.5758378102920668,-0.11665378031564155,-0.8804539107862482,-0.4432593294228374,0.7074540782895977,-0.34089114455903347,0.13292180827681124,0.548250222380686,-0.3093284672542586,0.40297915545992213,0.03386238395188623,0.6732041261799501,-0.5891634583161531
0.2543833272373122,0.5159684382143878,-0.5519000429761025,-0.05291341707519623,-0.7810563298406262,-0.4461909355924018,0.42233151587235856,-0.2805630292300514,0.04304606296508758,0.5174075392586046,-0.17879008575407304,0.4412990860316944,-0.013363259145119993,0.2048314401942198,-0.7184763215150587
0.509918529097893,0.8742753267122527,-0.8473635277976701,0.48312652565292935,-1.183172605780941,-0.7825740060752763,1.3847595091404181,-0.25013720044394644,-0.12428241487134631,0.7602507469365953,-0.40988948945743053,0.6069959291714558,-0.240112396582536,1.050110971496478,-0.6036488398486128
0.4562757459824403,0.5903076996616922,-0.6211934314335387,0.05235466598905087,-0.5227350796508722,-0.5200124853058069,0.8965916728626179,-0.2601199129501973,0.10826876794358935,0.5400212296163833,-0.23273732069345932,0.4638722840289712,-0.1770648754701912,0.4126400987389079,-0.6278767386106756
0.3679832008242401,0.664349434335297,-0.6800568856146448,0.11315037799285914,-0.8223814718871387,-0.554765388850418,0.8726875704742172,-0.33147770494719003,-0.03913147498064013,0.526086722721224,-0.3965320773193424,0.4961199885069217,-0.18034540647545813,0.6265710187937529,-0.5933000281935056
0.41337871357597933,0.3990812893639564,-0.4425939325890047,-0.15773339290925403,-1.07784905600113,-0.23721782705930503,1.0860373433059465,-0.26426601583647136,0.40707107110650126,0.39902539992003616,-0.05660903269692285,0.3646375352327149,0.05060699112366676,0.09842732430905127,-0.5889411330921012
0.26130250544287964,0.35709503199813625,-0.43012850749236525,-0.26006571955911917,-0.9762722125548706,-0.2653220534520291,0.7092352911819446,-0.21260445166787342,0.35966448291045794,0.42209351157014746,-0.12309423164588787,0.39626820963904114,0.03103056907308801,0.2204230293895302,-0.4491585957311455
0.24345188851247396,0.34572745609450467,-0.4516622504924465,-0.2395020324050721,-0.5220913774338981,-0.11464213635413402,0.967930784215156,-0.25780992265359914,0.2908038595979381,0.4018921642833083,-0.24354430428366827,0.3932368402331386,-0.06067437504469944,0.38630624081500586,-0.5911421269530664
0.4487954685879189,0.2545321319505712,-0.34461464796227564,-0.2911777463854526,-0.6279513211088025,-0.1666601808561538,0.6495179582303519,-0.3544668211646451,0.42627228347479373,0.44807826088524505,-0.11997497545975082,0.3396896045856278,0.24514356032835968,0.1545444648003198,-0.7587474286942051
0.35497409514888906,-0.08885586649867118,-0.06896170059863303,-0.8038114882418633,-0.7510641122618397,0.1896944853897684,0.2202625098234898,-0.3705700903224245,0.6579814907248545,0.30409076044874295,0.21636997775615927,0.24233853845609465,0.4652642610387738,-0.46462937452106307,-0.47798920484342183
0.2522093079018872,-0.30129872235272365,0.18486913008323805,-0.8683015117349685,-0.1497843872577764,0.5385279269955788,-0.37711124459857515,-0.4117369217061554,0.9034403988942304,0.09819046635968626,0.44487052339541766,0.1354636518574031,0.3551238892153076,-0.960362839714229,-0.358219824849418
0.17981680252939597,-0.3966967723101473,0.19927244408652592,-0.8909542534207927,0.26205215888396194,0.46381685871370704,-0.24627573111771306,-0.41369251603633117,1.0707303816071598,0.16440281634654053,0.08196985625652049,0.0919618065778402,0.4002963884119658,-0.7923498976300678,-0.26059463222173834
0.06158243250558562,-0.47306726181017134,0.17355713712416024,-0.9536592774876367,0.15370261122675993,0.48794235995170016,-0.5058205334467987,-0.4669506669999677,0.9082420886521363,0.12600460091196156,0.38006917123893946,0.08073821144750432,0.5119104291051167,-1.068861559811664,-0.3973304206421912
0.07287910480549621,-0.53983439200709,0.3322709384665804,-0.9463690796461421,0.18469635612618854,0.6217261249709132,-0.6750000616604869,-0.4095483073209889,1.0447770406348234,-0.05028078405778015,0.3613095690976778,0.02579938597900229,0.5311497447035264,-0.8649437802680652,-0.30971917722470227
0.290219151961341,-0.2894887446973759,0.21687990624280087,-0.9102095400206874,-0.13938204576060376,0.5193167043961799,-0.23545134031619588,-0.4405744509023644,0.921651144817552,0.07106107566088529,0.2811780397316115,0.13137101880451674,0.530067855641165,-1.0950796274373453,-0.3184018185902177
0.0744324101657832,-0.4230032249962514,0.2655004586719877,-0.9700945588253991,-0.05412034106140211,0.6024495603825399,-0.2648495982099276,-0.4653352701540239,1.0060848521732506,0.058516478232464794,0.22254312167912213,0.09706261870961384,0.500847164095763,-0.7278765993617955,-0.39699221636690096
0.15843121159609996,-0.43857399375868594,0.25235949905832755,-0.9721443800125015,0.04103935228635343,0.5794842438343303,-0.14281506459200763,-0.4872768867514096,0.9516745238874885,0.015221544219484188,0.31450056246252267,0.12791557503951845,0.5264517424133252,-1.0620067091498566,-0.3949202504792767
0.08937900098269727,-0.47202388479271984,0.24939245799974508,-0.8139079872485446,0.025554779411239945,0.6407825669615037,-0.11051315311602182,-0.5206947485839987,1.0542838515758337,0.005654377654343665,0.3021132191674639,0.04788113731695423,0.3249273946932057,-1.038185457578175,-0.2719769725447051
0.21772722356622773,-0.354780899113263,0.16596152388540622,-0.8687960656068837,-0.3172354625302893,0.4518669649719479,-0.25342689252480877,-0.46304869473193133,0.9381831453573758,0.15666572543118787,0.24529840742807782,0.1260920770325534,0.4280628920787292,-0.8515418983880506,-0.36501661959620985
0.17425040657974744,-0.08609896400688713,-0.04092734052068657,-0.7689211030499594,-0.09448458751517445,0.24703082481975958,0.16208168823619287,-0.45898071042753485,0.6941897791315228,0.1776258363921405,0.16458051822658057,0.20272567828560267,0.22454468528316257,-0.7082175355033727,-0.4567989736233103
0.2449073768558637,0.19373120321428022,-0.30694028630084125,-0.47797454673878054,-0.7124637438787107,-0.19208091370907004,0.5591510037673999,-0.32329419369453716,0.4165553676403552,0.4352633011932927,-0.07556393470852152,0.35679764669482517,0.2460461179303774,0.20157912173410975,-0.6409689988924543
0.4166861427922616,0.384031455003641,-0.5469498588542074,-0.09653634132147351,-0.8557463362912154,-0.3904619869417474,1.2404562729651143,-0.32059653394388793,0.25918511811580264,0.5230196871824743,-0.2615370682836395,0.41203651925751733,-0.044542816617783566,-0.06029071851211236,-0.7364150272454241
0.45873350965733084,0.5331678169303511,-0.5773572846448424,-0.015917927597220577,-0.8084970314581396,-0.4861250627296569,0.5859158642177603,-0.22155440152506423,0.033810243018059044,0.5232951664692447,-0.2916132765156415,0.4972639722206075,-0.15399899308343667,0.49429108411357847,-0.5710006031980595
0.434705234953517,0.6189643660092883,-0.6203523616356038,0.11004900244662146,-0.5537994574542534,-0.5850309301755021,0.9522994944012292,-0.20115661219636305,-0.09727219349044686,0.646046055262742,-0.19353543663793735,0.42207185869667224,-0.06689669650483018,0.5289686531679664,-0.5579201340741734
0.3396576090113744,0.15329610549461972,-0.30621451744462813,-0.4320750578315094,-0.8859135805338462,-0.03656726426965784,0.3226277814620884,-0.2550780946643055,0.5946707483472665,0.3756177745829831,0.004974112099057155,0.2925714065282785,0.20949916551625136,-0.15836147396385725,-0.5882476157398533
0.18555023006479976,-0.006369616090441465,-0.16877917573579257,-0.6413618076371055,-0.6610814537773805,0.08672012327717436,0.16670658866892674,-0.32335828272262424,0.49254355708195235,0.32234047431568585,0.12967280093618816,0.25212540122038024,0.3966856697213957,-0.48120718566019166,-0.5190741636507784
0.27407632370559687,0.14500280624974657,-0.32151857643702864,-0.38301814291364406,-0.5169372305165439,-0.082269252269311,0.6095631432050417,-0.29688353920409744,0.41245265019680555,0.34343216175965746,-0.04448121475825624,0.26895669153426693,0.2000045601858552,0.10431032977624942,-0.700898018110048
0.33972728586175155,0.11819475573145137,-0.17548468145645008,-0.5082450548092823,-0.7095421652795509,-0.015910906456327433,0.23839713313970276,-0.338849351007693,0.5956482033198002,0.3264812944066735,0.08969291413889875,0.25942207483150226,0.08484926054956601,0.33743736966220755,-0.6730388470193865
0.3739612157442837,0.193050061512154,-0.30751951712923686,-0.551214175254195,-1.0896325895029493,-0.006531106607354571,0.4736552306559824,-0.35022869434127163,0.3276626856861826,0.3670132375275745,-0.012252113593045006,0.2723218481416121,0.36093603398195573,0.14394289994499912,-0.6685103925231841
0.3510249858461295,0.24379134304927785,-0.2996537640482454,-0.3813331005262845,-0.5598529275087492,-0.04821687128705737,0.7171066146752343,-0.30288254068383774,0.26518723624843116,0.4822086771591604,-0.17481301269037147,0.33498801560494457,0.24219411405515218,0.20537936257551198,-0.5069248720473849
0.1711921960792772,0.1829665909695229,-0.31014287222180953,-0.34586220257056155,-1.0788383369458148,-0.1333934559960416,0.5209302396203882,-0.297932602972369,0.5751228751313883,0.3042950333007592,-0.12303521843428858,0.29094332415617846,0.236795772998173,-0.32620050477202084,-0.6414738309880209
0.29198693800095565,0.12053376110923975,-0.26112520230304875,-0.46214146232267517,-0.7125406310993081,0.0006262896749777199,0.5995396307211278,-0.2626227579065158,0.4694968983492679,0.35392939829319003,-0.033653469052693334,0.1924306679164407,0.3982030916184559,-0.07398391543327001,-0.5142910078861875
0.23714772102388038,0.12814412104293516,-0.3127903422531689,-0.4475704120182325,-0.5929264902038516,-0.04245445284394076,0.5546884236109529,-0.2837616240903668,0.4885040491072936,0.37638263497730456,0.008056413354325125,0.2895979376968303,0.5157123676761597,-0.17365639320128876,-0.48902670245435176
0.3478195960829365,-0.08983722925103937,-0.10251677196944295,-0.7146943929734092,-0.5791563639356362,0.20508781608604923,0.4702290737540954,-0.28834301410053625,0.6973835247064109,0.30999210399054766,0.17200672207780204,0.19895848824407109,0.3299600771496176,-0.2838510040873072,-0.6979862310876154
0.30907773625660945,0.14206342113211318,-0.2916487455108994,-0.5031524053543445,-0.5574855064229866,-0.16865796836685595,0.5668329609279195,-0.30650286693204803,0.3260363922148634,0.3508620346436354,-0.05707858835774969,0.26417385213806616,0.3190234478608791,-0.38217074919285104,-0.730457159830922
0.3730025475401258,0.07927891609488896,-0.29647914954011106,-0.4101344507058518,-0.697152232885178,-0.04154416779888777,0.7731689557174153,-0.2813416722167328,0.5503044866290088,0.302803081689894,-0.05914379172786929,0.28616928859586366,0.4544017258938369,-0.2358655424274071,-0.60094890628925
0.21464650074198943,-0.2611929198814002,0.07190125259419394,-0.8389813871908203,-0.3589605265070958,0.4092613589020455,-0.22029767534838685,-0.42897644331688173,0.8441132732479041,0.06382123839137151,0.12812119838204758,0.19085289174067213,0.4716882758985262,-0.5944229540549096,-0.3342214113746132
0.23370346984448626,-0.3132921337967629,0.12369234833611804,-0.8280006552215546,-0.09489473632857243,0.3733868289699893,-0.17025201395543968,-0.4742670115154493,0.803112404690717,0.056066041982437954,0.17162092774726115,0.19834546970127648,0.5065010667652894,-0.5768526265273027,-0.46253303087984526
0.0705995490781856,-0.4742631716498272,0.22830394288535552,-0.9834940504459165,0.15445830530293214,0.6844152380995817,-0.44059912738050067,-0.4036285381924038,0.9370302331510582,0.13189556351937326,0.13821323855428136,0.07146719013048171,0.47089544189407645,-1.0061435253956006,-0.3836372262908135
0.17178060106342766,-0.518098694370553,0.2941174843194898,-0.9461393476110765,0.31714487521058793,0.5798310972153486,-0.36201591622948187,-0.5431982430795063,1.1038633389712986,0.13273484158981588,0.18943731755795304,0.10783472151554041,0.5376808675143185,-0.9216553734272335,-0.1443013085546289
0.015239120976709118,-0.5640561608755247,0.3685815167099946,-0.9332191746607972,0.2514841324148321,0.6800761694970725,-0.4772262608319972,-0.45115315953303814,1.0785097689191683,0.0497418695860065,0.23904009960468864,0.06320190993496913,0.42455334607866585,-0.939448456067531,-0.23667481005575944
-0.024958051454824378,-0.5368229004910614,0.36244036121220136,-0.9661430107744842,0.4385293010307827,0.6279078150444467,-0.953937456477795,-0.42184289237283024,1.130679228146049,0.10353069508604629,0.15580065730695591,0.07806541821224389,0.5130775783218475,-1.435076269215054,-0.3277109656429578
0.09898059576312548,-0.5572038977673407,0.34551107864622776,-0.873380392484821,-0.09776839898297965,0.66434029702044,-0.33480087040632733,-0.5475030932460678,0.8823155616406922,-0.04307192372767779,0.03281783656559979,0.023232718393278746,0.4541761637236918,-1.1313516373539771,-0.2585270113724237
0.26497652960475904,-0.4264638719250972,0.19119045900343043,-0.9492013973858786,0.11128697381419166,0.48590268777876333,-0.2585090101220364,-0.5274194038824702,0.8401200406411864,0.09751761847536154,0.17099173248993937,0.07154068990241222,0.32408112381366616,-1.3039776150028295,-0.376285772938052
0.11599732628574855,-0.47501741623370697,0.2816185997283712,-0.9488816762999186,0.20313008033924376,0.5155577197721787,-0.13007280002814436,-0.4520834620266066,0.8735504297216369,0.08052684355605555,0.31379675502900684,0.0595741782246746,0.39011995068024397,-0.7801869671842656,-0.3703170818188202
0.18532751133845407,-0.3473392011185812,0.06567400496406207,-0.9482970134560709,-0.24323520794950282,0.4290109732329111,-0.17298049947565045,-0.49067155528630857,1.0318687900183028,0.08783898837502957,0.286587477831026,0.1860891775915708,0.5858670380104326,-0.8879301663582179,-0.3385066068809193
0.10821673442184661,-0.3638291532719279,0.25157957067171594,-0.9435224087452603,0.028585136894565166,0.4933421536317874,-0.37042750366743316,-0.41336196901653843,0.9956266497022395,0.23676992755727289,0.23569241870859037,0.14658752682201018,0.3331288482929141,-0.9254883160605821,-0.2863245688221106
0.29275005687014355,-0.554735520167989,0.3041111861002824,-0.931502186530463,-0.0012203459094052146,0.5714536623283993,0.0035954877349314318,-0.5489045687391833,1.1766482222497487,-0.0470381561862205,0.42204336280368004,0.056758160872616696,0.4974672108355734,-1.228856692764982,-0.2310543703989156
0.10383736617020949,-0.5795219802264938,0.38989483967025396,-0.90425217677746,0.18176090646202245,0.7266328792313203,-0.32578536844636713,-0.5073421055151048,1.004635549988444,-0.05524950877812195,0.2804296915258279,0.015082303748889038,0.47166561509276694,-1.3319244711581584,-0.22564733998451933
0.20194867679390643,-0.5270498947008407,0.3429259946278928,-0.959251310519848,0.5592225996248553,0.7391142286283819,-0.14391875544742566,-0.4975412410162601,1.2494446232219865,-0.08117450331302405,0.15129073349570335,0.08646989529429171,0.4512034724136768,-0.9930496889658341,-0.18067295635190062
0.126398616733811,-0.5579964183838352,0.41357352188171015,-0.9235702925565916,0.0027738957997634844,0.676894582880021,-0.980719839335803,-0.524044632690859,1.1805185128219602,-0.030714514878774447,0.27171428892504534,0.026976767567114035,0.47376297892165276,-1.1277537355987375,-0.06765902649809086
0.1699714031457824,-0.5157036528426254,0.33036409356527163,-1.0445088254611434,0.33187572746337135,0.6821768641877002,-0.3553743297568086,-0.5008774597983328,0.9423935245609137,0.015689860652804363,0.1432507745167985,0.052811962506053724,0.3579398416235589,-1.1252988647570734,-0.12969367347825334
0.14442539068589602,-0.6357766569800087,0.4533275384264735,-0.9039875203367914,0.21281648230465428,0.7586452657723537,-0.7307306032088159,-0.5168983154330585,1.067579737422402,0.06703760806164413,0.13803593478815002,-0.03935585672466898,0.4661527238215058,-1.23774377013001,-0.12201161767981634
0.13173772948273008,-0.4686470261186381,0.22435424545742602,-0.9316655544166458,-0.1139830625717518,0.5490074183376763,-0.24214005459550425,-0.44820769084549467,1.0788715256299914,0.11128396721146608,0.15205154698991385,0.0995889484500356,0.4688169809245423,-0.7037945262896216,-0.23141724676669762
0.24382494792913442,-0.33719389604838546,0.16375656607275332,-0.9824069676667282,-0.36481171594625195,0.47176223851041893,-0.11708743649095037,-0.4170421975417587,0.8260663558927978,-0.0376090098139831,0.3315284344731623,0.1410306831515386,0.3534775121792555,-1.1169450634282914,-0.30230313476163173
0.11517343443870197,-0.12763736954400187,-0.03198001913120473,-0.7931707570014218,-0.5937610691454707,0.13125894960594878,0.10903683200198247,-0.35737264826111986,0.5666632812457918,0.3344698361069106,0.049516614644827615,0.228992492198411,0.41680037859048885,-0.3702477876936624,-0.3606737018328006
0.24820872640339195,0.1556529139717999,-0.30010157414066096,-0.439693744248307,-0.7469949840602356,-0.0591317668160525,0.5994268776114958,-0.2885662689092824,0.45175036744891756,0.43447506024379967,0.08683789927154831,0.3132057858484296,0.28306912588252064,-0.323683522887811,-0.6109213380183488
0.29423106968275964,-0.12980455107886,-0.14957089729370532,-0.6354468209744605,-0.38620923217726005,0.2017854927734886,0.3290322803207036,-0.32431718015711397,0.6745424006666205,0.24276602540034584,0.2450900589310217,0.1982574944003077,0.5355801860721155,-0.2281564561869066,-0.48098873037162715
0.33587782466001115,-0.16072510463227097,0.022995159433040507,-0.7654663842168612,-0.3234641954817095,0.322385176449403,0.08746950740576206,-0.39790907874152076,0.8592381635552304,0.10937732459024688,0.06437856494998553,0.11299825316646377,0.5212081699067709,-0.5039226388868683,-0.31849520077915333
0.3354821477293682,-0.054061043976909424,-0.05347849042297513,-0.7193262976806224,-0.5893072976407651,0.20469937084765769,0.16831080135258025,-0.3608705497357884,0.6743483856814118,0.1766543875896939,0.36826843843583057,0.19797424691835888,0.22226406061461967,-0.376214717164993,-0.5076981000299104
0.25370457964449195,0.2361105384558128,-0.3343470654258297,-0.37905998572508975,-0.7897285163300519,-0.05411521608548546,0.5941893726112275,-0.2686596092998268,0.3968815640980284,0.41956570697899426,0.1382547544460077,0.28768470516475286,0.12806057453720282,-0.07616662920883686,-0.5099537150704659
0.5037000057280132,0.6975921425913919,-0.7898711888511296,0.47938236916831495,-1.0751233048528706,-0.7336095968337324,0.5482540416199753,-0.162546764983833,-0.18874490354734377,0.5074873131443026,-0.5111615300806557,0.5837881176823808,-0.4245716650354625,0.74680496716675,-0.7049108960032933
0.5400911063456056,0.9027940319651632,-0.8895796618734197,0.5657061739128615,-0.8387167053474944,-0.786128542514398,0.7339080528383267,-0.21396166576298128,-0.10203447248765135,0.726957434332812,-0.49951687068599726,0.6739574070562284,-0.5745819814550097,1.0454773187415582,-0.5183454133058578
0.3089019272795872,0.39418347120227376,-0.45800555234282364,-0.2592993322388144,-0.9977462439415254,-0.18765111784936064,0.7498227791591876,-0.26972990913212896,0.27398784641973184,0.3838511644959518,-0.05108899874958222,0.36464312848004476,0.12496334643518311,0.23746641173421726,-0.6224209957676298
0.23957972394066013,0.31685421978341416,-0.4032005050626084,-0.3289055342575124,-0.5376062678939019,-0.18995186025467697,1.2002813960866328,-0.24971990622185417,0.2993022600456181,0.2885352793257849,-0.016765735287586944,0.33212517532908464,0.19197385815798332,0.1276879159487095,-0.6336183563793415
0.4177053140203999,0.3461367076819378,-0.4417028704957149,-0.1395430891068262,-0.9727849928513961,-0.31431753489048736,0.4469860947969037,-0.24961175767841184,0.20407544815831805,0.46847981085750695,-0.23290619272115654,0.36532258715779725,-0.1492493329916401,0.1747742778562538,-0.6103633008810194
0.29201658068533215,0.29670027586549513,-0.3795923711209993,-0.3743662035352684,-1.0859948022249102,-0.19152667766761858,0.7559741048274582,-0.3131375377427432,0.5006842097424306,0.40234554119881055,-0.08604011427556123,0.2864288079855743,0.12529921162862945,0.11089034744313432,-0.5831667777637156
0.49313343394257025,0.5687089901045986,-0.6499932868657247,0.13433649102252856,-0.9565217966302353,-0.5227234298532937,0.8104883911274429,-0.25650643147714397,0.07548387071847276,0.6389992489318169,-0.3160916912252224,0.4845741245126141,-0.15031935552557024,0.30046356434217986,-0.6621757935128734
0.5036352585958799,0.6386265217198773,-0.7171103626482692,0.0815028769978355,-0.7975288685667121,-0.5879394136939706,0.9649840891146074,-0.31809469057703926,-0.1170320157200924,0.48439865008624683,-0.21909914853797252,0.5111299515366269,-0.3099561431765817,0.47130800352850055,-0.6308665810559081
0.409825917779406,0.5504254715267689,-0.665602931913966,0.0655294136975677,-1.0465300320706652,-0.5884386373132391,0.7115551932251425,-0.21281232823513058,0.0647391591484247,0.6114300906996283,-0.13443541609778198,0.47147142655868673,-0.30616495400364047,0.38417089527650056,-0.7036130693441455
0.4416882645070453,0.6466868251543862,-0.6730948084584283,0.15082043565200162,-1.2391394775371218,-0.48919338167865783,1.2055831671136281,-0.3052321040253102,0.1174012700400655,0.5734981226097456,-0.3596972268756591,0.45526230520131966,-0.3512165187186032,0.37950221627224684,-0.8258370600088689
0.3899222251332462,0.4203411551466679,-0.46242903424966725,-0.20942152326623498,-0.6111820810636158,-0.3616983408995907,0.9394116592994183,-0.2899838069232558,0.07878717476214367,0.36645785546148685,-0.10693458138291344,0.3931208841122739,0.013788001845083539,0.27267218655880315,-0.7118114785128002
0.196469255712213,0.3875548774277597,-0.3990835703370061,-0.33178466158049247,-0.9628229982858822,-0.2371874174462347,0.44143922412184955,-0.2530178403492321,0.4222468590799916,0.4400418721546135,-0.11121570329446279,0.3557770359481527,0.1079979771549697,0.17589579120891488,-0.6053454095039028
0.30735431109612865,0.17828281469079915,-0.3497381203691315,-0.31905806103699685,-0.861750547623497,-0.11445002972605814,0.5188372492881014,-0.24421248476751914,0.37325122137764627,0.3095657833342485,-0.00444025401553078,0.3291401904803338,0.18071332222848857,0.07206281401662229,-0.5166189513141884
0.38688084296448744,0.3702248097595584,-0.3896165908418932,-0.17132428884951062,-0.9284834734100613,-0.32194979080201686,1.0877693037957468,-0.23832510050587616,0.3359102214198767,0.4602809672192206,-0.19079468510785294,0.35805399077230204,-0.037923369794435634,0.23539662102341447,-0.7269398060161578
0.3001898059588496,0.1647405470015124,-0.3248335102116447,-0.5294514917567277,-1.2243905185602204,-0.07537314768705283,0.29377030209427984,-0.26959090765330634,0.39369907206830895,0.42664877408138413,0.13756078434847915,0.3025878615996495,0.24634854921255037,-0.1009613162811692,-0.6592558729839562
0.2561958746242904,-0.07749620098850848,-0.010290134577733112,-0.6919086186773666,-0.35459103632263334,0.16461055733314287,0.25370728028677164,-0.3530959481949911,0.7017629577899985,0.23095814464648284,0.08110199922984364,0.1580789201728807,0.41344393535147933,-0.6318816430420706,-0.4976448451777452
0.26441833453321234,0.0720471457100464,-0.19784356689201232,-0.5378155855203737,-0.6607419270369355,0.09079786924811561,0.4648031221376371,-0.3275994663232105,0.4931367711499883,0.3750663777055962,0.04149578588128502,0.279020456943688,0.323270297932806,-0.05313795538624739,-0.4896350164778527
0.4035643797292948,0.20168952494986353,-0.3664710413880495,-0.37657869797124494,-0.8502478277026739,-0.22799039599575013,0.6253927548500595,-0.34467756015569273,0.42492115927027674,0.469761219825652,-0.03271989479892557,0.3565247878367463,0.009195432979172398,0.23892344027026083,-0.5893527202639967
0.2060048376041187,-0.05550773508849217,-0.13347023339141006,-0.699883605146455,-0.2648414722392849,0.11220477927403841,0.38647209508787983,-0.32162916023231264,0.6019588314373853,0.22278321115567823,0.135512550576768,0.1970369422237681,0.3020473446669064,-0.42884039103913785,-0.5347505719337944
0.2729339784428773,0.07884074625958858,-0.17955558302129074,-0.6003352084886149,-0.7738002794642583,0.0007061169818785283,0.3312888971440004,-0.2870284857412091,0.5408351478252168,0.27208844513777647,0.12880778138044485,0.24708499421695312,0.5306787341699899,-0.4248849806384969,-0.5639776042393488
0.26065338725968634,-0.1858846383505033,-0.0051747893373843305,-0.8938796518664389,-0.34262993584744683,0.38264063978846347,-0.40960276659102723,-0.33846613934312225,0.8483520401365521,0.1656438451724951,0.3451846039988423,0.2170388769382196,0.3898670419568893,-0.6814186583639615,-0.584511594141351
0.28494843467633163,-0.14531621977577713,-0.05651307392902316,-0.8283134584670978,-0.0687821119915168,0.2341818393235938,0.14010960973209027,-0.37967241579887007,0.7575797822699682,0.31979900395217353,0.25559799016944856,0.1734897913844101,0.39307180390479907,-0.46160898723175825,-0.4685119803681421
0.26099537798206557,-0.3696413952348829,0.13858606452482208,-1.0074271350890918,-0.16293006807862312,0.39908032819481465,-0.005742188535155181,-0.5115106317838133,0.8489200246056383,0.16804676261120555,0.19195311257985914,0.13207884430136918,0.5078195379845443,-0.8008971020272159,-0.47293199196499236
0.21160767218833573,-0.38808962741662467,0.1997359977075975,-0.9680489060738952,-0.16372287470777827,0.4849147580356371,-0.0965738313627983,-0.4657387150284393,0.9381969615351927,0.1487760521605211,0.036996155652081385,0.10894942022657075,0.44751251139087195,-0.5621463209071479,-0.2724376724178253
0.21154096951423393,-0.343864784584073,0.21613671391431324,-0.8355457755793343,0.10304192026334236,0.5687865716303144,-0.4022944262563985,-0.4155149701188551,0.8489844210873501,0.1773878788937671,0.2725930581855095,0.16233524162357843,0.4700595310157548,-0.6523964502526002,-0.270217393400571
0.161382237086332,-0.5554292679202463,0.34776698006151585,-0.9795487958636557,0.3795546485618741,0.6283784154245641,-0.7994910672830066,-0.46121088642778996,1.1941193812126791,0.041364395793515606,0.12756295996158618,0.007227580766154303,0.5029064825605177,-0.9222377028909452,-0.333406931806684
0.20965122830215172,-0.5194218797291893,0.3358729727579161,-0.8745025516336143,0.21279788820527712,0.6250581906245957,-0.3956582346493293,-0.41192447893963885,1.1041847827877436,0.018659057407980618,0.17300119602179226,0.03991080885057137,0.5065556538720946,-1.002427901646961,-0.24006028934919135
0.18240277692076923,-0.39155310249142156,0.1672844114759918,-0.9494881231948853,0.13428985315194306,0.49472702407367225,-0.14343135351519265,-0.4749767826418654,1.0575898217799589,0.012631415316640946,0.20588465345080129,0.13179800101578903,0.603623993988137,-0.8373976378971486,-0.2891332350028504
0.2571257267095438,-0.3001896480906089,0.1458842615254549,-0.8726933003857255,-0.13902884096619011,0.48227635992965695,-0.2671483052432825,-0.46129471990596776,0.9583042564229652,0.09497183427687984,0.01743641367842098,0.1623498026234683,0.5734724626786286,-0.7541644998005143,-0.3031805722143614
0.08324979964728985,-0.371863607593844,0.1898495102290038,-0.9548822387902768,-0.16950100438216875,0.5510544016605462,-0.15740889044637682,-0.5010725089846196,0.9651780956907385,0.133868609719109,0.14922689655125818,0.1095768210861026,0.4194723475602431,-0.8239499991160394,-0.4902612353970025
0.2284819309294522,-0.20146776238970956,0.017965671610909242,-0.8736292255488322,-0.4633682976982598,0.24085172502825988,0.08649292891757542,-0.3736467967567863,0.8289569627521937,0.30589546033110665,0.25035108320179417,0.16052740709337662,0.32941800349706296,-0.28198336155824294,-0.3064128704229604
-0.01768992255057899,-0.27048512895684157,0.08778243904746451,-0.9244982060743585,-0.2993571034404956,0.3031609485045558,0.2017415422196426,-0.4261889841502448,0.9889524446464503,0.18172531312514623,0.21785690946127909,0.16244352100658718,0.5075874618345569,-0.888866537823563,-0.5468673043152646
0.19590779040129672,-0.1563985060220136,-0.07122243939155408,-0.7531004463920998,-0.25231341311885136,0.28597723301971817,0.18264824430921783,-0.41111762355765247,0.7127406271113903,0.13410275048380993,0.123948253723585,0.16333378906708904,0.5263170988471454,-0.600348059180199,-0.519296436492766
0.270691752735993,-0.3421966270920143,0.11974953377035064,-0.8771080249163884,0.03622175948319794,0.4951253772672857,-0.18046190720659416,-0.47071047543815137,0.8041770915023353,0.12975838571557888,0.2625213818433518,0.1944627277405874,0.48154283152027055,-0.7994901974238042,-0.48437091033125546
0.3260491936192573,0.023669724872005464,-0.1763876699651887,-0.649539392817952,-0.7135661052198822,0.10296545488800471,0.4780252545980479,-0.31529791914701505,0.4441457381840414,0.30274047238052487,0.1650095587116578,0.24369485494981433,0.28056829774001624,-0.0878798541317808,-0.581690682591059
0.3946337136056827,0.2177810492441761,-0.3446022902468892,-0.435914847771577,-0.4440119805451276,-0.15382437645228894,0.4505657494868326,-0.2989826492491262,0.3538708619519137,0.31902362397296735,-0.05265198667845366,0.2669683966507427,0.35983683242556563,-0.05536573106058666,-0.6593156938494155
0.45989694558919586,0.536348469724171,-0.5804803342193632,-0.046239603769776136,-1.233608585920876,-0.504412281827027,0.9064626928645555,-0.2947872322752493,0.10394083312864921,0.49061770150901135,-0.3622787018952859,0.4267143345182464,-0.032119142581764196,0.398546483073508,-0.549810237902249
0.5681334738464175,0.648823345153899,-0.7191231811363135,0.2580547864143847,-1.0256202095127327,-0.6264876032625027,0.8978371538104616,-0.290850659822723,-0.007487161638549015,0.652052469196819,-0.44085754961264667,0.48342679064075134,-0.2260719766839359,0.8824854138140352,-0.6885586376436088
0.3868822480983202,0.6353717044987996,-0.6502914853652443,0.21129045014197875,-1.0507161338667992,-0.606333230134246,0.9809804196621025,-0.20992055414962452,0.05388800147466757,0.5587138728916218,-0.2283709125554007,0.4982328950976331,-0.1553474741907377,0.5157794881140985,-0.6215133257567137
0.5272402417443556,0.675364943367826,-0.6950172432352832,0.10480729638927726,-1.2304078015618658,-0.6132529837705576,1.0300428110963302,-0.31887822252436243,-0.03183724841831263,0.5110889083110538,-0.31705556419266745,0.46774517792490616,-0.23762490666253772,0.4677555780258087,-0.5184962461036405
0.4463073819003198,0.6366373290143339,-0.722848720155332,0.251941946682805,-0.6588288667201802,-0.578080483311048,0.8206463006010221,-0.23052113151757198,0.09153341895702931,0.6071698011964257,-0.22572525425902876,0.5710524136914576,-0.2931969543276197,0.8417145399166164,-0.6795656625138224
0.5520560325890447,0.7307172348341802,-0.7342936152942671,0.2428861695692576,-0.6616779541836632,-0.6983180969265211,1.2935553006048002,-0.2647348594028787,-0.0646468429936786,0.6743417297752314,-0.4534874197858212,0.5489888604276715,-0.22108635359044262,0.6894244610847583,-0.6061046678826564
0.40047409956529584,0.6758120388380655,-0.6942854118485298,0.16364278010199435,-0.6551161740057945,-0.5847865230705239,0.6688826498462231,-0.20572166139448805,-0.0948508740965517,0.6113092598155596,-0.38723025757340473,0.5176126262308692,-0.1410034054168681,0.9578534443228363,-0.603561028113604
0.6501340901217492,0.8780504129767256,-0.8135466657693813,0.3969415866790787,-0.8534555930360268,-0.7578907543488917,0.9787524739305964,-0.27131264094113694,-0.14851489628314798,0.6804338241526666,-0.5748295262783778,0.5911272785376734,-0.5131129257279355,0.8209499162546089,-0.7321933339626278
0.4686849930384251,0.7172913244152411,-0.7354581974214764,0.12549697637993384,-1.0513897394700118,-0.6505821449334895,0.7580522197256828,-0.23474056506620453,-0.048217318912272426,0.6280604030861112,-0.4329681076860823,0.4254451489529563,-0.14794290015224235,0.7841908102454076,-0.9347875582382978
0.3673321302927015,0.5339848341287974,-0.580652117973641,0.020298471327949312,-0.8453982006775373,-0.5640747941442564,0.2759244382581054,-0.2100027703662693,0.2840056035281526,0.4785431847521868,-0.19190882853754448,0.4396078224439981,-0.0998544017148908,0.33743578975172556,-0.6168854545505995
0.29504211889751253,0.41772300131650697,-0.5328783396063319,-0.25721231857444526,-0.838116545984949,-0.35847112231505995,0.8464138362656554,-0.25506224516447434,0.23029592463788634,0.45418010758402766,-0.19157808208962523,0.41235006924566736,-0.055081930115949466,0.4617299713635936,-0.6032969340654121
0.28580627836144445,0.28885378822108276,-0.41099378566959316,-0.33617176190250836,-0.6870221565357593,-0.1789910214906673,0.7619725378244543,-0.2575584323193323,0.1952221747671066,0.5286082750925115,0.0680912635035298,0.3550584572775927,0.10282140076861476,-0.043821627511299685,-0.6168055471336036
0.303885164948795,0.25705240898222065,-0.3531259881623238,-0.45162833871577956,-0.6675639818553818,-0.18067328777732283,0.6199681408121079,-0.30875549155112647,0.3385388840280141,0.358318660694614,-0.04794050429749152,0.30253066323035843,0.21272788942776827,0.3762660529196033,-0.5297330464354393
0.2758566021004929,-0.12662801276154792,-0.05445632174505182,-0.6836043034426753,-0.3969642183917052,0.24175088063680714,0.2761326210417133,-0.3707608238931804,0.6283318708162793,0.1972347760100521,0.3536744160510177,0.1913672422961609,0.37696048834472706,-0.690688894971726,-0.413833345315535
0.25073663719435557,-0.07861157675984233,-0.08076307208243817,-0.760857889628935,-0.4223800131666295,0.11597985076395817,0.22493561359836664,-0.35589469012858854,0.6304002030734007,0.2114202881050915,0.05462678092629146,0.19756863706367828,0.4360537674587526,-0.1785501912080248,-0.4033590016739627
0.30096361589782866,-0.03033615556209662,-0.14047191423922756,-0.6467916141819232,-0.5283505932232977,0.18686176936728668,0.7014915977828877,-0.3468319112651916,0.5436150585768355,0.18453263234896772,0.2652180911131666,0.23811204262242103,0.2544283384774293,-0.33272103024868044,-0.6717176442348053
0.2085793348697242,0.10836460387391927,-0.22893004007706977,-0.47207154979843474,-0.9351593064559696,-0.09303928120551219,0.8074523045280106,-0.3153077428560952,0.5387208260647552,0.35083978502193586,-0.037413131833602696,0.21120450154684453,0.24737332439330495,-0.36533508840492707,-0.7303266005731172
0.29199147587267,0.2491123354179618,-0.3608634043983325,-0.2702013334001589,-0.6583683174049868,-0.2131935408738106,0.8902048724076149,-0.3649346502181278,0.4788976189016583,0.4393016015534765,-0.06767132026633527,0.3428886118348155,0.18408275100474436,0.23932740096377,-0.5995141737298577
0.4938235001611985,0.5421690493450424,-0.5858564778161102,-0.10674394039636696,-1.1702504387667387,-0.48649426049631256,0.7931040526014442,-0.2651423435909706,0.09914353499378366,0.5964055668349109,-0.11478995475778948,0.42228354250543015,-0.2604936303137144,0.6108369827987942,-0.7296202857837575
0.3844435459163343,0.6896025451668172,-0.6890530392139701,0.32864593635510847,-0.8542179981968943,-0.6902055810847726,1.1799968605577296,-0.2125810039670832,-0.13776540963248612,0.6937795825814006,-0.48470602700105386,0.5174242569196414,-0.3219500602990576,0.7021331558630866,-0.7386005464819253
0.6116875821061729,0.6508196955102147,-0.7319550417828128,0.16078104321124034,-0.6808078102646892,-0.6979578205040002,0.9580680789840937,-0.27367845581854644,-0.09301720994475976,0.5728331433371737,-0.4368973096990219,0.5394810464174657,-0.30264476194183076,0.5255623048929936,-0.5166171571870142
0.41953838423579,0.6016120433426337,-0.6549603725499025,0.11541852955757573,-0.8556380227295346,-0.565274283785338,1.0353124517526215,-0.272092705886683,0.033706273360876504,0.5769002895710893,-0.28463309533829095,0.5422641386537396,-0.18996141922375845,0.5164933925036451,-0.5792712123484546
0.5130833808113288,0.5735287115169162,-0.6261314112461424,0.0636258188731728,-0.5824831523718383,-0.5148610817064683,0.6793455977429487,-0.25835146975619466,0.06480350064586352,0.6458361533601986,-0.3523711057968121,0.472140665124941,-0.08772511288595733,0.2634651024861603,-0.515469859725375
0.7286604176285422,0.7564474369283426,-0.7455735579182928,0.364868947516608,-0.8976191210255794,-0.7237879718165406,0.8251678890740044,-0.20687372349843108,-0.15721333378741276,0.629921011935447,-0.37510092023443237,0.5617806418015351,-0.3670904401220485,0.6195351612827799,-0.6123290213429909
0.3735516295728008,0.5029224478565866,-0.6256445949976221,-0.0923121007862966,-1.024656660343528,-0.5222148619238945,0.7547807306073849,-0.28528126818911015,0.07798170617472522,0.46752527828243645,-0.11658062321755376,0.4177353867984706,-0.0050791267713304125,0.5291076777303316,-0.526824054450827
0.21821976789647865,0.3993149462076494,-0.46933097488737413,-0.2675075298421715,-1.024585419833611,-0.3377823527326284,0.8292190879878087,-0.2570116478108806,0.2684860616393482,0.5193768359718359,-0.1159506911153937,0.3610629778575392,0.057810274634569184,-0.07134370967289035,-0.6304459324915069
0.23395763617169513,0.402429927019312,-0.5012209378351511,-0.17057096155976373,-0.808090743303798,-0.2829065746923496,0.6000221754079029,-0.267649598923562,0.27433322932056786,0.4925083999892634,-0.20822153404195534,0.39895689081411,0.025522283633213093,0.15109889754752828,-0.8023461517677134
0.4410152658629938,0.5734861300891549,-0.6088189593658533,-0.07686128509075187,-0.6730633987735376,-0.4209244608101526,0.9876599693055538,-0.24337106392892172,0.15193744642690582,0.48443941271865226,-0.014717652554053365,0.4295802646335844,-0.16860960574675293,0.6363884464746346,-0.6744467790665876
0.3034147733769511,0.447881095398356,-0.4998084562519026,-0.10722024437192063,-0.7820035992605413,-0.3800431176372147,0.7303187108875473,-0.28143082001019587,0.21147434976230262,0.48286217943672,-0.3502064214739031,0.3879441686925947,0.10823729898201333,0.38381223016493043,-0.6790106402853437
0.4230041283921062,0.3662944657526868,-0.4367644320296212,-0.23670194793499422,-0.5210140817564509,-0.17734520777018478,0.3140168263401539,-0.33285337036877544,0.2542047669393528,0.41637250558048444,0.05628675600569418,0.3648879409130149,0.05688715844550132,-0.06887927746268802,-0.6190720418899724
0.4868656576421248,0.674698641557003,-0.7190719019859922,0.16966710597395634,-0.5849091940631781,-0.5399839904450525,1.0206506153915456,-0.20981162885005525,-0.08940708112804611,0.5089629758289823,-0.4062870280326317,0.4750635253030487,-0.4007016577580464,0.5932993372828157,-0.5502771188042558
0.4667793092719793,0.6436487348051307,-0.6654103034257617,0.15619428322659049,-1.0981714550911033,-0.5888709867754307,0.8369293917199718,-0.2338961952965858,0.0029388599259814728,0.494435489140227,-0.3051568918884139,0.46940108061398833,-0.19641176510386604,0.652842707060802,-0.68711121973207
0.40565445374438536,0.5832187260276177,-0.6359536405939142,0.02995862204006161,-0.8083003786740344,-0.5789850393290426,0.2885102293479174,-0.28173003269765357,0.1050804006372003,0.6141179200512914,-0.23645096049077474,0.48634097844762253,-0.06677134854072878,0.2780838288589811,-0.7698267554793292
0.4214332796536348,0.786418620727413,-0.7925093206413167,0.3479051108764957,-1.0982922601922362,-0.7376325511460194,0.9054401514425947,-0.21567483466100984,-0.08775476447621458,0.6624564339890984,-0.4159242163640219,0.5126356454826687,-0.3098274169149245,1.1298356540543804,-0.7539695993667135
0.4113746902394215,0.7544352019550561,-0.7417479419195628,0.25095120718089886,-1.0212620588531587,-0.6672733944668371,0.873575195373362,-0.314396454789855,-0.11051157856141323,0.6290883460291801,-0.5516231430566331,0.5245098265992244,-0.4342798646222405,0.8029117552622811,-0.6164604856646272
0.5675311655231255,1.036705644693577,-0.8909468833933214,0.6971866645015542,-1.1084158097629981,-1.1427800969245658,0.899480847304099,-0.18330921311388804,-0.3991515730326494,0.7493963948053981,-0.656859448958924,0.6982170360144103,-0.7974922170788052,0.928085070699024,-0.6431796532818471
0.3971599350388283,0.6339640795205503,-0.7162761909209464,0.20857702239770945,-0.813068748472365,-0.5577841161794647,0.721301520004612,-0.19297372811396687,0.11508361373176842,0.6078043435781628,-0.5181225618803414,0.494895650112851,-0.30155586185484134,1.0616234167166017,-0.5898539424701664
0.34866749110811324,0.37970772418493826,-0.5002840881263849,-0.07824487135103117,-0.9229222868161352,-0.2936752122533687,0.48114782669840217,-0.22477045086469596,0.3031144736424493,0.44367206314061625,-0.2816447330964203,0.3945954945711948,0.0058049837808068815,0.12253552152376089,-0.6406643881222831
0.5371601377416843,0.4447453100695596,-0.5527458664906321,-0.07546406111224248,-1.1601836726648906,-0.3559417491873772,0.8964746384310387,-0.25835786786983184,0.1988381860772982,0.4366629519002699,-0.4431317926966235,0.43471303150902374,-0.044943668849002735,0.4938323190910438,-0.547465258291518
0.35734272436382114,0.37246359321923955,-0.493408336322821,-0.24399841901314817,-0.928201356295942,-0.3045015983702047,1.2390059810938021,-0.3322426665850748,0.3563809887342514,0.4369380720290595,-0.22438614986207903,0.362425957287587,-0.020392545436918458,0.20612360655721432,-0.8158318980949395
0.4612100699875605,0.8936892464753396,-0.89861058752628,0.4745940284842412,-0.7605802886561905,-0.8372379754061018,0.9084832587639506,-0.2580324275393574,-0.30201109735305404,0.6898946907819234,-0.4583489171319137,0.6250081927822859,-0.5350489729341958,0.5876642030148183,-0.6766787658738506
0.6339117909785772,1.1551287869896174,-1.0666101925768232,0.941426855769528,-1.0333586411877997,-1.1355090868783755,0.7977986684885674,-0.31178486061598026,-0.353631335720155,0.8122079133798906,-0.8621666127856097,0.7934760131782574,-0.8501138249545738,0.9476078086654641,-0.5386967512951276
0.5194047570861272,1.219502237031859,-1.0791151373516918,1.0595380896389384,-0.7562782543512728,-1.2346178819323088,1.219042404610375,-0.32652766461910426,-0.5240467932232933,0.8053488025788366,-0.879279308581054,0.8450161436236474,-1.0787086962577201,1.480658267793714,-0.6275022365545084
0.833477015705503,1.408853204183294,-1.2849874123174536,1.37701877181717,-0.6622527506747382,-1.504294890810278,0.7633055344500048,-0.363312228043828,-0.7537669931561485,0.8328147128974984,-1.2832263145150078,0.9365252066172182,-1.2657864427857533,1.5592625168305576,-0.4558299355665079
0.6902118500414315,1.228588495220469,-1.0119577969471505,0.9854633001984894,-0.2745396263324367,-1.299574914935484,1.1667507298542659,-0.3187580542450334,-0.3842538015628392,0.7133059913510845,-1.034325531448376,0.7607483329233208,-0.9848963738996351,1.1632903283262757,-0.6213609990343596
0.6013776690180075,0.616582245602805,-0.7202550156870803,0.20877231271968616,-0.6192149298310733,-0.6605226704736723,0.782626226514369,-0.28364419612802905,-0.14452003836211796,0.7230400660008944,-0.3504935487808873,0.4984788840477346,-0.2893425868741938,0.6756966576868122,-0.5137908181255673
0.50379767322952,0.9775832707911644,-0.9152870399825138,0.6114614878492962,-1.2122366451678475,-1.037531826121854,1.0520209768817357,-0.2763764792899319,-0.3554686354568113,0.6842022166598746,-0.7419112872987547,0.6564850981431877,-0.559403435938919,0.8333531999948652,-0.6238879720485389
0.6600229085424296,1.1307002840272464,-1.0485966801863082,0.8334890364672521,-0.9171573095281726,-1.1608808516038702,1.0390949877385331,-0.2579243538486031,-0.24146757376853117,0.7061203529361954,-0.9671416890070823,0.7411514135613627,-0.9139153845268831,1.4345577968812584,-0.7160115192777959
0.616089625466179,0.9537873423438629,-0.9504182937950542,0.5716385097325665,-0.5264533926370113,-1.0102302658386804,0.9829891669228841,-0.18619478729337205,-0.412341311431186,0.6709917844049956,-0.569397726323415,0.7362818714363228,-0.774199733956628,0.8340908652759489,-0.5244321321621409
0.48003185194000375,0.543512124056881,-0.6308877974850223,0.07355717722483053,-1.1085384174649953,-0.513287440087144,0.8852616851861392,-0.24137293608464502,0.02468978886604762,0.5370939679008738,-0.3825278582335507,0.5286879938775604,-0.15819995030953135,0.7590667319887207,-0.5743451351605976
0.5613912549721802,0.8618341591501716,-0.8819272088575136,0.4171026825080415,-1.219955144827557,-0.7838782782094026,0.846541977044286,-0.2564256095781546,-0.23219700777956528,0.6868776154978201,-0.6584939774886255,0.5866120489717424,-0.5838136609785217,0.9626981787496339,-0.4952757717922082
0.5340277031290274,0.7578924061535822,-0.794913213589886,0.3809989228581658,-0.64408897458949,-0.7222581427690244,0.7119899263611019,-0.20817975231375185,-0.06729144151708738,0.7304457435424467,-0.4418666051297499,0.5655594212600815,-0.4079337436540053,0.9763327575276488,-0.6320784363296259
0.40098355322453383,0.39104460097619254,-0.504055434238346,-0.35087955476558275,-0.9001277716983994,-0.2318113774332185,0.5294405969512452,-0.24282305494139295,0.21853523360457774,0.3973542486354145,-0.05045597104195312,0.4482877666523231,0.029860068654107216,0.19058140318681452,-0.5785535280408163
0.43768402936321754,0.7208592175135997,-0.730268366691244,0.1719714760829442,-1.1513493247513664,-0.6443601433387769,0.8576838074750801,-0.21818980763487253,-0.07578173711150543,0.49046143827411026,-0.21511509700145393,0.544460530402275,-0.30466927850641967,0.8023378157228054,-0.6989276283143617
0.6024106932797694,0.9534088149409091,-0.9442560754356046,0.7365527720212337,-1.219490051570713,-1.0097671282388103,1.030985725827942,-0.2473980807195163,-0.30518055851540127,0.7229993878374358,-0.7120061165465966,0.6263375164827945,-0.6438181937523053,1.136691593952819,-0.4920660432613538
0.7432109856535317,1.0380030962151499,-1.0123218586455685,0.8725809769913914,-1.0066091825436163,-1.1018526018632797,1.0101173687254132,-0.24661274750398748,-0.472737767555078,0.7577248371779489,-0.8377327077824003,0.7612805563006911,-0.7249416517435817,1.0146871356559717,-0.5146976945649806
0.6363308636651636,1.154934275308003,-1.0793195452677866,1.1009834924177793,-0.9531124256625116,-1.2172119597990532,1.139762034609654,-0.26264743676848745,-0.5858216505973014,0.7645978492060003,-0.9438197474412281,0.7410441489865375,-0.9315522479686194,1.3486346293552494,-0.6558394976113344
0.5006038005709724,0.9429357495739549,-0.8889688312513595,0.6858680141889529,-0.856895025849263,-0.8836281679114733,1.0417641460740679,-0.2978399380233824,-0.4069291931271916,0.7023348406514635,-0.5916636758085272,0.6326372133532446,-0.4615383187877614,1.2675826819749727,-0.6456487521091354
0.6173057071007229,0.872785974220413,-0.830187537092471,0.47113009219194374,-0.6769395332628929,-0.7771538685252607,1.0296414854316147,-0.2393269631368836,-0.14366227373682117,0.7225483048034648,-0.5159337552139788,0.6127462070890847,-0.5638529689096541,0.6097676611079506,-0.5778268273397629
0.7281397793691714,1.3051170797197935,-1.1562430612110641,1.17550681953333,-0.6168302479875176,-1.3193286547139322,1.1258469288627608,-0.32028430035900435,-0.5843036860905593,0.7854104794867559,-0.9648430261793047,0.8737297135317781,-0.9517984638811288,1.5814465365107315,-0.6489031279225351
0.3555530217945694,1.0335745838461772,-1.0007552090973668,0.7991584695984142,-0.624581256813216,-1.1137927976160733,1.3187084926251653,-0.26909728235951663,-0.447548590526887,0.8439153557279316,-0.6891978277990247,0.7381161217751578,-0.7553378773760072,1.1189768079471527,-0.38681286633191503
0.6905932622049419,1.180456360830328,-1.1224044388937264,1.12862686321129,-0.39732659130726966,-1.2469465992419144,0.9727061478018235,-0.31109005241065046,-0.38344533752545296,0.9104236128550958,-0.6812925047730001,0.7767267213563298,-1.0467615574931757,1.6119952381169347,-0.5099672926703309
0.5940830416895568,0.8419558934138801,-0.8921817456740412,0.5258913517092417,-0.9249881226330169,-0.8843242181746255,0.8464895497805817,-0.2483495701978035,-0.041930256868049555,0.6921624084198659,-0.6138790319456326,0.6399221428380389,-0.6007424326452808,0.5597073209457465,-0.5393974876241516
0.6253744172394099,0.9614910661787053,-0.9211519034984453,0.6717609651599354,-1.182906961865995,-1.0296690515506584,1.2287916396016434,-0.25729008924730046,-0.29286721049047204,0.7190126784625209,-0.4513274423476234,0.6634042974866268,-0.7605879508738385,1.2935045066221875,-0.6093213312747917
0.7614006334772582,1.1580803215090192,-1.0168334644729022,0.8321223414207466,-0.6661841387700635,-1.1908526212859636,0.9493024090653259,-0.26381127832385215,-0.40146432210581784,0.8249936452700155,-0.7166888583255346,0.6853022483818645,-0.8767144179984067,1.4672652650100275,-0.5442337669834917
0.4276257957041763,0.9213008558207525,-0.8719719517054996,0.6388055330516359,-0.4846656032406746,-0.9533430014826302,0.6189465437743915,-0.20490329672970065,-0.18439498948465038,0.7687064919563897,-0.7435169197249033,0.6151859866943336,-0.4723426825116419,0.9860175301775369,-0.7848316743998994
0.5819120636894741,0.7221022180860348,-0.7302686535630081,0.25346140029321057,-1.1345980329954084,-0.7384204129075755,0.9566056005518294,-0.19752875639032974,-0.11248655230764312,0.5285232345977913,-0.4357555771593818,0.510544320539063,-0.259068299569036,0.6542518060120789,-0.592767912476405
0.3260103135854128,0.5892204307157956,-0.6149864053042006,0.1522136511610879,-0.8087111558880887,-0.5144340829963654,0.7776210068444578,-0.20140960318024095,-0.16062579967626592,0.5220515362123141,-0.06448854292067446,0.5280420828496337,-0.2188448043682325,0.5136290711318465,-0.5190991938125564
0.5484419038179748,0.9773332409759183,-0.9200037485710844,0.6766188807553419,-0.6731200200149534,-1.0129649385964254,0.6885308291076986,-0.28553540451604814,-0.5812581657449221,0.589673380455524,-0.7187882839436699,0.6663992727145611,-0.6613907546340333,1.4976264520867186,-0.7177191583390179
0.4827584761568615,0.8657676802556016,-0.7737489791257869,0.4717372264866652,-1.0555083001360717,-0.8434976327927711,0.7020926261259685,-0.3436758684552404,-0.1930893069077904,0.680440512053961,-0.6769006877596114,0.5853269806367807,-0.35092713284938615,1.1120217009072282,-0.6067505889693845
0.6227275984724969,1.0665565224270728,-0.9869321851490545,0.6898695434318738,-0.7526880045477289,-1.134387732463098,1.1486022037598336,-0.19697839978926,-0.36580431632594146,0.8306879996111893,-0.8290299265477932,0.7151270332239402,-0.7264729577750532,0.8095762400636323,-0.5716345169078013
0.6314576282700126,0.9679967314073533,-0.9181696072846278,0.6270496772797284,-0.9547083023972369,-0.9845513514059034,0.9033911322178375,-0.23515937930434516,-0.10754696946514689,0.8012503165534213,-0.763998070586237,0.6689305380190812,-0.6922771342899444,0.7767276928438922,-0.5689057733296448
0.9376796436916901,1.3012554674441716,-1.1520760547319224,1.2812886394572462,-0.6075952823286741,-1.3120184925447222,1.0330158163361496,-0.28991731669743354,-0.6680814850505123,0.8107789852308663,-0.870419997198806,0.8605564213132535,-1.132790058131745,1.7185666363172258,-0.4418162399488899
0.6787508083168278,1.1585322065026764,-1.0923952234068282,0.8612630538771044,-1.0660733877346853,-1.1880407450206987,1.001653307141651,-0.21749904896274644,-0.49446170391723304,0.8986115319504268,-0.8975772551495497,0.7339782664280784,-0.943185451246403,1.3734261961749559,-0.6545759937513803
0.7765584055717318,1.2955838662156023,-1.1815291550390952,1.1873574768833366,-0.8332745871001142,-1.3816270915465743,0.7463899163656402,-0.28927247960940944,-0.43372656829903017,0.7997357980246789,-1.1344943298574204,0.830635895105077,-1.0597616779163976,1.333327974923777,-0.3471663484860243
0.9198773635430316,1.657587431847386,-1.4056249097877134,1.7365359462497296,-0.7670870687674386,-1.7830129675057047,0.8181518149450802,-0.4061411402222079,-0.8069543085657381,0.9743952636318517,-1.417575743946666,1.0529702962676353,-1.5916896569089087,1.9125192324327134,-0.5185452486692602
0.8507344864371379,1.359703162389712,-1.2255161248476647,1.2513337738140486,-0.615528199838297,-1.4695785624126787,0.8471679080323656,-0.25846700847487447,-0.46985716309728387,0.9623851409723373,-1.1640645025449543,0.8697789251844397,-1.0857704634646026,1.7446959246932907,-0.5282485252379852
0.7076481524399746,1.2366640194759269,-1.1184298286922434,1.0760585794267161,-0.9208278351817063,-1.3832536945433074,0.8637428082632465,-0.2954529358594143,-0.45546210137582444,0.9086163609848767,-0.9606174169282983,0.8267000491210447,-1.105622983575832,1.1618271957784005,-0.49941751758007
0.8104313362160339,1.3485385856258638,-1.2188111968223379,1.3183685309812336,-0.42763906418892783,-1.4630489623771377,0.7565851986473067,-0.2615593019860676,-0.632116390476876,0.9594080302655288,-1.1145089938327408,0.9115340485827884,-1.1528553331628772,1.5887786322692112,-0.5188161944280022
0.5226756552994981,0.920660119566076,-0.8580627277824578,0.6156737700082384,-1.1052307987699717,-0.9342456867508623,0.891606356944728,-0.2488650636754258,-0.3993697221011991,0.7491784026234752,-0.5013547261756762,0.6614019192071497,-0.5914545785964189,1.2131950820493524,-0.5981445850072747
0.565840274728799,1.0241099972830026,-1.0011585681642665,0.6246121051469694,-1.141920839057982,-1.0149632008393452,0.9608617417731624,-0.3142663121680761,-0.29403556814535936,0.8568228244186901,-0.6638033284305352,0.7072968460238771,-0.6559681153673863,1.1280931300309314,-0.5156519562982812
0.6065956801868526,1.0064866800107775,-0.939514843812076,0.600501542754873,-0.7219914004655822,-0.9770961180820744,0.951087131764277,-0.2568514317481291,-0.2249680881468618,0.859293455118856,-0.7978433501150289,0.6632962245435887,-0.7119032181409403,1.1900431817023025,-0.8557316446147224
0.6825461095527233,0.8869389149973661,-0.8722511632793539,0.5306673193430738,-0.7242389694106808,-0.9092160219970402,0.9623987884361732,-0.12977235915965663,-0.26120277070724135,0.696630068603381,-0.49939007991712336,0.6096877646948395,-0.5325433858584414,0.6908350480445704,-0.7682636390655888
0.6250901036844616,0.9652327453642816,-0.9982954984139573,0.6706890212838748,-1.0026828388714721,-0.9630773796842151,1.317835815019726,-0.2119736747907966,-0.3179699841358845,0.824281541620417,-0.8287604851745933,0.6939264554276656,-0.6502756735848545,1.115210135211691,-0.6536604661027752
0.5283376996101093,0.8219472486508157,-0.8462043294295946,0.5157322349520326,-0.7410362089494007,-0.9234375330169494,1.0002073233931008,-0.23361935204467543,-0.12301904850776062,0.7855405497322548,-0.5849650689263219,0.6698128790361477,-0.46487880669489395,1.07003948563664,-0.5785517166976245
0.695113875409008,0.9956160210555345,-0.9220833639609315,0.5606128334657369,-1.0398149988816083,-0.9785575776155833,0.9433930036173622,-0.2457695344702303,-0.12604642725510337,0.6075977433794574,-0.6196207705799105,0.6322387466169187,-0.5723327091714947,1.2481665734334682,-0.8160219045208771
0.6876713356103025,0.9991318446856078,-0.9612185798591453,0.7809852026346025,-0.8031482284135013,-1.0468133229629872,0.5756072560423579,-0.24895383236622334,-0.5161987874573823,0.7711152412458395,-0.8066202403199383,0.7201761189716183,-0.5863885023302344,1.0659101797316677,-0.5392376248367919
0.40086801856795456,0.6845133801820543,-0.6878296870614782,0.16273953444255967,-0.6217895772463834,-0.7558740754139709,1.0983990261538057,-0.24692265573869857,-0.034041468684523714,0.5812786631890718,-0.2699330972741559,0.5456436163609781,-0.22498914567477718,0.5825509381348205,-0.5285841384007105
0.6387261797511914,0.9101792628520328,-0.8488278887390611,0.5797523005989041,-1.1498492319076739,-0.8991656205780929,0.9857758940226162,-0.26765307077216,-0.2792878737540464,0.6342184363129229,-0.6989529851990325,0.6736327528852093,-0.45829579445771756,0.999765298965285,-0.6869474578018957
0.8283227052825646,1.5405959728126022,-1.315733432587804,1.6665626517266476,-0.6731379243089152,-1.7054743864334645,1.0958724216478912,-0.3020457821357191,-0.7361397428025864,1.021033817943924,-1.4560258176137502,0.96528225899452,-1.323182786341712,1.6485923609872701,-0.47926121012000994
0.5320560008863738,1.0528373663509214,-0.9893796627230702,0.7893976790621327,-0.7930499503174641,-1.086512424882106,1.0043723467169996,-0.3150645572994087,-0.49913087933041095,0.7957128102668817,-0.7628505306685559,0.7122945319732409,-0.7185399271459397,1.0281287707967448,-0.5676146373176963
0.33532762129947963,0.46499638899775625,-0.4855371920723295,-0.14809896837496878,-1.044112525433973,-0.33686625973581935,0.9855547344613689,-0.1873654716535097,0.03920934016997586,0.5994993578959548,-0.1544896555364831,0.4021669979850614,0.09792299244252449,0.3122220476805375,-0.6662180726818906
0.3374155082188957,0.5329656233207694,-0.5657915253792597,0.009933099973019367,-0.9641894383745622,-0.46249463365770543,0.7335247971057365,-0.2960917291373675,0.29564543153282713,0.5750876664071908,-0.03809706714742272,0.4260282829683566,-0.17327676855835636,0.3099796250302939,-0.6622669216826969
0.6892899685358086,0.8869342570602462,-0.9035917411894223,0.6452180599796382,-0.7673524063972823,-0.8808258116111295,1.1774073620748384,-0.28729510229176164,-0.14774873922595722,0.6910250831639771,-0.5810873750410879,0.7048676214259999,-0.6479198127272576,1.0642122020989782,-0.6522526767391518
0.7341941878622534,0.9865318400983436,-0.9495917440722819,0.6679515572707924,-0.9634205265859075,-0.9675781773308653,0.6859168299347713,-0.2666277782269167,-0.23926814023187779,0.7539479185753787,-0.8802656596490442,0.6260221809519165,-0.7035270950022621,1.319484854159076,-0.5056272967164593
0.7216011585899307,1.004067276860224,-1.004853456606271,0.7828844244012885,-0.8268094386838828,-1.1466349217115779,0.6682375356319338,-0.30093206242896675,-0.29755171761669275,0.728901805174219,-0.7382784983936915,0.7006214042413623,-0.7459526322058911,1.3798034523921894,-0.6324948491364264
0.6889901767591717,1.0503715620522212,-1.0332951866561297,0.7371180693747441,-0.8980736881950376,-1.0399516253395698,0.9249345428256052,-0.25309334150868534,-0.32878950748195646,0.7621113604678316,-0.7597187054408401,0.6801130324218246,-0.7485025025210471,0.8251966362160682,-0.5489839042280157
0.679364164847231,1.3553929924060217,-1.1456926372654235,1.0940033682197892,-0.934880650864258,-1.3643226269434288,1.2727726305384874,-0.2559533685949158,-0.6408567061475681,0.7835648106881349,-1.1770861847818577,0.7796754361031114,-1.0665313050803105,1.340989394142736,-0.5510628292955266
0.6561373710355799,1.0878544772920267,-1.0576592017207214,0.8016434305799466,-0.8990862452464917,-1.1717156740808388,1.0168103166223375,-0.2663315367499696,-0.2932821796259488,0.8370516395756706,-0.9773369302136791,0.7252592318171467,-0.7935616165223492,1.584878524538159,-0.7082436126052897
0.5813999434818644,0.9450655291464487,-0.893566996849083,0.6013079634609296,-0.8050694416862513,-0.90413569463821,0.8800303217195988,-0.2412845000485192,-0.29433535677312495,0.7276694216767243,-0.5234250929996541,0.6901148402242318,-0.4881234367703384,1.0699388077346852,-0.5577748753810937
0.6992361176682612,1.2274353218241782,-1.1119161061308103,1.1400293596161688,-1.039162681641357,-1.3251143221190114,0.7199847390375906,-0.3315050660570753,-0.5054860880695639,0.7507452333661931,-1.0238515058040916,0.8329339484927649,-1.1625851466062949,1.0915352898495674,-0.7484846658636587
0.6403924286382082,1.0322970288465787,-0.9895076504993008,0.8088431393952261,-0.8391535662816075,-1.0918120784496328,1.587367324670633,-0.27014088797687846,-0.3773759007552962,0.9338757429411356,-0.8606084441078307,0.7438116919750528,-0.616450517355392,1.0477823542127531,-0.6644075275020066
0.4806802741790992,0.5459234745449565,-0.6308120497074936,0.11242458575273646,-1.2405408462027339,-0.5223551183419801,0.8547056496279052,-0.24562112816732493,0.06159308957702644,0.529366052814577,-0.1657194286175105,0.45429133926564974,-0.16033246581999566,0.3769861794609326,-0.6584938963362836
0.5612167570872658,0.5303793311948469,-0.5701472400831502,-0.03423177254738471,-0.817836733791906,-0.43880427618230355,0.9118946781638368,-0.2548519007965453,0.09124009087012987,0.5415370893986603,-0.1674927482019954,0.4501058383433937,0.08322199545255207,0.41525595039577234,-0.721227599210184
0.4070511490227939,0.5927479880562321,-0.5940955439833246,0.0024838475085040275,-0.5622990909661073,-0.5084873847065196,0.9514099089386616,-0.26804120057586656,0.04438701794767626,0.5016227305686928,-0.2333143646514056,0.46604731646555153,-0.27706576392909965,0.5146555364932506,-0.6771967738215515
0.3865835810643735,0.5851810744399588,-0.6171436668801944,0.034157130121087495,-0.6774577789428446,-0.5508485008617198,0.8460117471909236,-0.25041367282941607,-0.01982157424638725,0.588571712007859,-0.15512876148644672,0.4607519934855189,-0.03938540598007644,0.6854615570366338,-0.7458403282024543
0.45184164071812694,0.45898443936523087,-0.499212418141528,-0.13265557441766246,-1.0231583356330423,-0.3946403941000823,0.48956510280845994,-0.31438524246075233,0.024062812300590465,0.5437501631891289,-0.025632203449121982,0.3881712386190723,-0.02851642436536235,0.4395541872137053,-0.5401999639468265
0.48853362832253383,0.8218919860046424,-0.7780958751246154,0.35821888177227706,-0.9263228508373723,-0.8381813436285481,0.9698737968035474,-0.34579266388786417,-0.1758726336964409,0.6279956841103727,-0.6494821258629154,0.5851468814370423,-0.5122361269671319,0.7012860240137041,-0.6402890001104834
0.45296949919908197,0.786220642289947,-0.7384061680521875,0.2474240877964444,-0.9981334370273596,-0.7435884738223194,0.775530336960061,-0.21410257185186923,-0.24054578580003907,0.6574543078287013,-0.5216053674831777,0.5157092456906366,-0.39935628561182196,0.9065452982405325,-0.6299378684682295
0.42574322870090564,0.7846320764764438,-0.7893691808782357,0.44388923117487267,-1.0713050791475753,-0.820379800301515,0.676313829739507,-0.20276156339384713,-0.20476282496967207,0.6735447079479183,-0.677274571944542,0.5923828529752506,-0.45090552336221185,0.8684830144566821,-0.5216554903377928
0.4637077969482625,0.4565621890437344,-0.4625615981821543,-0.23368420348089256,-0.760810237528822,-0.3960502926280556,0.9822659014514049,-0.2483281585006545,0.25506732358528605,0.5726831409336187,0.04471778581108653,0.38741973976003447,0.08295093159933817,0.3691857051815499,-0.7154547935344352
0.2953621602080891,0.3514834033743025,-0.5471537959514997,-0.12077354638918561,-0.8612034007588458,-0.3432163680708583,0.566105201147524,-0.2701104496474429,0.24455369448271316,0.4443899669578092,-0.08921453556557857,0.405987638762755,0.11866528446924657,0.27027254137148804,-0.5207704422819105
0.29216671888365686,0.09965222372245088,-0.2360145489451387,-0.5675151380174536,-0.8671766943600965,0.02098346037589069,0.35000863141203814,-0.3063815520841653,0.6349319375338454,0.3131674692858689,-0.04747901422144376,0.2997863087839869,0.3216978853876452,-0.1715572307529102,-0.5787790611235196
0.34511971139422887,0.3794245850048364,-0.4262542869273016,-0.200395173570885,-0.8165876233658738,-0.26958319886890214,0.6375307326032933,-0.23740453839028375,0.31590147949224046,0.39673210784008345,0.21672507803577692,0.303536990628485,0.052980102978147876,0.3841022547492154,-0.613441860094923
0.21922558025310143,0.1440939600351988,-0.2908521124595096,-0.5136254316855103,-0.6987349126250524,-0.04197150225221271,0.22728788089758428,-0.25310435769075773,0.37934803413260626,0.3257056663146561,-0.005911284208138294,0.26753295039032865,0.25721098195717995,0.0652914514941219,-0.5504682751463357
0.34630882751390035,0.1308972241596344,-0.27268183539402185,-0.560965232209175,-0.5736945653309281,-0.05229443706145935,0.3971188884790657,-0.3506465506363622,0.45043925727889983,0.32680209212848743,-0.10709561714924377,0.23325464337247653,0.2123697362461063,-0.03569879403088808,-0.5546910510170148
0.21746255336242754,0.3052925243415756,-0.4075803408660293,-0.26778993831647374,-0.9084483229061391,-0.13436723002148676,0.5573378014774468,-0.2887501881070177,0.20728926160195912,0.4465127283648674,-0.11278714617223252,0.2980775112189956,0.1541912365816601,0.16516664132103204,-0.6198211964179954
0.43939699360881623,0.20704480512460086,-0.33024877929181806,-0.26661253766180937,-1.2878859968590892,-0.19288850905357996,0.8042123000072436,-0.3036815382566509,0.18110879874176464,0.3861210918180208,0.06453584645167425,0.3728738509437976,0.13479817810297529,0.4337889404953391,-0.5094866257322699
0.17300268351790346,0.06440791370448708,-0.16372547877481802,-0.6270577279688755,-0.6632819387694883,0.10146253630569685,0.5861896283471959,-0.35098860346058347,0.6559947574931155,0.3984602791319297,-0.006500274585496546,0.25802012070672153,0.32333947030181753,-0.3764682761534054,-0.48932283809880206
0.1329583574195673,0.0903334571421597,-0.15769008614645363,-0.5955010646861469,-0.597962379493724,-0.07063154239621762,0.2757704003045085,-0.28774296499871965,0.56382820612834,0.28204068907319135,-0.08506823085215875,0.30363416965539836,0.33363664177984625,-0.1782198343118372,-0.5952444336719135
0.27081308864423587,0.3549329998408734,-0.4723549168954744,-0.1270646386723499,-0.8755216493904344,-0.4084483508623189,0.6232099359586272,-0.2722206322525772,0.2252831716183886,0.5245348216207797,-0.1472416279226716,0.45767591421553566,0.029727854993172147,0.2628908528256302,-0.6247825155853437
0.26061024261085636,0.42721170394014324,-0.48698316176876816,-0.1592540316069398,-0.7568128277038542,-0.3744267041646582,0.7744296924336589,-0.27094694533208247,0.17429877126814577,0.4530675004930089,-0.22542462261767163,0.43059053462208796,0.11696485248584666,0.2880917412267988,-0.7616032166099782
0.4109228916754147,0.5563428851016871,-0.6484564929236465,0.0895833742012929,-0.9297007535853538,-0.5123648956017709,0.7251984962234406,-0.2705478815000668,0.11944486512339392,0.41819717475677576,0.027059911313813988,0.4622422020224752,-0.2062853869775383,0.26197426155427933,-0.6486691976874128
0.4286141252948963,0.6222527207758168,-0.6696050977273148,0.12893632732889157,-0.8011160567275472,-0.5896078993128498,0.8398931581974982,-0.3130913493835804,0.028864953964750677,0.5409669773678523,-0.17385351742940303,0.49459083561995687,-0.20039258516980937,0.604270297778818,-0.6864451030704453
0.3507462480179304,0.6207953267216826,-0.6927075290949091,0.1825711996544039,-0.8777018963584741,-0.5586576106541975,0.754239391619082,-0.23571928776088075,-0.015497163556503178,0.6292186490773801,-0.36256386766146065,0.5099051225834191,-0.27522444110148536,0.7693238740134636,-0.5669572389304519
0.6472044877750406,1.0066433958058887,-1.0093802014712696,0.7524973190453983,-0.9679504773568237,-1.1288133279646981,0.9299769317171497,-0.2424143343946772,-0.40570090271737363,0.7765882621002881,-0.8343560830990646,0.708859592744732,-0.7748293389230158,1.0976576055214697,-0.650123022251602
0.6456722429445766,1.5050544331386027,-1.3052099545811946,1.493161450587763,-0.6031738978555281,-1.5542994734669304,0.717394317873189,-0.36340763301616685,-0.6034605381238601,0.9144151432947091,-1.2158942041324448,0.93003707759537,-1.2574406581974304,1.697320678274405,-0.39675630132736256
0.7245606271046697,1.2561660693359107,-1.1479065506521953,1.0524273418821135,-0.936931805965552,-1.3434071437460764,0.8686807308348283,-0.2863539259900445,-0.40020157837491693,0.8040743677580444,-1.0384543510777378,0.8309030184761297,-0.8767407379607789,1.295521440519635,-0.5085953160885878
0.8284042653407762,1.3427610605777656,-1.1603032833257225,1.2298521731739842,-0.4722753820109724,-1.4196045906549548,0.7587844636183307,-0.2843465647797529,-0.766649474145806,1.0050389664313186,-1.2585392176345207,0.7841198130018793,-1.1437224744707213,1.2258163394123156,-0.45982244806911104
1.0589111231391295,2.0267629571078354,-1.6808750788361055,2.5551356633040245,0.10490384431305044,-2.2360640766837117,0.662139094526277,-0.46895093023532225,-1.260333283111516,1.1751279941617032,-2.0644671412741777,1.3458527276875514,-2.317687422530722,2.063219718132008,-0.3343356802397647
1.1683801707331047,1.7637854696415753,-1.4743504285205027,1.8094969432980297,-0.6628117090892626,-1.8246536106531337,0.7235292104726058,-0.4372240814364374,-1.0091398388201378,1.0772693260746333,-1.603836838340518,1.1401136850721292,-1.6489540845322945,1.8600493634460016,-0.3393144201232512
0.6881248779500366,1.5757742114416844,-1.3601966382362183,1.6088418276180516,-0.24936727158144673,-1.6803345918709809,0.480474244173305,-0.3845181982326766,-0.6811261136562259,1.0256990994222273,-1.3099537070842786,0.9669304605414089,-1.5850060049449453,1.6799571690040205,-0.5172599949606703
1.1014484421556037,1.724265146491973,-1.4511549290133687,1.9085034484237207,-0.6822093976572473,-1.9586101586971159,0.635146296005434,-0.3863154286639915,-1.0162623728953506,1.1470609869608233,-1.4969880769086048,1.1246751218086684,-1.7677365074068898,1.601783535671097,-0.3401837644477873
1.1714655134732468,2.0892444218097443,-1.6629358660039404,2.498078792370358,-0.23698412249560702,-2.191851027206685,0.5437913789408492,-0.4955890639449846,-1.2015832888874685,1.2154539070769552,-1.9847530276517118,1.3220000615056955,-2.4106789085259135,2.3832811297518286,-0.3537250963515513
0.8682464897366624,1.6830966020350044,-1.463704728875864,1.8517012115158564,-0.3437122560583792,-1.7515597580840712,0.8503224919331344,-0.41195898024359573,-0.8972171529089363,1.08999628815166,-1.5357809922235115,1.0820179558888976,-1.6110639348851667,1.7308012491195681,-0.4102234873530111
0.8826680586567243,1.6295285417670529,-1.3140441940656005,1.5526853281330806,-0.6268873070263847,-1.5857177814544574,0.9608228541848256,-0.3365785872685906,-0.7944722317085581,0.9904516652379157,-1.312684229889703,0.9833393652510749,-1.4184654552707905,1.6210754837774317,-0.5067905227763903
0.5290119676329204,0.7729389913815017,-0.8620342536096594,0.46171694512828637,-0.9471497188566946,-0.7927667500945486,0.9364554611602209,-0.2517961129448292,-0.1830388245752641,0.6043746259884295,-0.6132784947491339,0.6223607769843906,-0.4974063715694168,1.0106704046739867,-0.5056477387612469
0.6410436803363426,0.6424715795773698,-0.6816109152019806,0.24384818913786624,-1.1035125207321044,-0.6466609815809551,0.900147256574265,-0.2820604378204783,0.04095289921757614,0.646413338620532,-0.36914009972883766,0.5816838303375672,-0.22597085112494147,0.8426902785265028,-0.6626945991717769
0.4782883133458486,0.6112541105301555,-0.6133636749408574,-0.006846796236514321,-1.2251872835092459,-0.5606240446197153,0.8273209604149603,-0.2562156599740754,0.004265466222661995,0.6944406732211844,-0.29999484012233685,0.47838359367489813,-0.26540998813147804,0.6900154675076561,-0.616989708351646
0.4271085627284086,0.6278429735042022,-0.6281734194917534,0.1610801478983392,-0.9462387713483209,-0.5896577290842437,0.8166021773417143,-0.19969509011055306,0.01799652720707304,0.6025551356672331,-0.37309926300408336,0.5194374995621392,-0.4465784567737327,0.8944410296470708,-0.7434226680547923
0.3547673894109596,0.5110189450843671,-0.5931195148418199,-0.137037698449883,-0.6347397472892401,-0.37149539776018964,0.9513339068016913,-0.2509160515625665,0.30824811980768446,0.5849684877444427,-0.22044322917473816,0.4032053918306284,-0.1719342991024115,0.37252151108934184,-0.6213527456160569
0.2965763778845825,0.31497119663893014,-0.4212421141754494,-0.295785490676821,-1.0090212256162676,-0.288808299946247,0.6214891410321891,-0.26832496509607123,0.1746720391013478,0.430976789515141,-0.03880622073542275,0.3679615596987394,0.19025614580212677,0.0613217843518535,-0.6449594260073999
0.23709591553763995,0.15729119322549462,-0.2577316864614417,-0.5774919957901192,-0.45392524457361716,-0.08732708202686468,0.4442825420049347,-0.3674172802510235,0.632466110814139,0.41397338579889437,-0.23083306530712333,0.24732344434507353,0.3456232347359818,0.09505601051330081,-0.6129722301468994
0.3149314739997179,0.2694351215877995,-0.29429581016310874,-0.563543112845593,-0.5355807024877467,-0.16520829958098107,0.49681786767282227,-0.24996702596112147,0.6205683314695706,0.4245959203245945,-0.09630222114858927,0.3249793830552108,0.23137053940838093,-0.09495055647945047,-0.6770734871637805
0.33509923588467116,0.24778737709770104,-0.3218288187817702,-0.236729114016607,-0.8120568170677336,-0.18909463547864522,0.7439781790084317,-0.3081430443923806,0.4321663435686805,0.40429127203899673,-0.1856567529199055,0.3525699735086103,0.034735260770211836,0.39829470738087397,-0.7233761543913277
0.2547674900818005,0.38411834269045064,-0.4651864010456253,-0.2430642767156797,-0.8114843502565846,-0.23515303750814823,0.9244402250514377,-0.2870961835428128,0.12245965333254742,0.3571104435423907,-0.16702861766297847,0.38692542037711425,0.06211325336713403,-0.0866267968996652,-0.6796393443206604
0.2828531805027873,0.18218738108489738,-0.3310540910281447,-0.45901892378259795,-1.0088097114372254,-0.1006634213069557,0.18586423972286653,-0.2856646613714966,0.4104099930926842,0.44568583987118743,-0.0034656986702105348,0.3267558818933675,0.16190896405563976,-0.028823913284240048,-0.5709116390599492
0.10748102140390835,-0.12488623116739028,-0.043747338850905634,-0.7157959892242812,-0.6648669007241336,0.2775195775513471,0.1951463823667072,-0.3749174041953688,0.6972929025717833,0.21284216506273715,0.07549553283527255,0.1633968183048527,0.4907741186895069,-0.2667261543461168,-0.5881894512220328
0.20252113729604757,-0.0497185418012572,-0.20668005291017552,-0.5284116345742341,-0.6447428008411518,0.14225725091784075,0.550081930540542,-0.33139626997856536,0.7466253261545339,0.29035346905609255,0.13835586904761468,0.2387089267127772,0.34847917666740896,0.2814392883661159,-0.544867631281858
0.26401296702839055,0.07610440431870033,-0.243354812439674,-0.5661153414542638,-0.7615053248785634,0.008418907536737135,0.561707131557777,-0.3749101698685532,0.5794714117587844,0.3611803968894588,0.08850518118910543,0.27343150798037746,0.24683785204743502,-0.21897692693113452,-0.5960515234472256
0.3815909423504037,0.08304116677842632,-0.17254413158980433,-0.6004071581944729,-0.7525334009643783,0.08062060699152293,0.21409378927179512,-0.30075739855269834,0.4595480853400128,0.23177761781554396,0.08540633804785562,0.2730215866089197,0.07295527036381026,-0.13569491200280973,-0.6269090904522121
0.16741384023019984,0.06305436681851752,-0.25992422483492644,-0.608449279245661,-0.6891341189886807,0.009535480749670908,0.8250795419573341,-0.2669858591802967,0.6122684849013256,0.33359945900296745,-0.08552086817917426,0.24240516616274732,0.20104456820838268,0.12477219144846385,-0.535436498715312
0.2711376393061692,-0.0523402720278343,-0.051182929697064034,-0.6092401011488826,-0.4482801794265337,0.2608655225039017,0.08876835453755803,-0.2945438803958687,0.8157329166818643,0.24854759416941133,0.28567811898843826,0.2137139948193083,0.44563440886011796,-0.4793639822990862,-0.5793664531538227
0.31978044490566687,0.3919160225633897,-0.42268218543336583,-0.24935803750224597,-0.8257756727224351,-0.2379310029221764,0.9214523360012681,-0.28807241649421333,0.23009779726618493,0.34870414081569334,-0.09618280139591696,0.36992074771605793,0.07134766034928493,0.014006353162692229,-0.6646577381718636
0.4192367886652259,0.4601978447921407,-0.5769923809356876,-0.1424601586005755,-1.0213385503237051,-0.4019800579182593,0.6304857820413818,-0.21505275911566016,0.1522279772884133,0.6601579120818307,-0.2179077948633011,0.4281277947674399,-0.017082849568677855,0.5329216382413327,-0.7680380159339812
0.45383071249130946,0.6681004193787139,-0.6697948365325309,0.1476365236157348,-0.9573924739565971,-0.6077606793974898,0.781395455126989,-0.2151698246557108,0.049985705942411696,0.582162712820534,-0.2971612392997158,0.49534458815193766,-0.20330619236538486,0.377351178406375,-0.49626437337973495
0.6242230216417944,1.139865673854979,-1.1006396454923515,0.9433013385902584,-1.0195501003123595,-1.2037664511503254,1.0573611051719631,-0.3371406231516721,-0.4937225838831284,0.8952158403421319,-0.6747648785422211,0.7751798721382519,-0.9471676101775438,1.3457044251928931,-0.6655566613129975
0.8649877184414773,1.4160406280405244,-1.2201078600085595,1.3885663013672798,-0.6781135996833931,-1.5113730448263276,0.8024107626061328,-0.305257340463833,-0.6100551399178481,0.8476744374349994,-1.2722819349581573,0.8906294294419471,-1.1556342129479076,1.5173278288801688,-0.641159622771374
0.9477938050637631,1.6171004397919293,-1.3926622337846386,1.7039391611766237,-0.7814996485676934,-1.784843592519476,0.8422027567412788,-0.3875267042929466,-0.7622280632251934,1.1010018558167443,-1.2881000896302242,1.036035059725076,-1.5623303488952252,1.640106799824413,-0.333880766411436
1.0062331054425335,1.6053579973995127,-1.3563446348619244,1.674905662989422,-0.9101776295792587,-1.7422852279211694,0.8635613862249856,-0.33717927745651693,-0.7343975176181767,1.097504230473177,-1.4204511032641238,1.0261606297999672,-1.488606753040602,2.257601650307742,-0.45105025473239324
0.8283118351424876,1.2227350684343503,-1.0966676647216493,1.0417865448009807,-0.621179056494484,-1.2609377604207948,0.7750352827001552,-0.22479805097567568,-0.5126853227079805,0.7265492302063037,-0.9549293619653292,0.7975657880421853,-0.8947353094706464,1.4084253174824088,-0.6867303555243963
0.7572417156283628,1.242193856068961,-1.1700036192336407,1.0510369786000935,-0.6642696656984607,-1.3721616536334584,0.6538170026999756,-0.1501340449147981,-0.41302539775228675,0.7805513437801818,-1.0531565185202028,0.815267476333112,-1.169007006339198,1.422451781384838,-0.6998039416201632
0.8576818809219984,1.4833595060815612,-1.3492155679649778,1.4423210642259092,-0.4009763659144388,-1.7165033429881995,1.0618881536362295,-0.323379866510035,-0.7765644375943521,0.9223981766769929,-1.330687745268795,0.946972074277709,-1.3022834660892832,1.5139521504008704,-0.35086880327779635
0.8141785579731995,1.4810338068268747,-1.286229043459431,1.4609145358795657,-0.5133102506001237,-1.5465937136271766,0.8593912720124854,-0.34016313667974607,-0.620602681253605,0.9044876406601409,-1.2828090481998353,0.9463297686855213,-1.345204189386396,1.8682470505269373,-0.5121612019184459
0.6062011821741001,1.1104697520759754,-1.019558829157729,0.861262442844318,-1.0025932131379554,-1.1862543770429401,0.8221743048274691,-0.19341164590719695,-0.34653379399196277,0.7587696406735137,-0.8053228496779888,0.7365775320447703,-0.8633161066535462,1.0094252614493198,-0.6133532808618235
0.7338918721637947,1.258748163696048,-1.1484015654600397,1.0970047496444102,-0.7214589632784959,-1.436786118719926,0.9379615642704024,-0.2807355095311832,-0.5819885510207318,0.8006340559314851,-1.1696749434513298,0.8394067785937289,-1.0979431076236008,1.4052497850196557,-0.5354774846985804
0.897038682674993,1.5464758095471842,-1.3269708953259312,1.6210415686211992,-0.8548174261454814,-1.6755829044878703,0.852941743954807,-0.3227767060486986,-0.8059291272503498,0.9740938789787076,-1.5069176772787376,0.9719831456448994,-1.46522099159584,1.6053926719158846,-0.6939089944069263
0.693129309173401,1.2782682784628112,-1.2302603609754974,1.2663078413269273,-0.6683946712635344,-1.3733370805433445,1.0163626358042988,-0.31352708736107143,-0.5703018820008664,0.8840320846806904,-0.9913480450550897,0.9133869098766554,-1.1012431620148702,1.2675910407251592,-0.5516813308267513
0.8360805052017575,1.238271603667797,-1.1453265392079695,1.2139143629091669,-0.7338192671819117,-1.3962970917631545,1.2887389386571624,-0.2814251483413203,-0.6082500346180613,0.89391965322797,-1.1717187940519387,0.8495446943237266,-1.1510831048286843,1.1313287249182704,-0.613777844390787
0.6693064118727781,1.1180684262357607,-1.0554701068672943,0.8312038361597445,-0.9716803030592408,-1.1664185436299168,1.0818713825906832,-0.26416791255880456,-0.43446180474886803,0.6988954290633794,-0.7478476654716684,0.7460315301055503,-0.8420918017766319,0.90694749512068,-0.569704435484055
0.6151262252644051,1.1024630691471113,-1.0029688622580055,0.7971343246135247,-0.999824933218072,-1.0571989393434353,0.43226185046914206,-0.35867957405941625,-0.21455503576143237,0.8356072971256492,-0.7624015260801669,0.6947047851280717,-0.6627997649318169,1.8143165716963199,-0.6009341119939342
0.5332337413574872,0.8689755104442758,-0.8639311460180428,0.5213875153457581,-1.264661176089348,-0.880397863490798,0.9331729421576076,-0.31211665116511705,-0.22662569814827643,0.6681471453184956,-0.6916284339569553,0.543021486596813,-0.6677967454034458,1.3348222319228848,-0.6755926732888068
0.9082238239875627,1.0521859625394314,-1.0534927157980656,0.752696125612398,-1.0384246334833167,-1.2407402178093017,1.0256361416397985,-0.26419187262028987,-0.2930362324951883,0.8041171178804113,-0.890001516458134,0.7287975658177539,-0.7079567532622898,0.800440141140832,-0.5772936763317337
0.6742499644445475,1.0619496143367595,-0.9661313153030794,0.8252954142017014,-0.8633211207971675,-1.2142611118521307,1.0071662298846544,-0.20903567598858652,-0.3742904084791135,0.745136852381607,-0.6241121517553205,0.6863904309804607,-0.8667390781083806,1.1544109602696195,-0.6440775631072246
0.7048370714590075,1.1232439658482205,-0.9861816998039623,0.8233876951905111,-0.7777981484378214,-1.1107946905882844,0.5997680650755276,-0.26723184568963926,-0.5093664179181074,0.7974444181584216,-0.8886453805492778,0.7004592814850721,-0.825309228030029,1.1581612588585752,-0.7469030631535112
0.7653704608114067,1.336318016974727,-1.1839046840950356,1.3754141956591457,-0.7288468505668878,-1.5104594499776043,1.2146639963627435,-0.3648157234133298,-0.6078690105973584,0.9085988793566662,-1.2414178262269988,0.8848865270632582,-0.9768058998177113,1.4718886585100412,-0.421103367951111
0.933627167981134,1.7349012446356198,-1.5567215630212548,2.068622692296327,-0.5240192009217212,-1.9132927121075853,0.8490453432526469,-0.42960212563408445,-0.9450932613361307,1.141926466150734,-1.7680098227230816,1.1575332453872786,-1.8487901368289592,1.629137111829687,-0.49434367751860797
0.9042618850749768,1.4799217865177845,-1.3171286593066767,1.4886918114328307,-0.920626814382388,-1.521697556991,0.5721422928421601,-0.2801629038874219,-0.7163735266488477,0.9064417752474622,-1.3064457723050615,0.9656690380491184,-1.358531727814977,1.7260847637872259,-0.4763491234340363
0.7940134194549856,1.4856515068081155,-1.3822277357635226,1.633037116706389,-0.48654527405589076,-1.6704669474350762,0.713479337661462,-0.28918311916595074,-0.8342802902618586,0.8177033345440144,-1.341101643691891,0.9984649321427291,-1.4470924706521322,1.3306852545847585,-0.4626898352543995
1.0374880731588105,1.7631101864387797,-1.5131282124084193,2.0802992948214776,-0.21823322890571079,-1.87528450007448,0.9668417244395907,-0.4564065295446903,-0.8618494698071243,1.083984490329621,-1.6791310302343028,1.1377376149874643,-1.8153049556559233,1.6488699411644574,-0.5345867442162593
0.9095318801347136,1.7475189714366193,-1.430240083628853,1.8828974202100601,-0.869839720522574,-1.81860669131249,0.9561195402399907,-0.3985545630578531,-0.8680860451592173,1.1026738176663575,-1.5989789643651209,1.0961046597790203,-1.7745935484848785,1.6109387052656432,-0.49735277795727095
0.873113298485739,1.3440259387128104,-1.1651239297157405,1.245120032296229,-0.4456065915883982,-1.3341815298840924,0.8905158449129229,-0.30550560871024024,-0.568046332159339,0.9320674141892188,-0.9842180731546305,0.9127606523601316,-1.170462506981997,1.6339149014827627,-0.6879889856301029
1.0625789312063325,1.9446587685124612,-1.664416403065152,2.2926000415034204,-0.07491092089859742,-2.094174620266281,0.6372245715563508,-0.4580581103713568,-1.0493726633969203,1.180929228622069,-1.8287320447228979,1.2374859983693522,-2.095659199397024,2.268699457684818,-0.5451958741081195
1.3418040043656028,2.374014094189886,-1.8986878683576796,3.0603071646225195,0.21601512604147724,-2.6280123926016787,0.22954341362157907,-0.6032602068099042,-1.5127297270664144,1.5217577012363908,-2.461519145664602,1.583130265541197,-2.804305388953806,2.3117665564492156,-0.09980074881536802
1.462973424431835,2.531541522412674,-2.06769066938326,3.4686601424675314,0.200948187356635,-2.8168364960644583,0.18242594046156296,-0.7759947509947447,-1.6549268186323425,1.5186561620164307,-2.9035170082021837,1.6983566115419735,-3.0521950491763765,2.364909436269116,-0.10631980539658736
1.197310515547154,1.8904369074924146,-1.576704279531943,2.291598294016737,-0.3932771404081077,-2.114215958673102,0.8808117735728841,-0.3842008903307446,-0.9460281158416541,1.2033564086844275,-1.8757955361746057,1.2852143860149134,-2.103046624738419,1.8545990590901476,-0.2997383319518873
0.9997455614006024,1.8125252204534292,-1.481893413876264,1.9566590114054,-0.4138558233127221,-1.7689182605917781,0.8372650857360587,-0.4406416684006548,-0.9456407558910241,1.0975656615020692,-1.727189750963641,1.103210108712402,-1.9256669694562483,1.5668844908587718,-0.4785809670635347
0.6973347948994424,1.357762071280679,-1.2967277676201554,1.3162426864815817,-0.6765292341669891,-1.580104567234458,1.0093397350087592,-0.2918066801177953,-0.7167998242621806,0.9769961421642428,-1.3312684996307036,0.9223202052305773,-1.423778951776624,1.705104450898996,-0.6159074950821471
0.962516449081547,1.7660614399653534,-1.4613246333670697,1.887898766222354,-0.41274476817412775,-1.9780574455381592,0.8387596350712543,-0.35475721357483486,-1.0602697804158705,1.1196423012139651,-1.6066984963969853,1.117712548511389,-1.6636436813060913,1.9796802452227662,-0.5377685786506351
1.1771889224641647,1.9664649179823603,-1.677268811701276,2.410657427601818,-0.21759601166788892,-2.1156515318774556,0.6973030549976886,-0.47638626731044353,-1.133933508062672,1.289787272533955,-2.1040675014594146,1.27775611075178,-1.9930605528022192,1.9059199090240457,-0.39709886223089896
0.990917796788173,1.8147367845180158,-1.4748687407335304,2.0441787918627594,-0.4029401674401554,-1.9872955053762313,0.5825799657691495,-0.3911815370877917,-0.9847498228580669,1.1516365896148553,-1.7160246688400267,1.1233696482729465,-1.8038379242614282,2.247634189641492,-0.3830299491705938
0.855599045495679,1.644865082528108,-1.4330421783904128,1.8452136410971076,-0.594224140891911,-1.850070206183699,0.7208824068995088,-0.3848036538291675,-0.8532005736512197,1.1199930994419223,-1.6036182713055278,1.0547087824187567,-1.9423197810677315,1.9339289452263662,-0.4561309129380613
0.8063587141396568,1.4695265417387415,-1.3118251268160575,1.389400166446971,-0.6131708906329666,-1.4474026459021172,0.9598191160569979,-0.32486524301741604,-0.6596460306415625,0.8945881041938808,-1.1640771344941754,0.9765683996103423,-1.266612011136676,1.7028903437278133,-0.46862210539117355
0.8959210998252506,1.451889562481656,-1.248368686573756,1.4398808462806925,-0.5592398401135126,-1.5089040164662733,1.0988172562810066,-0.3190694496243923,-0.5966517066102339,0.9197093993920754,-1.3402997728503467,0.9351425416502873,-1.391112002686918,1.4875769015427183,-0.510138258988604
0.795212188250598,1.2526763595223072,-1.1999125709461913,1.189810613990995,-1.003585687609772,-1.425123167015355,0.9287969181001213,-0.2521809643407963,-0.5778021187926204,0.8831460912940926,-1.1320850840841814,0.8376682127492273,-1.1418101652087371,1.2685912353708801,-0.5644225440501113
0.6336279580225413,1.2173827678742004,-1.0905491663695566,1.1195518034438627,-1.0540944027657435,-1.3382306882898143,0.8063644238465215,-0.3168553473996074,-0.5855019528683463,0.871413748352773,-1.190040172795165,0.7336873030805608,-0.8934455673597687,1.2702770951859998,-0.5775787297366909
0.6137517819048965,0.9998717825114181,-0.9507394201877823,0.6477792079380705,-1.325756119895886,-1.0274378416375765,0.9475637247343383,-0.2115240688874086,-0.20724121654699745,0.8345306531404488,-0.7642123458664049,0.727223333668418,-0.7309737972918332,0.859044774582971,-0.5836901002947072
0.346014170902403,0.786005594699097,-0.7871101205924969,0.3905449266134082,-0.7990982932928123,-0.7264364101559073,0.6228919747254659,-0.2632005044013709,-0.07951205665450513,0.568958598684856,-0.3630238609461358,0.5526826173478767,-0.3663007262837119,0.7161762648282678,-0.7180632372487461
0.6596419570776423,1.128180064949582,-1.0662503586019065,0.9395644462775881,-0.8215831072348523,-1.196680682801984,0.8747803742348386,-0.2828539636742339,-0.4822622639335128,0.7652695253426685,-0.8902136052319981,0.7176388557328159,-0.8547088359452161,1.361655687067338,-0.7498389462832233
1.014116654921325,1.7992487648190427,-1.4767782541427898,1.907333010400151,-0.57630210281268,-1.9526018058727015,0.8368566292353214,-0.39057891112531223,-0.8658650433982208,1.0153350182267196,-1.6261486176784423,1.147567807444687,-1.7505635482178388,1.8791071942753972,-0.6087096391869867
0.6255510174673301,1.335702393227421,-1.2251207188741782,1.26591448421185,-0.7861976312583278,-1.430223456653952,-0.007690353740078395,-0.23874048754421623,-0.6588917360850799,0.951349831600902,-1.1164103470344324,0.924670705820512,-1.281909833333569,1.1991996845989585,-0.5622857812190135
0.6094546585923112,1.0378167119063475,-0.9737182242478815,0.6557320467051563,-0.5976662063013006,-1.0452556522178098,0.9583451041070763,-0.31721324527734274,-0.2572163557625281,0.6683878179858539,-0.5991591065797734,0.6744766892363585,-0.6489194935601966,1.1745355661452097,-0.66362195364482
0.7182722209891675,1.1388819464112094,-1.0808394833502883,1.019921258127004,-1.1663008012417309,-1.414207706419671,0.8893371306911901,-0.303891859647989,-0.5016626927952488,0.8691460535203639,-0.9313736026567973,0.8094176962479958,-1.1334945261919986,1.2053286665385845,-0.4471711747078962
1.0367579943457557,1.6873430019819602,-1.4169459429033546,2.0185612049851467,-0.8327394200141799,-1.895722894850989,0.5342801375769426,-0.37959679980258765,-1.0048937667009754,1.1206368843484151,-1.3375639059645144,1.0570746944063962,-1.7917696638584952,1.9393951892480608,-0.5679215865608054
0.9369773121283055,1.5696995978679733,-1.3743665875918003,1.701419356406755,-0.7019903988615251,-1.7086785591345361,1.2159064961609891,-0.39516829279602966,-0.8091986505047977,1.0468168274004004,-1.4099546935091019,1.0091573772902014,-1.3310052339452367,1.7637751019511891,-0.6261371542805254
0.648581395015722,1.2440145486632375,-1.187938032431019,1.1470516043477177,-1.0366926706481119,-1.3049770827031153,1.1840938434105968,-0.2974499056119031,-0.5373319779956797,0.8745933804794128,-1.111269924342305,0.8864116661534169,-0.9213104368763685,1.547869348055456,-0.7076118154891406
0.4909212396249133,0.8707422521005801,-0.7907558284188658,0.37648744138485984,-0.836973333488239,-0.701303807765836,0.9875589455253203,-0.21603919428501372,-0.15098429088255505,0.6791302500962219,-0.42602571620670604,0.6210365807861985,-0.2882677678707275,0.6813367749402048,-0.6367172618435119
0.3890598818191454,0.6552231656516545,-0.7038942615253788,0.21303915440160326,-0.5479796342519817,-0.6052979718503423,1.0470482131978547,-0.1995533964130333,0.0663809635158298,0.5463553882079331,-0.34777624984298405,0.5271117609044003,-0.3060299022517745,0.1838420298712251,-0.7202454106064319
0.5614784721089773,0.6807295225036755,-0.7231995571761844,0.31756369125467493,-0.9370606279128946,-0.6908156743115443,0.9227390870335629,-0.20619042555820227,-0.1126670199366349,0.6055684662403368,-0.2604580878487837,0.5476966559891963,-0.4234533087360469,0.4250313916585454,-0.6457126672376281
0.5569653985084632,0.9093569050502871,-0.8387863394642654,0.5787406821298585,-0.8626156644047388,-0.821029818766404,0.9255551324146124,-0.23520628298631094,-0.16979902751139475,0.7058321546203832,-0.7300511390273677,0.6536872118248187,-0.7115339574891111,0.7870072880033547,-0.5429669816338704
0.5807579760321977,0.8444734067034936,-0.8696868122860253,0.5666442399956505,-1.2356286689546478,-0.8751535772717101,0.8409727508122119,-0.2572095068331906,-0.2351568395406512,0.7143059311542796,-0.6086748997504386,0.6166020814561662,-0.4363350601124659,0.9842729208962869,-0.5187779596158268
0.44129820204727194,0.969023987955253,-0.9321857263946884,0.6304183950664142,-0.8741162059696284,-0.834056824354957,1.4214021713429812,-0.16676742756123933,-0.36702748582125866,0.6976800151493259,-0.6479090997605961,0.6246192662977549,-0.4380157223844256,0.7505658153436499,-0.6071509790777128
0.676629354641609,1.1538494516117002,-1.050052289684371,0.9298649002636971,-0.9406130032966976,-1.1625108446582133,0.8935735435163736,-0.26021355243465855,-0.38223099372478964,0.9268643834792769,-0.6869702067355494,0.8085241178266378,-0.8768923882529643,1.2349158692521927,-0.6367601116263087
0.34440055074924747,0.6245662522162431,-0.7277118595254333,0.08067907906704443,-0.8564961724850457,-0.597321148872865,0.34124002241599494,-0.25150949210006923,-0.01751157882702025,0.5933858148081687,-0.35454738124372115,0.5231697939036473,-0.30940958369658383,0.7465119334899039,-0.7172334922012106
0.27913277722388025,0.2260236247426068,-0.3754792046271885,-0.40564454634514796,-0.9020350458071071,-0.22497677036449454,0.5976701982992497,-0.3344235651412547,0.4255783378585844,0.4380841172709507,0.09517033837729702,0.35231254487347263,0.20677883422526416,0.5534665371678239,-0.5840958318865264
0.2632990598162228,0.022361904543558603,-0.19159565768925543,-0.5129377503432934,-0.48561927283251555,0.08718589665585302,0.07933371634415097,-0.4698579266350123,0.44849256948869104,0.28410558218801396,0.35852117159343483,0.284152296588966,0.21588093950168497,-0.3099746378361041,-0.5839578072930306
0.35017816699269844,0.24816134491762215,-0.3638310243563818,-0.3806204964468415,-0.5502394637951348,-0.10691676538979417,0.574112011176022,-0.3237974866242376,0.4000560748657815,0.3510691048602603,0.014593425222836838,0.31996812767141564,0.3810704611705097,0.20339362928924296,-0.522234106525228
0.2196157030836188,0.16796657174202695,-0.17718556760882945,-0.6081177163100637,-0.6808173398489104,0.06540635161065392,0.3761607543385624,-0.25004956264960154,0.5736782531060801,0.4876620664816533,0.038691139528316994,0.2573897990340073,0.39748279975132833,-0.4156732214294323,-0.7034994122030532
0.20434983921182173,-0.029312833762187365,-0.047567806113588136,-0.6312144056602425,-0.4657116211343163,0.13779204125458022,-0.06034546628023271,-0.2979052132096435,0.6878380754611809,0.2586887245647881,-0.0077663220140300445,0.24687395110638433,0.43247849179730846,-0.6278260334258878,-0.5567506298727555
0.1554734000138507,-0.11833019120540836,-0.08300993200739967,-0.8215520246617133,-0.36536797659479664,0.3070867887205703,0.29371864306349194,-0.2862467596684892,0.6395380115354427,0.19045362201749147,0.19597345395359325,0.1842487597417129,0.31261306186852195,-0.7297780155169499,-0.515654105824979
0.21407424457191865,-0.2869147119771751,0.10592121024183053,-0.922263625609957,-0.38148715776593406,0.45654998545191333,0.013568618897812633,-0.4328225052220187,0.9376742052334885,0.1388702949823256,0.12600525063503387,0.13635711738674539,0.4592443248796019,-0.9282859229656422,-0.4303643291965216
0.18795751333622038,-0.3618268400359386,0.22461918489855381,-0.8782776727429341,0.011057797540592896,0.4272490245069549,0.1517270288965144,-0.36667797389379014,0.9186000525874674,0.0631646239203246,0.40112424595564894,0.13401399496599123,0.3956097762997205,-0.771452909804908,-0.5044985088019612
0.17514051550435372,-0.46893908315612265,0.3119881319042052,-0.9103271101471655,-0.18914173764088416,0.566432232925623,-0.5894388517818977,-0.47913936627743026,0.9511782625827772,0.14468533446952583,0.3494406883101803,0.059562481260063777,0.6425336587476465,-1.1325464460845376,-0.21860525510991347
0.10824518642304246,-0.5427595460600724,0.3078797065688927,-0.9410635792401975,0.0879465219498423,0.6397326498639385,-0.5580683005361038,-0.47299487567362664,1.0601831190233535,-0.0417376687364758,0.2644494496423773,0.06538926150862975,0.48486117676468365,-1.0553795569279538,-0.31631083359367623
0.26494276954233736,-0.595507336046299,0.3867904691381068,-0.8788151608728897,0.5528220237021328,0.7052299880889663,-0.6921880747031304,-0.5831338129300497,1.0433495329000053,0.0066566233819548475,0.3742355552761364,0.07500906372146726,0.5061972918955636,-1.0830065268757696,-0.07786068949303912
0.16351406568152999,-0.36396731150447376,0.11774568697525768,-0.8638855416330549,-0.4093050115778634,0.46843234505073567,-0.3965650518299644,-0.3651027529700315,0.8964805636601665,0.22186808478521194,0.32966314541777736,0.07911980290832844,0.5358720136203807,-1.0483886978474528,-0.5052040950621017
0.2978583139807804,-0.4187150156727022,0.22795172684034162,-0.8607881206750126,-0.05996312292091039,0.41168181843516494,-0.03235755460264952,-0.43624722428461127,1.034160825583773,0.13798581779677374,0.09464637590458765,0.19002217834137966,0.5979557354326773,-1.0850701919942696,-0.35096320095590755
0.22832463292134428,-0.24618039093676883,0.06984913008583932,-0.8480010743146854,-0.4191098658090294,0.36564244654963957,-0.09940698707268893,-0.4757031192175485,0.8226588939766736,0.03660585846029959,0.09562393894965819,0.1783682003445669,0.5478879549851551,-0.7987954231536607,-0.38189400515257116
0.24384846357505305,-0.08827300153622937,-0.05585375182279593,-0.7229231937124766,-0.5571198677255709,0.18956792721518406,0.5566121856615395,-0.34978453014625027,0.7507119864918672,0.215929819068509,0.06974427563579541,0.2096016842601446,0.3464001926875597,-0.0012829556189501243,-0.5435212535624128
0.28777249026655305,-0.29961120497467036,0.1348564990979486,-0.85145434449243,-0.21517992291559537,0.38515475269381166,0.2246684524785422,-0.443706918500444,0.8573380887149162,0.07634808989001794,0.35519259372472534,0.1003606563401793,0.5142141508810442,-0.9146473267421193,-0.4488280506633785
0.0862922815458324,-0.5285702934066115,0.31317859008062404,-1.0062277759994305,0.045619143331315316,0.6196077665268589,-0.6214682878859112,-0.46210085108009347,1.0510885204616518,-0.1058501713375468,0.16409083278755138,0.08242341126600532,0.5588403154091652,-0.843245185782977,-0.33194676653872
0.16003496583768018,-0.6894312499981252,0.532513308213372,-0.975518822836622,0.4456630072235163,0.6898788630373948,-0.8630206606972829,-0.5543010744415998,1.197889095850988,-0.030685757529117817,0.20105515569475693,-0.03157160694075421,0.5106481606602186,-1.289060431146015,-0.26923312228689983
0.05914225747100876,-0.7554664435735189,0.48178121265092705,-0.9820186160205708,0.460958877798152,0.7895803667974932,-1.110498711135898,-0.5064794089728424,1.3482355604921288,-0.12232825335399193,0.21042345801803516,0.035950442156065465,0.3999510985138991,-1.3856632588813644,-0.04919910398223594
0.23138933712750595,-0.8604350560675598,0.6581897550203168,-0.8794701568519522,1.11398676072898,0.9158219773324874,-0.966584723507321,-0.5492110474210097,1.1030244576296055,-0.1586019129255325,0.10233425479927855,-0.07528265867316639,0.46240139845134165,-1.2902067747546193,0.22227941232966697
0.1130804344843261,-0.7830530794680243,0.6098728211916642,-0.8866221885716914,0.6802663397990756,0.952840962615254,-1.014110015116416,-0.5031080210292326,1.042626366632961,-0.18954242933746632,0.13361255842453465,-0.042537241231774346,0.3566538805373805,-1.561226804465641,0.04745266720668815
0.22471187588901717,-0.8057698633057586,0.6456934700600205,-0.9082795176888719,0.8990945646153673,0.9954520344660596,-1.0388838691524174,-0.5793937251968896,1.091234699978836,-0.16583780626855493,0.16438317715161527,-0.03124749673448395,0.24408051591020308,-1.1261206166202884,0.011926440969550102
0.08895128271776641,-0.6982159490069211,0.5746861226848733,-0.9246648516418344,0.5559964317742963,0.8402678602650545,-0.5920557914425914,-0.5691411590382396,0.9343814263805686,-0.1855178068955856,0.09728014682454963,0.0015855965979523663,0.35768243591888377,-1.3764634018265158,-0.1803444524524173
0.1148780613468687,-0.7907523714175675,0.5537211723626149,-1.0498085123648981,0.6876387533613363,0.8363091775214964,-0.9615692624199694,-0.6117030044848283,1.1448641095044605,-0.20549413000157093,0.21511325899481976,-0.011499509461495376,0.29515253756752075,-1.4933897437452308,0.060173227723529045
0.25927491310560635,-0.8135807426538986,0.6015093275515656,-0.9624611509949316,0.6493768399538111,0.9073777579589338,-0.3326366982781885,-0.5247537808470044,1.3101587233781307,-0.24706688230983606,0.14481343686209286,-0.01075809925013498,0.3188893995224055,-1.4517944945819197,-0.05642770646382737
0.23254838309016965,-0.6348192318604959,0.39489571729926887,-1.0184344831910916,0.15239399273179222,0.666215134785448,-0.514380614737432,-0.5813854948050406,1.0383181501944798,-0.04146559757523408,0.21165948654112232,0.01901560838716253,0.39634205004470957,-1.4351217404197791,-0.03685787328713829
0.09624750346728518,-0.580663221013154,0.365022160453472,-1.0148218934934652,0.45002422185789964,0.6606600518873366,-0.23416527480635535,-0.5114506259626711,1.2087698850840904,-0.03709383267050147,0.1329625546975651,0.08311934784127488,0.3352140387968337,-1.0319647117364574,-0.13432260042287414
0.18989274961479882,-0.5867609078088314,0.40339657750396596,-0.9775622490480177,0.09483614102727536,0.7075449381290266,-0.6092028339182626,-0.5700517925541602,1.0639879075154022,0.009414656006732006,0.25220265985924606,0.08340092687188926,0.4158818928032455,-1.32769791269876,-0.29512226810149245
0.06528794006879876,-0.7602796561083999,0.594995445209879,-0.983305432962836,0.71807271244404,0.783073007023433,-0.6131580166278717,-0.5759589255450844,1.235680801184287,-0.13920845045781632,0.08344830967651619,-0.014235039550485393,0.3327500235372105,-1.6241509114469412,-0.10496204611566039
0.09848305302408533,-0.8391808542825402,0.6754884668777603,-0.933036336712717,1.181166807299747,0.9409864521310705,-1.05371579738799,-0.5655556371214834,1.1967376670983039,-0.15101058093000125,0.1114851759980788,-0.07102232763078924,0.30463847168418456,-1.3032024317825726,-0.03695742022484975
0.058340896970554175,-0.8413329289674237,0.7235886729079097,-0.8541423995181043,1.1891187602527096,0.8216504986400419,-1.4251237588940866,-0.6013840201857213,1.1637767799487837,-0.1252247665700592,0.12518922364435334,-0.07798391933675428,0.17254155863817866,-1.1473940451877898,0.2816845945102729
0.05240133417337014,-0.8905387306011558,0.709081013171737,-0.8185914114127634,0.962674420628977,0.9100595667826029,-1.1907316512785386,-0.6285582311325721,1.2170507532628776,-0.19560068689547555,0.028671226405459868,-0.07043612396831449,0.15868784026945798,-1.3599436134241454,0.000750730288120674
0.08038716764862977,-0.8120441102194361,0.7552483645504725,-0.9390782020016493,1.0432179423132848,0.9041903352890152,-1.0671920837832005,-0.5360396691152797,1.171599825169306,-0.29825750289153385,0.1468469504853052,-0.0772711825336691,0.08162558720457493,-1.495971027162642,0.11440178990869611
0.10258568922043972,-0.8348192734020063,0.7066965364443885,-0.937291702679091,0.8044414610483815,0.8258419591561891,-1.1048047139319872,-0.5557371124319336,1.2402736675892063,-0.2674866043358256,0.22909375247954453,-0.010207382112985433,0.2528909607514738,-1.3266647802205365,0.10945761933519349
0.08898723577343956,-0.737875244205815,0.529841188785141,-0.8995700487170148,0.6890183594799357,0.9123767316304059,-0.8866094268930722,-0.5802182778064157,0.9361749592837025,-0.14433817845171676,0.4177581718184116,0.010603995257332943,0.359711752903278,-1.400231620954289,-0.005881407886171673
0.11195256425836674,-0.6765574141610015,0.5308796709467155,-0.9766322929260066,0.15767162688745304,0.7721303740096029,-0.7316458086912604,-0.4732740133101827,1.086972334864664,-0.12189286417980433,0.28520755563217626,0.01655106345670292,0.4519603862264824,-1.2391291554838293,-0.06801049456886485
0.26005347929011413,-0.5566968783999308,0.4498935090492098,-1.0031610705650678,0.7368075214486492,0.7825808780186844,-0.8423436456148783,-0.5661711281713581,1.2256050822213145,-0.07366409444568982,0.07031698264867993,0.07530565324159808,0.5218512254521195,-0.8472403799422009,-0.09304895118289676
0.060886440295679994,-0.4738196046804712,0.30592940098193006,-0.9966094595647942,-0.14835776468594017,0.5821652611238604,-0.1447682084499046,-0.46223496762900995,1.0388099287737969,-0.060335386868552714,0.062190988028212414,0.011451841258199836,0.5349763547227356,-0.5640779881519355,-0.3025269519489964
0.15741493540866236,-0.5909017481006315,0.3497811831788133,-0.9813302954201885,0.536638177363972,0.634627084935276,-0.3639345201578649,-0.5317999250894205,1.1899216899991591,0.11204715774980133,0.2628169722524705,0.03614711522221818,0.5375359914832477,-0.9786678576966416,-0.1087831754389866
-0.009337405888920732,-0.604305972464328,0.401931880541334,-0.8911419648475166,0.42359452997764,0.7292997949586343,-0.5140058716926217,-0.4666165514312862,1.2200301938561693,0.060758179672142594,0.2986444702125653,0.001985674588218463,0.37709436373687805,-1.2874562734061086,-0.36173181325009407
0.13088948188478505,-0.28622578353559247,0.16765187494821537,-0.9505900934109464,0.0482317783560953,0.5593513974702381,-0.24269628567672247,-0.33570215795161146,0.9007224328221245,0.20858551425407712,0.4564822747552656,0.1338281024222497,0.5193472448130482,-0.6870276759651799,-0.39551215912336624
0.17410165698174423,-0.3599430251901148,0.08081734156945881,-0.9553321350103117,-0.11066037628026991,0.4094440472417996,0.13845201930658732,-0.3862131301652504,0.8671098260912445,0.13430598416584266,0.24458126019314802,0.16586200374801255,0.41884212524117737,-0.6269278957185571,-0.38081315846330693
0.08647704830064724,-0.456374290289494,0.20543712317020674,-0.9854637772996434,-0.018933589100291685,0.5503420579982973,-0.18316781978735927,-0.5627749894223675,0.9102000774977469,0.026606853001065373,0.12980028862474494,0.06487361819915119,0.5382809159215062,-1.1094041837748982,-0.34715522457396486
0.2528890990898884,-0.49796181699273406,0.41943385644467446,-0.8529593316470151,0.23338819448761192,0.7328103011688637,-0.4260937915611518,-0.43702470171643576,1.1109592668114174,-0.09595480692061566,0.11742360283229185,0.07167890014784713,0.2674939198365488,-1.2135375864876603,-0.3085629471792945
0.20687277222884287,-0.6402319456217553,0.4427176686157847,-0.9201703355221608,0.4395341653908454,0.8389501160134586,-0.636373046787788,-0.4635570634097615,1.2580594377605527,-0.07811333015465974,0.22783386256215554,-0.009339628720606011,0.43426330690222087,-1.2437868576563431,-0.1865147900425998
0.12497482835100174,-0.6791199251939194,0.46807212294503286,-0.9735143714518836,0.556683008138793,0.8207441816769152,-1.2330630933746518,-0.5980527888347567,1.1595880185183391,-0.0687945685664352,-0.013115112594911358,0.021809011407658313,0.45292994162512745,-1.1222449355421502,-0.16415667822787214
0.04933568404145738,-0.5540751045803024,0.41499818045772807,-0.9271738574092141,0.2672562162469664,0.6539420910502098,-0.41565986619577305,-0.5418871991208233,1.206398556290532,0.09618724228231999,0.1682360605861335,0.06354670134248405,0.37522619407571106,-1.109163531721293,-0.19046155336817103
0.12195810588457502,-0.4077095754069289,0.2527750061410504,-0.9546342444429902,0.1734136383877346,0.6062147437735715,-0.0835019798714569,-0.4754817484022058,1.006363034608977,0.08184463514388998,0.10390727221052985,0.10153685467603925,0.3447568563163857,-1.0557558210030553,-0.2925719516940971
0.1301323346114462,-0.4672760287269747,0.318985966782002,-0.9421782205301275,0.06110818953796718,0.5847514567557949,-0.12626939316395375,-0.41507765808203784,1.0244655349643326,-0.030420834446531195,0.26298615677335724,0.07488522182358974,0.30613299410188693,-0.9364238877029166,-0.26725462277817374
0.19349393460576705,-0.5197441791418423,0.34589064987218265,-0.9956827861928081,0.11388447108124301,0.5883029366630774,-0.6316136449920813,-0.5504565299432924,1.054603529275492,0.09717502456939482,0.15323078652954156,0.1132085036436378,0.5577415265241606,-1.2083580256965256,-0.14089276138746681
0.1678716912168245,-0.723557605851492,0.49429104129250084,-0.9980189464285145,0.166918098368147,0.763689355034208,-1.069670073933214,-0.5087123645338073,1.0975160390892043,-0.020882732751152263,0.13539423356978342,0.05125642064266302,0.42968321961385636,-1.3094745949013527,-0.15868399226590724
0.1247232055308818,-0.7326330774591909,0.5856915355707737,-0.9618072827849061,0.664865552995018,0.8701681662580765,-0.8773675931389516,-0.5167932889056727,1.0096406955925512,-0.2092141952074018,0.17960073715819772,0.00973871057463315,0.3344135024036017,-1.3506083283131616,0.0770899174116456
0.30680671102855095,-0.6946794559103286,0.4950669736960228,-1.070362229249174,0.7490278156699551,0.8798487600334265,-1.5428709081946834,-0.6021421363719639,1.1986395189716934,-0.045365715615887967,0.1411187768306381,-0.005469131957343927,0.32575900307579725,-1.2965818310920223,0.010978278454377358
0.05976442208133208,-0.6115787601288255,0.4298392616609045,-1.0306011368813701,0.33129333897848534,0.7725874809316159,-0.21848656896844051,-0.5030742283007932,1.0543517645154956,-0.06592339507075444,0.05413285808263724,0.045494114432984935,0.6227361740249867,-1.0420732061711029,-0.0803175338539502
0.13302123573473676,-0.5543864056679755,0.36186365965639117,-0.7955448031380258,0.15155060761558095,0.7619076346668724,-0.6695788940899063,-0.5413306075035123,0.8754506194818337,-0.059825552735957674,0.23134043269627816,0.07305476801707673,0.5548279781134207,-1.3905870643442293,-0.14522077621533908
0.1147912503805522,-0.5774451801644811,0.3953429992857831,-0.9670372902931755,0.3246223591740367,0.5496054104626198,-0.26477019274637525,-0.5429243203080037,0.9333222599933216,0.038839023811591544,0.21338383532099148,4.9865960726269316e-05,0.41609775682006056,-1.1172431134737328,-0.14379458425682998
0.1389542308357429,-0.6040218412930125,0.4024801136310631,-1.0634101547099113,-0.06554186631537218,0.7417881683968582,-0.0304700696118919,-0.44470552211883435,1.02581776526562,0.05077082604067873,0.23497435249894555,0.09075185623643942,0.7125174926857052,-1.2812899822829809,-0.28747225656389713
0.2148453969808636,-0.46395079302337244,0.2658636550365588,-0.9931428631495588,0.16890907065059668,0.6156699584823434,-0.5975685158852,-0.44304484971639757,0.8851460303732638,0.008467858141704053,0.22054802030094386,0.0749982473409082,0.34434101266607997,-1.1570600762925498,-0.29209915245708695
0.2141615420934039,-0.5284017099951533,0.2945701300980851,-0.8451364057054959,-0.2695603014717761,0.5684217426685468,-0.25466051614811797,-0.5444252523763474,1.0543710082308861,0.039310916232970596,0.30583252097258984,0.10047654409335464,0.43493780986121633,-0.8919495359946045,-0.2942067910599082
0.23378218240949383,-0.44307525340173837,0.2630944637440018,-0.931936321917495,-0.0705002926195637,0.6484248743051161,-0.2885922546831275,-0.5118364457341901,1.0158105222861813,0.08201798684261363,0.24956617342457188,0.0984391285620363,0.442790103590454,-1.008618890114516,-0.47868152150195187
0.11088071251350685,-0.30783799863642325,0.15400922929483724,-0.8903629345735538,-0.09397389949186295,0.4835386891846558,-0.2202393732006,-0.4774447001142927,0.9743841808321991,0.15001751537942348,0.3482742736723433,0.08067002349660109,0.6117019333375835,-0.6909059037623551,-0.45964891567365773
0.12492976846360435,-0.3662938672827915,0.20638565455175573,-0.9860479743521541,-0.08528106618071028,0.5402839508912982,-0.4412465421494237,-0.39375659778165234,1.0097846767082213,0.06584251057959198,0.2384577828279648,0.1015955363617062,0.5130145852919112,-0.555249420532207,-0.45404446741042387
0.13024038682364222,-0.3449120951442458,0.17065728725075713,-0.8309787826073105,-0.16517709006586206,0.5022411143879416,0.27521247735678944,-0.37145471538513963,0.9092488095934401,0.1869374509121177,0.33507428526082744,0.1458842917306377,0.5478331094579852,-0.9612644098190709,-0.39085135537292337
0.1860359214101633,-0.2860891442954744,0.14931117048153386,-0.8767984621404737,-0.5572392582401802,0.46033115318792595,-0.10439381023905556,-0.4530391973159236,0.9431009985297727,0.15343080790993638,0.08622748151206804,0.12014683929057252,0.5081047210831945,-0.7418747573058814,-0.4463464940352924
0.25489897646168536,-0.36342172530676764,0.2055611092011005,-0.9870809471412554,-0.14608413052638897,0.5238156700884493,-0.27268319940194813,-0.4341025586589935,0.8682031546907706,0.02794676704230826,-0.01950236670501231,0.1192231120699248,0.4071974324972856,-0.7324315632358844,-0.2549063244766613
0.14208431110481717,-0.20042626198456373,0.018501380663988355,-0.8878619718674793,-0.45119421217633476,0.35860440761121526,0.5986761559416675,-0.4108723861683535,0.8919138610320922,0.14955689624886911,0.35731986377380026,0.182555021298683,0.2944707674782872,-0.3304728708764826,-0.4668428229954507
0.21292589591350997,-0.055744151286763036,-0.04241700378528731,-0.7965175679881636,-0.5395181818766773,0.2201516945044113,0.43722274836388525,-0.36963606988338915,0.5597900853749609,0.17960606215914776,0.07723845003420497,0.24094452629993152,0.35692861217758926,-0.46606947073306987,-0.6319915325443864
0.19425893264462246,-0.3263652556755638,0.14632334665972338,-0.8825251846271002,-0.2076196965824457,0.47040747089915047,-0.1197916299487927,-0.48506203408270243,1.0806457861963967,0.08804931489322845,0.18277237867659157,0.09051560479944848,0.5563508626750248,-0.8002712865649064,-0.5185919262338621
0.13865918309556674,-0.19347184242692894,0.016144723866878725,-0.7216998378851408,-0.49240337470420986,0.3135265818089675,0.050888829275923024,-0.38064880092841763,0.8084845604236203,0.23117999905940267,0.09877812660619874,0.1850424846891811,0.36916663889826007,-0.6909687089203985,-0.3992724007101803
0.25973174671213956,0.11693833238804721,-0.31040659050218217,-0.4205325900491765,-0.8898719818557812,-0.08956907818628089,0.5519585874570279,-0.26434383327065786,0.43277287900606987,0.32454925744379914,-0.07414672261045212,0.32085941782235644,0.13047170384684087,0.030442037057420025,-0.5491213943521818
0.3499887778671196,0.5680115920698106,-0.5514530682168477,-0.01323011834953031,-1.1399574056391015,-0.480827001012184,1.0312060373668774,-0.28954990070022013,0.20232216721307786,0.5714048992837547,-0.2983486405316698,0.4458924411340147,-0.15165716454904618,0.4136935599169017,-0.6791867463949478
0.38010955198561674,0.510708224951348,-0.568792658687082,0.08585341716982622,-0.9956071923077124,-0.48210702948029666,0.7854463322026614,-0.264668370802836,-0.08793850443817727,0.6733527761590601,-0.18434836128080623,0.45407549729817664,-0.1305779400152954,0.24947195003316994,-0.5409870789240138
0.5182898071183604,0.5459485901157973,-0.5541412623468941,0.028786956252387138,-0.8958963991513028,-0.4824041406710755,1.34111018667739,-0.23206289264803212,0.009004368427110646,0.523305291126781,-0.3416266145937179,0.4655055158453471,-0.26888548574397936,0.29446752405780435,-0.7226634148683537
0.2743228657731479,0.5978281263152789,-0.5418010995609177,-0.018135085355813922,-0.6448333446735298,-0.4801304875696422,0.5143028474987972,-0.20538359980700008,0.25903787617084423,0.5558090971471731,-0.4735813915571033,0.42576306239492323,0.05874631095571993,0.6566451564490636,-0.6855661098666671
0.3491870063806203,0.27984331176697724,-0.41715019826088384,-0.31220213383301654,-0.6747628704025131,-0.18417632361773628,0.8876399153676892,-0.30459828472926664,0.3745027530580355,0.43159912942243456,-0.22128388782484185,0.32006462945229397,0.12843645603890833,0.3414367163842155,-0.6676846881621996
0.6130678933148738,0.8761556077754987,-0.8056791288373878,0.37936820409301353,-0.890458955407263,-0.8527349040032128,0.756812757888054,-0.1454873972212809,-0.17750111349197722,0.7413518655174037,-0.5904867122471472,0.6091913283065072,-0.37378629878105146,0.892424353926408,-0.5860414067732764
0.524419921129623,0.7468224295613219,-0.7642670970595072,0.24036685952220285,-1.1430705861054113,-0.7141612024075132,0.7774728136993173,-0.23705830875726958,-0.10515906754758958,0.46950374663908373,-0.4295207355807681,0.5090125664095025,-0.41251819001266105,0.8534393646110489,-0.8125841193064408
0.3230816132656515,0.3663183558238957,-0.4331146743890588,-0.2643428498808123,-0.8308708522197695,-0.3019015122836381,0.6228898080433867,-0.2657721454272468,0.22609281147464794,0.533116232820474,-0.17785648641987084,0.3846640487336221,0.1744690381555466,0.23340873581327212,-0.6088707439235039
0.4642523165857813,0.6328582360880929,-0.6986365097840944,0.06565393007691404,-0.9777479128504214,-0.4851466494052478,1.1904498860756747,-0.22181819171125303,-0.2745658776997114,0.5991803910823432,-0.4458519652814387,0.49473135559901477,-0.22221537519181994,0.5918786413846577,-0.7072379321849884
0.47507934979171945,0.6919463501856081,-0.692466465713371,0.224917078195179,-1.0368579455439282,-0.5659370049487795,0.8071435130788595,-0.17060912751563853,0.06820094719209704,0.6176135309680538,-0.40873302053455596,0.5034143877427091,-0.19561520815170771,0.653277155018959,-0.747026016053644
0.48546457215078875,0.883005504124555,-0.810408704560835,0.375208504594496,-0.9504596145175714,-0.7150108639309787,0.7944742187256183,-0.26585921155232894,-0.05195356177745119,0.6862505392355625,-0.3433909903561277,0.5689007252496745,-0.5915164104557751,0.7244434998314929,-0.510781271653554
0.47618695762779323,1.048654522253488,-0.9288095853399079,0.8753562482392536,-0.8650129547079944,-1.1166273108496212,0.9492998987092709,-0.24035318456221152,-0.4444434045567526,0.694238060323087,-0.7239345713430463,0.7259142902422905,-0.6190824932695835,1.0244324967981187,-0.6301884864011484
0.6273986726246287,1.0492867330858555,-1.00054986862241,0.791089667627648,-0.6731897326888268,-1.0623947545096206,1.042855828518289,-0.20972390283858114,-0.24642347860672864,0.7676662887492106,-0.6870522849761387,0.7348052665900435,-0.9175955978819833,1.2073041792753403,-0.6959433294089361
0.3332927801601166,0.707948824446432,-0.7356420309407137,0.16830349583840223,-1.0303490914273472,-0.6652564960980257,0.6456500632856391,-0.24033988419062086,0.10794801795489671,0.6390818143662629,-0.4572084693703277,0.49816933580020195,-0.3801193612624471,1.0893693104216944,-0.6839426141839581
0.32528564629810913,0.29233672791331033,-0.4130107796689059,-0.3502680821956051,-1.1231363338822453,-0.2204382469136475,0.6056871531780765,-0.2638617039280245,0.3274715613183395,0.3954548627082055,-0.08524008625372007,0.3522815693815436,0.1445598809799237,-0.025469679369490204,-0.6520059343169843
0.35358671346636866,0.40963352069734715,-0.46935270393177847,-0.15242630112690678,-0.864873942683811,-0.24648244298714986,0.5658125140841027,-0.3008898790484139,0.29656317229943197,0.4329275321339098,-0.3281787000380332,0.4023703114746754,0.008018645658993564,0.33078995464118494,-0.6266394876382615
0.3092437848357917,0.07965522713841325,-0.162379122700013,-0.557196497179315,-0.509814614362303,0.06128352050772253,0.2739990959064103,-0.3347312550915909,0.4265794934767424,0.2626318466845185,0.16597122434063422,0.22722096694087748,0.4159209650969568,0.04770880058389877,-0.5400470130878768
0.15022629871255358,0.022915860266027776,-0.16794060949032336,-0.5966163940075547,-0.810576758382646,0.05615012860223462,0.5350236122864642,-0.39089108742399176,0.5164706831888604,0.3283868335561865,0.08842063491710045,0.231304036036636,0.4272160465189924,-0.2850156189167819,-0.5096838933575676
0.19871609441498486,-0.28748896277662217,0.10331445573062256,-0.8854730867194542,-0.14282279809378012,0.3936856014089734,-0.11186759209906329,-0.39431151085075294,0.8394785909909837,0.16501946653556424,0.3082406028741596,0.1489506631442381,0.4835872089485586,-0.6656001494253083,-0.4984026239190499
0.11555397473764767,-0.2587509609599793,0.043999499386946764,-0.7362903372257342,-0.3915012118700544,0.3379663058678472,0.05112378690675481,-0.40126089142155474,0.9495188413154646,0.11545389594014378,0.13512354873516488,0.11526371244355688,0.47667704012100287,-0.5989743472345583,-0.3786768391140976
0.20861175696076775,-0.2896156358790204,0.08217528427403815,-0.8160730460193338,-0.30008922669024246,0.36586571086147424,0.003416748514711607,-0.4414107737250994,0.8701686236202821,0.17444482586191726,0.2922782412386454,0.145830172741086,0.4608405565614022,-0.6277057715589027,-0.3799056708055676
0.18506425856281486,-0.2787156847145896,0.1176510157627166,-0.8209219426760145,-0.29232325793914027,0.36348439264771365,-0.15892920895669205,-0.47157025262781577,0.8648607403358559,0.2557465794465636,0.19195774325805715,0.14383545118571683,0.4008171259807353,-0.6564182059640535,-0.4174785500127802
0.11654772300617965,-0.6323657677309029,0.523818301852098,-0.9590413968590935,0.19526541020296112,0.7427282365482645,-0.8510571149117734,-0.5828005824653478,1.2084550724047507,-0.12532396355963196,-0.046256542392932525,-0.05715424393473708,0.43345545126686497,-0.8688118094736234,-0.07457978702019004
0.08688353363720057,-0.7470340080774827,0.6109171695696929,-0.8423325029306554,0.6905949705942604,0.8749120124899152,-0.8742419582015417,-0.5698941706876215,1.1411074722239876,-0.16739116847782995,0.11900721745367625,-0.003222445701621574,0.4564325336329733,-1.27286550764635,-0.11410015063615082
0.15435365320683372,-0.6880422189887785,0.5387154473986038,-0.8654492541230688,0.38033748351554997,0.7748966237363903,-0.7375902661673689,-0.6288558440290503,1.0255187680934874,-0.06001873163762248,0.11716882733869448,0.02443200700239937,0.47634784892246795,-1.3859606242136913,0.13893093555779165
0.06733166453665852,-0.7696750270849615,0.5785498262058136,-0.9961320102561644,1.1750448320167264,0.9131421890726139,-0.8988403743478539,-0.4938570328565565,1.2072272519073055,-0.27518507229496403,0.16872018694990512,-0.04452502749699477,0.32343383462864805,-1.2674438846165073,-0.03447966782189601
0.14654888510073227,-0.7763944995811591,0.579079981496036,-1.008145964202199,0.6475791013589018,0.7930468828270268,-1.0917663552810466,-0.5798242217455412,1.1659751748460776,-0.11151324023229876,0.36524820661564594,-0.039170316966628496,0.34760079581862663,-0.8945565330452612,-0.23870190840707442
0.04230726921222708,-0.6093416661877344,0.4821089479752312,-0.8881950664859093,0.3611621084115497,0.7729341069931257,-0.9135344590568192,-0.505294599196151,0.9068539044056436,-0.14344289452032027,0.3338244702646255,0.018283808724979794,0.23117842293996121,-1.3851046876223128,0.08052208333878534
0.1578208231005541,-0.7161392762988423,0.6237155364938836,-0.993889253828363,0.6522488446144147,0.9165777551200341,-0.7033141746962744,-0.5442459174314433,1.0621298401705672,-0.11945059203335101,0.33879891731034867,0.011930227312744802,0.3432166586334273,-1.3313353297787118,0.06114377395626868
0.18612081552281728,-0.7932454645609641,0.6348649018744251,-0.9713687083909929,0.3818276607071426,0.8192198008990191,-1.0836603255842598,-0.5115867460552526,1.1268088767430202,-0.19188611814399265,0.24872907966886562,-0.0028435948172476524,0.3594150411786723,-1.5297614294996198,-0.05315877459527036
0.0879953537181356,-0.7953931804618514,0.5987644991551964,-0.9314611922652177,0.7657487364857452,0.9690423084588455,-1.1742648882110638,-0.48593184881805157,1.1871084195346882,-0.28773166275291145,0.13293534600884055,-0.01601453390615521,0.4498590456564453,-1.2954722279317008,0.035931346335649705
0.1622971196016265,-0.7583805861679126,0.622170976124114,-0.886783208715686,0.8825820556817991,0.8935374350076518,-1.0292495768570222,-0.5866342214593331,1.1588594063266222,-0.19216359260213053,0.1980223803678941,0.011667112473637012,0.4855168329556182,-1.2827413737295696,0.013043776600322878
0.16376549015416536,-0.8191391073380884,0.6402626010401911,-0.9608778703460968,0.7306514472595682,0.9210431733657789,-0.9043760116543305,-0.567863737979793,1.1086990765447438,-0.1350467919232626,0.18738620058754332,-0.098990299887674,0.4447502466981578,-1.1536309033615681,0.15345529526021878
0.2037646348701158,-0.900177134178543,0.7170028796405562,-0.7962437944499805,1.0127897172764024,0.9527902072044637,-1.111017351985035,-0.6146897318797527,1.2226715648434563,-0.2629006457716382,0.11606396161094937,-0.031166898562118944,0.2642947916771565,-1.416450490145154,0.1288562942402556
0.13657633638923414,-0.6495510091726816,0.46173505250150576,-0.9673398668900787,0.6633600677942733,0.7689553425826346,-0.6212991927981557,-0.4922786445679915,1.1137832096312512,-0.014517485079958797,0.22477164574658445,0.0422266077142924,0.41322316699335193,-1.0125730284803731,-0.0987537238396427
0.14703908248652425,-0.7081133494152622,0.5376121814166966,-0.984900765438434,0.6562023157292561,0.805430654891564,-1.0956078657711374,-0.5577723092416739,1.0902744408928908,-0.1845457007156747,0.1922210279870452,0.007163256773637797,0.37615952599423746,-1.3996344764463458,-0.02203079919267498
0.17470801739002775,-0.5269452842188671,0.43835812936192303,-1.0051374900940495,0.3470570565118032,0.7132158955633063,-0.8870836936423475,-0.5369824140460923,0.9416426921702857,-0.032720903949157706,0.24427935485221208,0.016007807587961366,0.44757271082377653,-1.193717400993767,-0.09359900155061955
0.2377951276600924,-0.3945459965405649,0.265812265686164,-1.0427717812378858,0.08189633869031947,0.5134868647722435,-0.1695237800020379,-0.46479590360439194,0.8201524620742301,0.15399381563432957,0.2708787547329472,0.09446697864342331,0.4321762662936204,-1.0725610299862598,-0.4580227204276999
0.18469478294752945,-0.3907583480269515,0.17658736122245797,-0.810736533272196,-0.4008359409615325,0.5224995035998793,-0.03373210422515091,-0.4972351456133489,0.9428964123278992,0.06078161256544841,0.2356651942315784,0.13256941374352668,0.3774498479739109,-0.8379800794411125,-0.4413536446904128
0.042395556783239786,-0.41357879732170727,0.1863391812516745,-0.9089124453848803,-0.026019226743328072,0.5917716752856579,-0.11068927153013614,-0.4851315027604936,0.8628090376517559,0.1716455454523998,0.28122998744572236,0.11454544294212976,0.5222110470187693,-0.7948496119765811,-0.3212584040952405
0.22341881640372666,-0.25789711002285853,0.08732898260523057,-0.9127473069771926,-0.0122367578512941,0.37529224030182246,-0.2502789718643239,-0.4208682572784578,0.9896257402332554,0.17014832561267512,0.2782845214409234,0.14220465315500527,0.4638792455736447,-0.839803747566318,-0.5135217827557448
0.07770964324392775,-0.42340404495879147,0.23607743913715862,-0.8896395425280569,0.25487105439852226,0.5599355218743474,-0.5224584763134742,-0.4377750912079745,0.6759312068159781,0.015156776022100828,0.26541654244504387,0.12331018074929215,0.3872699306985679,-0.7878169362786731,-0.2581977832330408
0.15136934193086055,-0.2002202328513964,0.06719200939348192,-0.8669480142179993,-0.33738983965373187,0.3909159471875487,0.06194915702250573,-0.351395641271487,0.8590450867472134,0.25370806848918653,0.1275209386110322,0.15763533283388564,0.3753615777881897,-0.645069131264864,-0.5689638972960535
0.18686998021039597,-0.14147345738078956,-0.013832248817740178,-0.9226675618878171,-0.14381615529612085,0.1780023856753071,0.12961378713102312,-0.3985898759160717,0.7343614376591715,0.19103748527463524,0.3294871357734205,0.15546599737693803,0.40048472831808307,-0.6673161290533814,-0.4244463835928068
0.16528739869097694,-0.03730891729400855,-0.10093571101570363,-0.6243305522945624,-0.3743684359581405,0.13832355699886084,0.35906706296321295,-0.40537251350516995,0.4969949547776348,0.30062426433923084,0.16280126241024642,0.2075112285141702,0.5525256388854013,-0.5295684280542743,-0.44524705596175607
0.2026228957990097,-0.007469896870826726,-0.10699371571605447,-0.7016110111919189,-0.3458918376885015,0.07516107804598432,0.1641058812053204,-0.32420839042271876,0.7160795087163071,0.18916003785208166,0.26936239804199913,0.18852829770717497,0.3589251002308889,-0.30486323122840936,-0.5557156658860978
0.23059216604860436,-0.11446079353092675,-0.10159579897745419,-0.6706908214970188,-0.38672706768312515,0.29255493562432106,3.7620579861186766e-05,-0.34786642020871494,0.5162299819142078,0.3381663349270718,0.21915747612333525,0.1822027550782552,0.2732176127372721,-0.2368713618138551,-0.4769009112143568
0.2722338141102096,0.07433364411279399,-0.2387906475504397,-0.6184740035987913,-0.6739551090042771,-0.028782183551774414,0.5578046407370045,-0.28030319202633874,0.47052482744035856,0.2728084619682792,0.19543641529326164,0.24327367576372025,0.27968340493883903,-0.20286875238265611,-0.5350005379553581
0.3199117307144023,-0.03157675043554438,-0.12307532197011871,-0.6519594153134289,-0.7222225122508364,0.11528617025891304,0.5701148216378266,-0.3692858723206278,0.6258225699941035,0.37160243864200315,0.05935017356860707,0.23777134070726247,0.3200349532121298,-0.29239352366431764,-0.3806148204599985
0.12371395155291245,-0.021737354691537605,-0.11947093654908439,-0.6990753959746252,-0.2845482796776489,0.15954493499873748,0.6134027005241921,-0.27770157328810025,0.6702598716804088,0.27548528577047815,0.22229622888356346,0.20680799399694072,0.4676157929076059,-0.3894329845741528,-0.34898254711117377
0.38081426028167004,0.2500802758872117,-0.37389641808554325,-0.2834498987009126,-0.7146537647837989,-0.13870342876416294,0.7966599072616242,-0.3105678827526557,0.23013694446064695,0.40137280084667537,0.13979775614748396,0.3040323215182734,0.10847222432072536,0.14889239923993045,-0.7232770137287405
0.4703287151010042,0.5969842957501243,-0.697270955763748,0.25194869218835414,-0.9269123263466063,-0.6649210254247412,0.8002488078527795,-0.2116984228148521,-0.15881690909387694,0.558208345865561,-0.422785860249566,0.5839065956546172,-0.1929981245080814,0.36170515755655513,-0.6469178014363478
0.4617566177249575,0.6481053047732744,-0.7132315205354959,0.23527416124161069,-1.104710794006689,-0.6075480979662815,0.7348504417697359,-0.2727282568650135,-0.008087167882406867,0.46440624299650185,-0.35032906056072843,0.4838719536175866,-0.34974191211190164,0.7366289678856645,-0.7513755041902798
0.5541888125378174,0.703747472825554,-0.7373843931747565,0.33578784943888385,-0.9003518663164948,-0.6810057810975396,0.9778704089984691,-0.2821845136491884,-0.05942471236788828,0.6200388845276285,-0.3584543931007565,0.520055839160231,-0.30871119252535,0.771403678621229,-0.5889076933120968
0.5417001950114393,0.685677096959981,-0.7414204811055286,0.14919276018889235,-0.6298291155827908,-0.672259048384793,1.1412060559365622,-0.2708326267863746,-0.03379547119439135,0.6306866168803401,-0.4054626392497302,0.5511672050973954,-0.1972848841096275,0.5928709469767713,-0.5905768552165575
0.45523222701535393,0.6810653942561168,-0.6960954453364716,0.1924389523976062,-0.8789199315604752,-0.6783529011523168,0.7507289386232142,-0.2727878462891643,-0.04779129265499547,0.5421503293754131,-0.3190845999207541,0.5322223389202163,-0.41393943753273416,0.8355786440677242,-0.7012025052832941
0.47506310766587234,0.633468274283949,-0.6787859865862427,0.19895229202428572,-0.9094214912140975,-0.5917070143521138,0.7835581598518329,-0.26472868082193873,0.024054722106022837,0.6375097959016737,-0.0331891251983904,0.5020147302701978,-0.2271905393841777,0.6360269094702896,-0.6727764792147783
0.35655902878865303,0.3906121181127208,-0.4586081679147584,-0.1873756726590347,-1.1151990095918718,-0.4146387648080104,1.173733490496968,-0.18898782333775388,0.2638111327961736,0.4456660957831515,-0.19322343225664726,0.3838575360750102,0.06387659838104719,0.2589249192521545,-0.6446085999270015
0.4226792110301023,0.6466044969039175,-0.7048351500953538,0.1275610953121698,-0.7557236983562823,-0.6076846038736952,0.8508579896003698,-0.27259277761355477,0.055033428056674494,0.6429629302361021,-0.31048069087153685,0.511641144921699,-0.26271326720633287,0.36591660472751064,-0.6882967136201933
0.6498890432425822,0.8713025024368926,-0.8651672607422654,0.5776875926058475,-0.8961754236557706,-0.9038570893790134,0.8338877026244337,-0.2514841548056426,-0.3496859837371426,0.6423338379196574,-0.6344544960733931,0.6082815519215861,-0.6065439180834615,0.9676789255458886,-0.4416244895698407
0.6619009873565164,1.1079857876437265,-1.0372759973147487,0.932002388105883,-1.2243294765278794,-1.1579154451050122,0.867380075426989,-0.3152854284788632,-0.4765133379773414,0.7390556728270044,-0.9281356736002805,0.7982773306991923,-0.9958330055099054,1.273459700672907,-0.45001079543413597
0.5893993756204435,0.9930790111694722,-0.9972222586672036,0.6761643703712871,-0.7263196656755265,-1.0712820843879314,0.8578518527773756,-0.3227669043468999,-0.22990954009033965,0.7349643106789884,-0.7068628273892503,0.7110541406188308,-0.6308948417135686,1.3245136468768943,-0.5063345306196098
0.4946156127270854,0.7111226858018264,-0.7322015889855366,0.2756511431604885,-1.013324212011246,-0.7119980553137386,0.9123525026571774,-0.21861591334779495,0.05452810940444403,0.6157795960456409,-0.2789154644094341,0.5264729639495295,-0.3310619520707975,0.37223459749757987,-0.6995765798376454
0.5474222747471598,0.8150915998853245,-0.778455432267333,0.46399550679242985,-0.6820415692827176,-0.7779485194867213,0.7650955235341153,-0.3342665435288962,-0.030725124493474712,0.49859953550680797,-0.3722201312491976,0.606480883608521,-0.3073390761111804,0.9736645773822341,-0.6845249562106609
0.6777914656537412,1.4456518295721363,-1.2371066057445668,1.3566015656858617,-0.6252923286314557,-1.4660238015047062,0.8519040132442178,-0.307320116286275,-0.6760410750379372,0.8857539751044252,-1.2536693682706326,0.9328888121192099,-1.1521085735971164,1.5093674703401683,-0.6450969091307241
1.0959779717442797,1.849286868181746,-1.5519745974474843,2.354187685273499,-0.09712277249853599,-2.018880224815142,0.8369582073013921,-0.4114579669090912,-0.9709322877445075,1.2888948656238441,-1.593972369426854,1.1910551534191738,-1.9407930599044905,1.8922405930061945,-0.4455782973224543
1.1500564199280756,2.0638365407966295,-1.7118751059377466,2.5647946643108543,-0.29366741377018185,-2.2457490152327555,0.6920788605252991,-0.529448126505321,-1.2000247949430125,1.1980382691382503,-2.075115298034258,1.3050359003043859,-2.4624543031763557,1.9287500289258492,-0.259336451316681
1.168546160591535,2.1128256440157536,-1.745239384802623,2.5643242245311693,-0.47713672320835177,-2.2646769454703217,0.6401601677807066,-0.6188636629632237,-1.240093649658597,1.4145660578867776,-2.2179187350114073,1.3846609247778943,-2.4101794512945327,2.2866506128629296,-0.25588367827165026
1.2320665473832701,2.1512612311906567,-1.8019071404241271,2.8071222165370577,0.005680443349687612,-2.345269106338485,0.6316450706865102,-0.5263042805005466,-1.2292906277318496,1.4148967621711128,-2.283827768517047,1.4199426282307197,-2.4050389379436004,2.0047673155109678,-0.3763858395875616
1.1376176007892234,2.0076585719920295,-1.7274491251493156,2.5716443915617067,-0.11749909638186413,-2.123751781372776,0.6023289556138113,-0.48672773466964603,-1.1239644121788877,1.1885376162358112,-2.0194503018139,1.2885059125624754,-2.2292621504249484,2.220804264655377,-0.430411773731526
1.2489840517076132,2.0493475204695675,-1.6962043974199679,2.4874725658314603,-0.2502132826652726,-2.187353882501795,0.755239631012684,-0.5093982549801542,-1.1530436674604465,1.3355661611704326,-1.9327645825756015,1.314674055900337,-2.1528853693848014,1.9132019728316978,-0.29922761803829995
0.8714622203818979,1.6171791598176763,-1.346340996872879,1.7553599755708187,-0.47782482429690226,-1.7146387044543456,1.0832393605587929,-0.3302109168002899,-0.7921247125512034,1.054679599688556,-1.4051922787228046,1.0059063258338528,-1.4107578237447151,1.7031245397055381,-0.3477918285791749
0.8173180075897536,1.7316810612689804,-1.4638737054180737,1.915085396970985,-0.548531179106003,-1.9809534706172627,0.9081768570970398,-0.3881490610008291,-0.8045176577366525,1.0669921261811366,-1.6465847203923076,1.083627417715861,-1.7197221468716624,2.112121888182623,-0.4752403829613676
1.1287732825170576,1.8911241932711575,-1.5923158750200304,2.300538833155242,-0.2655425305600574,-2.1167938431098237,0.8410729568894824,-0.45169245438665473,-1.1040904127436544,1.2301387148445584,-1.7933567024307537,1.2824150503987646,-2.0629088077978466,2.134331325730446,-0.30962855960029595
1.1542039990632962,1.7037138157105256,-1.4491907872818897,1.8599884416839343,-0.4884700396025828,-1.7379170002269946,1.2068299034508947,-0.42905825302693884,-0.9439130603077962,1.0491424337068547,-1.7075361999751373,1.101759307866447,-1.7486622630646071,1.7675854233494783,-0.4313022160150655
1.1183494641195058,2.1393631041256933,-1.6931298617763635,2.700366417666604,-0.1624574586676688,-2.2062437562621207,0.5548681173382692,-0.5286028388471438,-1.1863510640411143,1.4147636401440382,-2.269435532078381,1.3448755599019044,-2.2953053507369607,2.141887898383066,-0.45560912170141427
1.2498177314005887,1.9134811947744876,-1.554216795222205,2.257339851718572,-0.4439176294681346,-1.9887397113095664,0.4962091895191351,-0.43523964153325984,-1.1410857082018357,1.1265966287077813,-1.6327981898164792,1.1964531375305127,-2.0770148668011568,2.400289685430807,-0.4845790905860415
0.9540920304970456,1.7735190178300009,-1.5353734769618625,1.9611613909520984,-0.41227420407247106,-1.840250288618699,0.7368189143070717,-0.43293515704012137,-0.7980359075179232,1.1412441107977014,-1.5226485043166098,1.12621129154501,-1.7534920612343041,1.9886811396138402,-0.489661468947016
0.8967313466866106,1.6768190050460423,-1.4806027529308126,1.80497000652075,-0.5772597473653052,-1.8857127780645422,0.8312870553911923,-0.42282559166877615,-0.9038740920429025,1.0931377867503775,-1.5377090729330332,1.077987693006401,-1.6315151551717413,2.137174291431456,-0.33812892137104555
0.7141809452303232,1.1687424531166246,-1.0755323530695247,0.929308967763139,-0.9198831934454073,-1.3228542995451986,0.8090468554913121,-0.2888685601047896,-0.5428617169795826,0.9240903650764167,-0.8626462897751549,0.7405769565685263,-0.9819603065668855,0.9452321949282431,-0.5026891745721886
0.7968027748822084,1.3922995959122035,-1.175585407855737,1.317583138779207,-0.6675167564726884,-1.4620248565100997,0.7546835466416827,-0.30814460909375035,-0.48693373042834115,0.8119375980444148,-1.1734314894864346,0.8607498852327407,-0.9938380166944006,0.9809185509759394,-0.5050166775393105
0.6083219118248909,0.820465970480694,-0.7993430183766108,0.31826414633360267,-0.9207011779569075,-0.7486729903090128,1.0032855300171108,-0.1986578203490181,-0.20303685035887775,0.5721763645668765,-0.5921820174578325,0.5487120629566045,-0.42982652456013637,0.7104780466999139,-0.6055585508830745
0.6732618634071474,0.7399443881896174,-0.7867246356323315,0.35973599202309187,-0.9925788013762963,-0.7276388386394436,1.1071400435434586,-0.2455691229904565,-0.17437861015960776,0.6421091244888785,-0.5961303648755563,0.5655077186083545,-0.30486543942664424,0.7596632621421371,-0.6204029909368527
0.6837807339112915,1.0701685016204658,-0.9911740178594723,0.9328669081358169,-0.6116952275773387,-1.0664539240710111,0.8433763740926113,-0.30535509346500234,-0.235917442252496,0.7626258737528878,-0.9364921438457936,0.7758897571103057,-0.9176826342976396,1.3068942762266034,-0.685968089083181
0.40882690655663295,1.0106866722560168,-0.9710540885278153,0.8230899988771729,-1.1272718668724893,-1.0994979790215216,0.6825955458249294,-0.2074964174028015,-0.33896617627817777,0.8030863650780156,-0.8425778670990822,0.7117189962315705,-0.6622663056399525,1.2674319663932205,-0.6909888269643647
0.6732441469837808,1.2823232420458293,-1.113829557851863,1.1875886525992636,-0.8674274256950357,-1.332330590175362,0.7541480695913894,-0.252055573125715,-0.6539476537379896,0.960866535025097,-0.8305765086700442,0.8480663495176416,-1.0128327433866386,1.3712689376131244,-0.6197782434596358
0.8292711889084691,1.4051574524884793,-1.2784971685467807,1.428618937233591,-0.648869737107446,-1.4968614815189216,0.6929276497143297,-0.28341047004764247,-0.6364955838228503,0.9956179591231851,-1.1029512886146007,0.9704264987483072,-1.2181216765999927,1.5882824887871492,-0.3730997050331263
0.750525832562257,1.3413362737237866,-1.1345786627364844,1.1759003400641908,-0.6969696713599705,-1.3116339842390798,1.0061647290254059,-0.31644460271978,-0.6951240708685583,0.7590298599384122,-1.126958724878547,0.8391838026108629,-1.0510331719386343,1.1297533649455607,-0.5555415689997675
0.4950429302048849,1.0912208548228155,-1.0230123969242302,0.8000479867243288,-1.0372050972884574,-1.1464430264365857,1.258955623567819,-0.3157995522408476,-0.5162255355193162,0.7813096137419527,-0.6673443998041662,0.7207452048240198,-0.8290303287288695,1.1461600301455401,-0.5014725276849954
0.8541937286589797,1.1812180847231992,-1.131292317627321,1.0494901153062652,-0.6000172913602468,-1.2803988068911678,0.7085289957971207,-0.29852331613496186,-0.43254713134919326,0.9069660672437355,-1.1440771815640702,0.7805234158102428,-1.0397682677832836,1.281837042450444,-0.6064870618829771
0.610710368565277,0.856666666701443,-0.9083637946185628,0.583153971880817,-0.7640289879438384,-0.8057801789794533,1.228807436436062,-0.2829120832622598,-0.30096134972593885,0.7077550216336214,-0.5192537913660141,0.6267330178261756,-0.6519889694040596,0.9561704344979752,-0.6081982198286232
0.5230781366191067,0.6488017435543364,-0.6631207814705659,0.19128096520745752,-0.5277638628391278,-0.6147973834968529,0.7457542369176215,-0.3104959636313883,-0.025045050341298204,0.575950179524637,-0.4280807170505321,0.47669351037537155,-0.22007413673187715,0.307486819992096,-0.6334816038221317
0.2175280303991675,0.3671234332765526,-0.4168221957438875,-0.2951202022421536,-0.6961278526090156,-0.14900762496269174,0.6976362264142995,-0.23335356977433255,0.2636337161667183,0.39998348521826815,-0.05992636849818982,0.3446091542326631,0.14053570809451818,0.18258209968683264,-0.6209457749468382
0.16718804457246078,0.23910096298756592,-0.37279405255008796,-0.3679938843300136,-0.8571841569708626,-0.11210280718944612,0.51069702582983,-0.31953071616126005,0.3599179355192589,0.36259283734307035,0.023300264402262,0.30772659007071257,0.2707901482563742,0.4221438329291847,-0.7092785251124336
0.1546832922006801,0.01960040854034487,-0.13248328638387144,-0.7064051474095967,-0.39678882401522636,0.08547166861771861,0.5171982849291369,-0.34913420326760813,0.7031999020637391,0.313867946842146,0.1522344298001138,0.20717457800660855,0.47264505702319065,-0.5641429202146974,-0.5289346596151495
0.4143649939483731,0.34391814553070865,-0.43380939281145553,-0.20882223793216798,-0.7584417145157393,-0.12756906235248275,1.1346506497823663,-0.24773684519170622,0.44440720105452025,0.37975213374759603,0.041250610527271435,0.34612154760940606,0.13964678185257667,0.1720544837502686,-0.686885413842411
0.43655765351473885,0.3294565460500621,-0.45627422475247936,-0.19953693183743387,-1.1559918467648933,-0.3278699935937194,0.8870594373188195,-0.19662100389315873,0.30060802758634864,0.5228881891521227,-0.10126989689144276,0.3824193709882658,-0.0019296887212707065,0.11460822669622013,-0.619169374458579
0.32162230215194326,0.5769947794471194,-0.5887191652584914,-0.0583007200256845,-1.2472140978654043,-0.4416549010303488,0.6107610072185621,-0.3174355359623013,-0.02785705691207426,0.532982564040407,-0.17964326697310704,0.45289144745228066,-0.09932610559870943,0.48556734919287076,-0.6096203399850206
0.23956729078645791,0.481568805773429,-0.5461322720169831,-0.04071165829578527,-0.8906827636157314,-0.4695516256015692,0.8422364211749737,-0.329228490531499,0.20651483053897465,0.5551714391396161,-0.10628826396262847,0.4768386898513619,0.014421746830622197,0.3969016696169773,-0.6953383875082663
0.44034345907821754,0.6645656614743719,-0.6583167602756022,0.14879820388483656,-0.8765162522555838,-0.54874437654223,0.7431316482880753,-0.23654480393453706,-0.014867860848670185,0.6174369999285122,-0.17682087098614427,0.5199053604667789,-0.15960207289270956,0.32316359165020336,-0.7701514496856104
0.4381799006482552,0.6326138335312497,-0.6788631861132174,0.21969861427298873,-0.702369953438825,-0.6831024049317377,1.120185800671255,-0.2852281352803247,0.08970620278912485,0.6213966216469657,-0.23472580266805018,0.5149913591689397,-0.3287564859931339,0.984951443746624,-0.5180523034284854
0.18396525428526492,0.20152664659776517,-0.3688331567614709,-0.33761230948061594,-0.6824129265302521,-0.1090523784430897,0.40176765064057596,-0.3753506222681299,0.4312420426715344,0.379658596455671,-0.08369023681629519,0.33837296637464104,0.06400023639312366,0.13975336740742658,-0.40304017889863963
0.3575637085451213,0.23255772636486174,-0.36516353623194187,-0.3237504148338137,-0.9480864049688511,-0.18017312845930145,0.646613161819407,-0.2810380726465273,0.4107921150689271,0.2658190301569747,-0.12973320432019095,0.3430170519666042,0.09796433534126497,0.07457041976969322,-0.699649424831181
0.23953263268362676,0.2046382604154283,-0.31771429454043076,-0.4588539243186724,-0.7130611699711998,-0.04863093274533652,0.11797017770120963,-0.24660830680018958,0.4802098292412657,0.3473523343569611,-0.10552981990544605,0.29506763471638425,0.23253398569225997,-0.17387804545062438,-0.5945273224232243
0.2851059487115778,0.23089191463733474,-0.40429691650113625,-0.3607081803273344,-0.974421505434919,-0.22522062899947096,0.5837297103341815,-0.2500878451559324,0.2859773641378015,0.4362573833502612,-0.12663799626200323,0.33629289991914096,0.18997749337855363,-0.1573930343617598,-0.685541308440213
0.3482979628158018,0.246082214389623,-0.36816392563417794,-0.5295919762357394,-0.5467146026501639,-0.10137522794131237,0.5302158363673909,-0.30220266373540466,0.4536302624352562,0.39226833280244877,-0.12892565734603909,0.32118694791314367,0.16338039977085422,-0.18596975049941078,-0.7633920804993697
0.3468519298304569,0.19120090503576948,-0.3484296489545321,-0.3723379501422628,-0.34307787767832537,-0.16642211264187126,0.3718394342155323,-0.3241085831911539,0.3122597696959432,0.5094613126997231,-0.21494844054377774,0.31164107113651984,0.1373757587200986,-0.19315753252425022,-0.6498392836020436
0.20859507663313503,0.13224560090900872,-0.2642509786150192,-0.5055723441617306,-0.3376890271771647,-0.02632871779049679,0.5106627189667002,-0.3049178718693051,0.5275724593008011,0.42379049288486675,-0.033937921168125385,0.2733276296864572,0.27438772271638073,-0.18247227571310956,-0.6517531745074917
0.3024403550442219,-0.02791889334693543,-0.09708671843049416,-0.6895150078808843,-0.5600396175740675,0.2146223648429142,0.34791709775346286,-0.35717443717132574,0.6807212355517326,0.27888936021823496,0.1973989836019581,0.18696048315932484,0.26999535193462787,-0.17031352737207262,-0.4780818369296635
0.14493346637249038,-0.3192568176396673,0.13314095247333968,-0.7686877716631634,0.01673112151858617,0.46249639667209913,-0.2958985094520078,-0.4017867643503087,0.7653850543243682,0.17323543994662174,0.513154017974798,0.164040775327164,0.40954362003724976,-0.690225986531069,-0.3525574947240701
0.17122815019924703,-0.35690037602038,0.1465297666547865,-0.9512515113483211,-0.5564706844378638,0.4547554868934076,0.041573410291683724,-0.4970433705425868,0.8818351285829141,0.14056702025905957,0.21423397870860764,0.14823594426626927,0.4585537900163475,-0.6414066164298065,-0.4127818585478716
0.19955312946061393,-0.4208608583020457,0.2895786414313458,-0.9963682260905276,-0.10388210330873934,0.4721750093559924,-0.12412291249267611,-0.4459490754031616,0.9724669688488198,0.0751241154869303,0.3371878783989016,0.061724952992611014,0.7326499876084345,-0.8504362984710715,-0.3071342179011723
0.1193121208445017,-0.2850765200362427,0.06937659149133155,-0.8777183696205901,-0.3266167516200042,0.3370788258589428,-0.021496428220768606,-0.46447648590535934,0.8685422727084257,0.1873728711110481,0.19246741985298277,0.1326229543706821,0.5690070819720507,-0.972348199896379,-0.40371417672543086
0.18667420296778675,-0.18908765082489734,0.08985900135287385,-0.9067003782860593,-0.31675895479418564,0.3080876368381659,-0.11028759815308502,-0.40929537211733064,0.8923070599463742,0.19920601781810823,0.2784022511093612,0.19043413826922564,0.5618445547806057,-0.7143476674777154,-0.5776255075966107
0.10113057753250831,-0.3806938228306761,0.1455951518958683,-0.9196834529428561,0.021717944256578792,0.5109168408012138,-0.0487589332095957,-0.4777500408161509,0.8964518097437353,0.10819560320295955,0.40532541221638774,0.08299064717289592,0.3958574656339342,-0.939283091941525,-0.3318896306375311
0.08745894924011507,-0.4166287775961987,0.29233098581929,-0.9134656560711244,0.07284979915908893,0.5690305156578402,-0.5018739418688541,-0.4305123369052476,0.8007713209595017,-0.012453262269743135,0.2908794355654017,0.09432045842341703,0.5184777210539713,-1.1351185696209143,-0.34598274609644897
0.12021279940805177,-0.5151017718341935,0.32612703872618154,-0.820652666724347,0.0991499528231955,0.6580952735242319,0.09887270956788027,-0.4855041075734195,0.9980552916791485,0.0013917261143229773,0.3110658888159949,0.14440619621099318,0.5741517046470743,-0.9400928514534259,-0.2815282968329525
0.173554371728506,-0.5377701122143033,0.3909414060276214,-1.0400010867321163,0.3738115998717885,0.7600503473724975,-0.56998720952815,-0.5441057805266997,1.0443993244459666,-0.010465607165670555,0.18439521651611346,0.08167023744316375,0.5342772028243549,-1.003992913618425,-0.19836834434139322
0.1896428127078569,-0.6948976449365796,0.4734100222413544,-1.0670028827119495,0.5044435684018703,0.7538745041943538,-0.5739204229771422,-0.5099402935889767,1.0477025546940302,-0.04958626234510612,0.07441665684290243,0.03572383994684066,0.5263738622653465,-1.224109248466424,-0.25781759359037815
-0.03543724839365758,-0.7226141958178873,0.5791471423967287,-0.9587382691373865,0.8815171172930755,0.844779063764502,-0.7208422728637685,-0.554914031218856,1.1007977047791646,-0.04561029383069379,0.2911157371345428,0.014109527567180013,0.3937482052096404,-1.8332632566811533,-0.07200430503318718
0.18594918901960644,-0.7379549850441006,0.6207212298746128,-0.8838570005282064,0.8443825575074664,0.8429563963113055,-0.7334309385753014,-0.4921617961721349,1.1259156027146486,-0.14424683185989878,0.21441606687178374,-0.009664724383753012,0.42432140976417126,-1.4494227694183541,-0.07220064792521387
0.1655368240060413,-0.7183053744139402,0.584754020422041,-0.9406952231241114,0.466836625856437,0.9000259095691007,-1.0075495706473236,-0.44853132791083694,1.150076915856743,-0.15907650666931017,0.09047222069784149,0.006718539858809209,0.42359960265703983,-1.2791850646887268,-0.12956740684240156
0.09511399234426236,-0.7997834019048129,0.5595390447625785,-0.8876248842112407,0.8548162573744182,0.8393442769796253,-1.3994238809631367,-0.6350809818165101,1.329896375042796,-0.11837415820263314,0.2596604751163689,-0.015875960801865995,0.26517171169371095,-1.5208073125796808,0.07520185607258448
0.171397221226428,-0.4412974066394557,0.2355915456870395,-0.9044094924485226,-0.09390052143807864,0.538702144357303,-0.17036698061388073,-0.45655557194333113,0.8847749983398817,0.14654307233448152,0.35384175601262574,0.10287285234508085,0.48424267386206904,-0.8018900242902611,-0.4880473367656672
0.16830309656194278,-0.4768717961248806,0.23941844018379624,-1.0601156656039719,0.15571841730646035,0.612482166697916,-0.42237077556413294,-0.4597987367402719,0.8861590476634517,-0.045629135392967,0.28252659449146234,0.07687937754356079,0.3666833339806549,-0.8291095481558597,-0.34713994861187186
0.30443070163539293,0.062258970422884606,-0.21852222481117933,-0.6394021164280206,-0.46373840808970923,0.06978502784874732,0.34452407921295125,-0.2333913728358848,0.6375961540206633,0.29484551658087105,0.1698833755846938,0.22749784013898094,0.22584608624034733,-0.16322261689667047,-0.5146095474576736
0.23327703465281233,0.38336511228721215,-0.4581334268059051,-0.12991700324214941,-0.6512199879740991,-0.35331478905705793,0.38864932522644874,-0.2760977711288513,0.19291519120943235,0.4661324995254251,0.011057153429869232,0.3498368080596291,0.08746275754843144,0.4166000350745589,-0.6929463957634091
0.30966489760811433,0.32408724048071735,-0.3999287602110496,-0.21533348295655602,-0.2950169386050546,-0.1851330744661451,0.3948817047519321,-0.28699542354071567,0.27976193325368326,0.3352604930837898,0.001447324407199211,0.33189167392980523,0.11043607206475863,-0.10061273616529677,-0.6664485245924534
0.3116884957382528,0.20321046980015728,-0.3202058040676568,-0.48539574555895426,-1.0116748394065693,-0.052202034812395395,0.8333800269596706,-0.3391749088709926,0.4172071338201021,0.28698486629411724,0.18081785789832533,0.2977373102716702,0.1562994158160597,-0.016736631232020495,-0.5129828220829165
0.24590445790395526,0.4188673599603809,-0.5226908128235215,-0.1946578583647713,-0.788195878439322,-0.2774678779574439,0.5701300009010772,-0.2269551793596008,0.1775822519183846,0.4568150861723731,-0.18370291684739026,0.39056936070840104,-0.08331968919617115,0.32680819447520204,-0.5070063680337383
0.37079107389264065,0.6293447683568686,-0.6399148773579033,0.09164567546004758,-0.9454503732523708,-0.529003198050171,0.8976401071714523,-0.24692593921878583,0.03500585609749261,0.48640783474969995,-0.15987316540198937,0.4445913875521611,-0.2835930572867723,0.4744644577870185,-0.47826620316125673
0.21622438995897533,0.23821942081058128,-0.3735341246876813,-0.37027556104479453,-0.996741922727459,-0.21478007257750603,0.8048432353034427,-0.2897765547182789,0.3433170037426548,0.44799779638406506,-0.19269538010156417,0.3066168641075008,0.11837286327069867,0.15417951978313493,-0.6919242921104768
0.4030879128890458,0.3683748891223292,-0.45323349449599926,-0.24769161855603258,-0.9138796290355966,-0.3408680221304646,0.9117907270029185,-0.3244339869507914,0.17798328952359982,0.4029370866691503,-0.16413976276685524,0.41185894055294225,-0.041097017972997654,0.251996705908281,-0.5667053706449123
0.15788311929940213,-0.021631140323147037,-0.1340853476736527,-0.6578494191461233,-0.4856035156315031,0.07738783353946614,0.7110059206145071,-0.3169322559246058,0.6877493903656745,0.4346558196663309,0.08792444165276227,0.21821790895365087,0.29102530383339253,-0.3865155180889231,-0.4405008808632649
0.3286716360152594,-0.0370662212960225,-0.14148231069027975,-0.6767285577571593,-0.3535973179003344,0.13435537057963556,0.4552114235803366,-0.35221894752168936,0.6409074883450545,0.15752944289917606,0.193663780678459,0.21184787026794288,0.47373825394769753,-0.256022560645979,-0.48348541527115374
0.22387508678167473,-0.09953083307515814,-0.05829417530520198,-0.8738897851802709,-0.5644005753587574,0.2136463293623233,-0.02355093294261872,-0.3968166557042839,0.7563697231499354,0.2070266223765033,0.05695692136816575,0.1825614982810168,0.42913851156847255,-0.4681950584832456,-0.4612941994921702
0.18538741248191884,-0.35832444123366974,0.15625057331586642,-0.7576702159631508,-0.09551307567312785,0.48348005857096654,-0.21705591288342393,-0.40421513424551453,0.8773691054709228,0.18306051319069452,0.07016553033474072,0.07982608246283245,0.4497147733937121,-0.8276639397983114,-0.3329534301122844
0.048569785941851774,-0.2895862729531396,0.1529567465285872,-0.8871946031607764,-0.11566971056018902,0.45928195129458743,-0.14026467035527315,-0.445235137231626,0.7965638283387398,0.10262048000269793,0.3706484040103023,0.15322025399379527,0.5774266783762586,-0.7867153314379313,-0.32088853376194804
0.1928461833329813,-0.2402385018262808,0.048057831057774746,-0.8518481810620318,0.10153175699525378,0.3582261008122246,-0.06904184587495012,-0.3393664673783325,0.817170791512964,0.1745366798780052,0.16578784458601062,0.18960169020690368,0.4080510108132206,-0.7006833254252546,-0.3085764988946761
0.24055734817242633,-0.18343666273696022,0.006677812031626996,-0.8256541988923501,-0.4486140808031557,0.31878033134048245,0.0011754627932602844,-0.4094730744351011,0.5535500793744818,0.2815526398219948,0.2532873981763694,0.18339431284390234,0.43612266402898614,-0.9389699673628868,-0.40564728428442776
0.2979137904984065,-0.16930810784309006,0.0015316732187029022,-0.7838663531890437,-0.4830799233537276,0.26039244987172794,0.17545711682423173,-0.4209898284951201,0.7757656245434691,0.22847596989583452,0.15958057142882684,0.18276615300375537,0.3879346186815602,-0.26760903331393626,-0.3155974737614124
0.19757299591051933,0.045876436636982564,-0.23266157325741368,-0.6462501405899146,-0.7619362431516976,0.094398674831677,0.37699920228762496,-0.34734205734206125,0.6487633306348367,0.3948214251097772,0.11215187374164802,0.2223019737702231,0.25961305311563787,-0.11795178931191663,-0.45379416744051615
0.24823395284169034,0.12264040123265807,-0.18815059653550775,-0.5930713321810192,-0.428791431599423,-0.013302342613852962,0.4345115150205669,-0.2926171568042072,0.400624761236984,0.3320168296877368,-0.0786199300323851,0.2877224750515505,0.2948876525089126,0.06567771228588862,-0.6272523748249398
0.22020637800477802,0.19415031439397787,-0.3557380564783246,-0.3492560937001852,-0.9506238462022035,-0.0474677094229875,0.6068363812698155,-0.3106397210575544,0.3917093449512335,0.3794892792190582,-0.05553273208361525,0.312030129740338,0.3601564022623297,0.07467392629707237,-0.6657975981532852
0.20043231905322606,0.09653246495238431,-0.21950636597878623,-0.5246857581653025,-0.43700598046567646,0.01671913702489777,0.35211940747527587,-0.3112342308117545,0.5162063998843125,0.2762824065143445,-0.044894991224471666,0.27312601777700524,0.2637157071092082,-0.01978371090421858,-0.6121368347831202
0.2842730388210623,0.13285159099816155,-0.18242532642998935,-0.5668926081539082,-0.8655799276350886,0.18278978052632625,1.0054277475136197,-0.35894751051125184,0.4915960339455416,0.43287535654474246,0.07681554512541305,0.22683517476588863,0.21894183726823108,0.1430527987960111,-0.6602311406889813
0.3996673473333974,0.12866940239770244,-0.2724864817556263,-0.31696320381006465,-0.7548356822513437,-0.023334319633640774,0.6626304810281628,-0.3849903679328631,0.45611678825695384,0.43860305397753413,0.23447371785357318,0.30823606847159124,0.4040584115415863,-0.017304465598547147,-0.6359699035268053
0.2700041992739115,0.17251138969616903,-0.24300273947103654,-0.3258108387869953,-0.6554841072462138,0.015775871274138605,0.18132356529558308,-0.3861821977433843,0.5308773567634889,0.3358529941806104,-0.06235145034154767,0.26062605308648173,0.22331135339570143,-0.23441984569452715,-0.6293709300333106
0.13316344931993318,0.08404080942458364,-0.29481439289596256,-0.525905443752449,-0.5116105057596647,0.05791319978633213,0.661769266154497,-0.34478862134657656,0.638901835825902,0.2940069480096033,0.16799625250879185,0.27672042758751014,0.33500661463048104,-0.058988391582938234,-0.5937828169801662
0.2344533003433182,0.021460010508944787,-0.13046601180972683,-0.5216451955216134,-0.6888492586495044,0.04833757776228723,0.36769775342494526,-0.3505993194400218,0.5466920141397922,0.32888568542340185,-0.030694879153403302,0.23047764721574135,0.3439655027195353,-0.16331452478912792,-0.5711832279414085
0.26003524710731657,0.1742264822121575,-0.30856819960472975,-0.39244138577271653,-0.636423299836539,-0.06946962366644191,0.6727674957638128,-0.2809676953433891,0.525008830338102,0.3715402431238695,0.10212624703140645,0.2371198910240101,0.22606966687004718,-0.1679794222395196,-0.42075617837113277
0.4273893433978205,0.3433687157752511,-0.45180732312342003,-0.17849075973448575,-1.1658398837482997,-0.24953501137019707,0.664655837727995,-0.29566436887933656,0.18289089130415273,0.4158319382358562,-0.17994633382421293,0.3730419421557449,0.30216520275449565,0.397305414105501,-0.6253246979114457
0.28030489434067446,0.12674530971662326,-0.24646734348024993,-0.49067176372477367,-0.6406807903808669,0.03878580552568602,0.4605630473509133,-0.28252710649196416,0.36353347743615594,0.33316873170606753,-0.05947703812725899,0.27309842668790285,0.32453048110138083,0.22276398882848106,-0.6460190599297119
0.32248327152679496,0.17759728606889513,-0.35440493353369423,-0.4287317165178626,-1.0121053566717466,-0.13780587301442987,0.639562172616332,-0.26642711888407367,0.42836197259325315,0.43718903479828,0.28215603732163175,0.33194427158889694,0.2467448591074139,0.3554986011876303,-0.6566706422493123
0.32955895982181166,0.47657975644849915,-0.5776712172843771,0.0021240855639790934,-1.0057971721530434,-0.4112152338786757,0.6796146605240212,-0.2493953674822966,0.2295628705134807,0.5496735153363057,-0.22229565650963937,0.4287831821494485,-0.15382115834257234,0.6119400451048174,-0.6178112082830605
0.5216254042696823,0.42040361999571874,-0.46017708688377873,-0.19508266921950415,-0.8967869408384871,-0.34651450172338283,0.8420419312822185,-0.30284465351481665,0.13481962530765695,0.4056803360075485,-0.014036348916679958,0.39001105579941026,-0.01624568856284325,0.2983888666948055,-0.698759668267904
0.3065515130422673,0.267793529334653,-0.42156883127507033,-0.17872440569756787,-0.9104162967251811,-0.1499111738542154,0.5972906423602905,-0.19421923379497752,0.3243333639934478,0.39249159555962987,-0.10879033810003066,0.3149438499982759,0.14604122347844375,0.18338963806545458,-0.6864860646461176
0.40020206765542493,0.6163799356661668,-0.7120748467826757,0.08945352486790449,-0.9574354217531384,-0.5566117446525627,1.2699576516976205,-0.27880638126452184,0.05948032781460692,0.5434613543568619,-0.19313504191988543,0.5117282379397444,-0.21382505318502024,0.510024574362001,-0.6807267588506596
0.38794293891297504,0.6077226493545723,-0.5910796072387811,-0.04887127881965083,-0.8382470553007146,-0.42955222054500664,1.1074867263189565,-0.2712713580283052,0.16351963027354807,0.43901372283509266,-0.3903338126975578,0.41613048733617103,-0.13398794058999192,0.5026201854723432,-0.5303584873335321
0.40337680733999176,0.4041321861522939,-0.4838033260322797,-0.20046611227884614,-0.6483686559602818,-0.34804709549616375,0.9587378547226494,-0.1824891403855555,0.15493704954884335,0.5281617599758343,-0.3935108849995269,0.3522845740459627,0.10208043788401394,0.41454766242024554,-0.5627485685149648
0.37631388812439476,0.310583843312373,-0.4195987137737,-0.2308962913487725,-0.8243874716045575,-0.24745483360067808,1.024765424263879,-0.2959879188026222,0.2242741494458311,0.46274643355550876,-0.1656145077384202,0.3615380854824108,0.22650258359598427,0.5902523574464074,-0.7107134712619753
0.3780363206106957,0.2670477971462301,-0.3051803162167635,-0.43044401351391587,-0.8177828431747541,-0.07454946949246101,0.4462693559792694,-0.33722227226001594,0.5035439508705439,0.4019297369816145,0.09482656619425471,0.2875533046934316,0.3191911858938285,-0.15865275437118864,-0.44346548251206686
0.41398136762689125,0.46805400142770115,-0.5314053973547487,-0.016915616359944412,-0.4259591399230715,-0.34254703860020475,0.6574887212619371,-0.2974627438485457,0.07001033960922025,0.6432611656157322,-0.20954569695151948,0.40425113673836116,-0.02493887843264024,0.057714196614676604,-0.6681675831543337
0.3197189454973319,0.4268665973543237,-0.4696689114894704,-0.1503649249669447,-0.6467184980636912,-0.41511007338587974,0.7550741509409915,-0.2729496073841015,0.3124386297192227,0.399543662533169,-0.11258355537058329,0.3709326397354012,0.026876892842973978,0.5400021223326977,-0.6739142916462249
0.28001367418326073,0.4786506041404404,-0.5152394420076082,-0.1900542054266153,-0.725305306364788,-0.34872653902581313,1.0961138199964828,-0.2929185705355949,0.20880805212787004,0.4594049951832916,-0.2169294955855528,0.4168869667889158,0.10766159393995968,0.22764934707787796,-0.6043577058257303
0.45252960391999003,0.5853500936710052,-0.5649195887036013,-0.060881950845423166,-0.8659072292151936,-0.49015978146985123,0.7356182887121298,-0.22527347310043716,0.06764777467511465,0.6409988410654754,-0.0717145967164714,0.43577574196445884,-0.1818399763707055,0.39936047430710114,-0.534655843888447
0.3399261565247263,0.319614059759284,-0.44081569233016366,-0.2798715642333586,-0.8812749340871535,-0.189447161648646,0.9281401776563187,-0.17882107357813945,0.2643680090400756,0.3464100782507439,-0.12143705678554474,0.3537446168971582,0.20858825232281275,-0.017608922067913195,-0.4953965571304407
0.23540100599981953,0.036030038850730646,-0.2105322903843153,-0.6278402565193331,-0.5065799671164145,0.012459336184775233,0.3749912276218105,-0.31683911185895397,0.5236471931862844,0.3470807047903468,0.17132479519891686,0.2797223924104439,0.3651929941248132,-0.08157582138300419,-0.6271459159315963
0.13846224804335544,-0.2192191498363655,0.09465439530920834,-0.7586049178610945,-0.030185075649751515,0.314925867926742,0.4508413369775899,-0.44430439429106333,0.8569793901472564,0.22974259731652258,0.29693299029812553,0.19208008499416113,0.4259670739716502,-0.6731505353660547,-0.514101872779018
0.08029049001788569,-0.431426232314509,0.20672322032008436,-0.9280207714224619,-0.034029865075315274,0.49564841562559747,-0.5824601667482008,-0.4848685743487415,0.9542660685871441,0.16010522622945453,0.3733407213023453,0.1111642179189975,0.5788051126662676,-0.8967302075946284,-0.5525480372826993
0.0798716716027856,-0.36954871609485607,0.1733559607663907,-0.8737045003481902,0.16346504758847555,0.543442283344387,-0.416394511888495,-0.41818603614783406,0.9711401650765692,0.11870283381643501,0.30733250470480655,0.08564781953140024,0.4118408629097129,-1.1263947609141929,-0.3912724335306763
0.16148639766094014,-0.3908026098687199,0.2359713115468187,-1.011471153126208,0.11657546748703107,0.6298280679516057,-0.3084741190624359,-0.5042755312486626,0.9623845691303446,0.1495883470532223,0.26918404520301115,0.09014754002924803,0.5413898846632306,-0.8651505271526815,-0.34460738870774243
0.16155431464428766,-0.4957922328810066,0.323887534155758,-0.9650104603016918,0.31254675713485525,0.649082558106317,-0.3797321368856667,-0.5635337444782598,1.1542940655807419,0.042097234554375564,0.14648213347864208,0.11242122146352584,0.5102941349531673,-1.194067767351061,-0.22725577860215182
0.09003319674442985,-0.5647046816142824,0.36177741163021204,-1.0066713618378067,0.017422757282829184,0.6519636295429201,-0.5287647310981417,-0.6078406364090615,0.9903937242128952,0.11696728148346217,0.32471495652717475,0.017174678229509164,0.497885244046645,-0.981189443306603,-0.2218950010225257
0.017460496672422693,-0.5776497350072909,0.3401553062681275,-0.9241191078380352,0.2554852991929918,0.7087680015522949,-0.3207043759899745,-0.43568074188522043,0.9951189768120634,-0.005850482305610335,0.17159176013765062,0.049227961663209016,0.47081446680836336,-1.0057979578241554,-0.3007931262481698
0.15655229759505576,-0.610559141820676,0.41154644605279034,-0.8664761363120563,0.15547034673288795,0.7019082592381017,-0.38831894598491784,-0.5581614717046619,1.039784374527267,0.08333900713416738,0.08472774731460342,0.01038078155709416,0.46123854393091146,-1.1186419450962266,-0.22057360374102644
0.07971351529638289,-0.597116476993227,0.41666035430316184,-0.8333434628374484,0.475458932757883,0.6973053175947099,-0.7374114383557239,-0.513066007963802,1.0965199156258447,-0.05320556209495635,0.10432876564783572,0.045186607683303875,0.4500503579103595,-1.0668205502119548,-0.21567822949920176
0.15918996516266734,-0.5745003795956826,0.3427329943661216,-0.9280119259970494,-0.04951012584721487,0.7643836044839284,-0.23266341184427375,-0.5804984149656152,0.9351894132006244,0.09754629845308993,0.3673332058567888,0.08745404669683451,0.4773714563432259,-1.0841468777269172,-0.2893359960384055
0.12494836825147379,-0.5134915984694032,0.2691698273813415,-0.8887684714061942,-0.012197549185838492,0.5643296235283981,-0.5407457459911407,-0.4739043257651914,1.0581227523468488,0.11728719528598948,0.1894183347392254,0.020277888129521693,0.5264895726551991,-1.0677834820175387,-0.3598819578875066
0.16031772710186218,-0.5744407942428206,0.3502668504447096,-0.8866353794442478,0.3579003141174935,0.7106968400268892,-0.4412997222021073,-0.45581552221570626,0.9549431152645883,0.0040481590012602245,0.3142295801861267,0.10878527797887017,0.5967601640862578,-1.2446597139368183,-0.2784047878336407
0.23187263385730336,-0.513738417965854,0.38855558566588727,-0.9233013802084425,0.055160102866674096,0.6490308228862119,-0.539493433405072,-0.4870071453890817,1.1194771318461276,-0.01972537878396944,0.37584029334080343,0.08053828321956137,0.39422757924662616,-1.1383823433057423,-0.3431927232512056
0.09344121796753943,-0.556845275355564,0.3938301877593463,-0.9833206679088453,0.1711401430038146,0.6808261255773629,-0.646531721986949,-0.459911896854637,0.9451063541096938,0.08612257159766816,0.17407703796875085,0.04017782690508269,0.5139184503115393,-0.9425724401459309,-0.1653034034438739
0.32088044609484995,-0.5875453773871504,0.44228829355731664,-1.0182345132102861,0.5718861916313462,0.798585082151033,-0.6828710724614221,-0.5146970507250406,1.0753037042566775,-0.12454512964042826,0.2302699393419762,0.03025274649525582,0.4659539615449786,-0.8930926948057303,-0.14187197442700555
0.14772678694635888,-0.5845726550791182,0.4033607802591712,-1.020528028452824,0.36243596893556435,0.6333033257776628,-0.6782771778435471,-0.5490723758960159,1.1518091216296666,0.051179611675042536,0.24417661797108153,0.03876385546127152,0.5831773295957874,-0.9927447395041045,-0.17570306527774404
0.11181671889936459,-0.6665304522670955,0.46486031030962016,-0.9435700230804989,0.3377670703791601,0.7647056319304144,-0.7765847685294159,-0.5523685840311796,1.113286994973745,-0.08129896613299109,0.1090811919468114,0.002812822590037833,0.4109235498277744,-0.9894166110717564,-0.2629631589612681
0.10635252358547315,-0.6820435521752964,0.5159193882257945,-0.9894963734774811,0.2683276594549033,0.7981413604735453,-0.911629579833409,-0.552379403746694,1.2453391519861927,-0.14593139039972128,0.11243292583775975,0.021638282118304944,0.45262856578705646,-1.4015059112717287,-0.060694985727800826
0.2263844958409711,-0.5070045746628811,0.3675797837543673,-1.0850420766379412,0.2670245566623388,0.7106146712182673,-0.5534159880153302,-0.5077126121476379,1.0606037446743857,0.04993621544552531,0.31009217469347533,0.0558195772365901,0.4770787789262154,-1.0152907538257567,-0.2464340474360487
0.2208130293828106,-0.6503266679462764,0.43584092753681763,-0.9585566128357397,0.3961765480239084,0.8130542174242164,-0.5330804920590873,-0.5185263653771501,1.1912435454097638,-0.07156560777359819,0.2685566937023673,-0.01377365701574256,0.5478234133986509,-1.253706172214123,-0.13145567757586032
0.20496302117146437,-0.5999854921998419,0.41038601275031295,-1.0294952005311233,0.4380098422612701,0.6885760084729892,-0.6586775049500309,-0.5444233875340986,1.1290763914297663,-0.18332012699541286,0.3487288222400031,0.052681018394915555,0.4395964506663285,-1.1939024375166565,-0.09984353253586858
0.20496151193976705,-0.4527127097589288,0.25518008712754725,-0.9544611620175705,-0.16074577631850884,0.6394101498373328,-0.19258479982940746,-0.45713124066274435,0.8884038421322782,0.023909044503626527,0.13769556010194173,0.10555799017489993,0.5224401181763397,-1.4015861256203743,-0.28047264733568644
0.1671756275975339,-0.21442841854915565,0.10715131586008843,-0.8834106443122758,-0.25656165332563136,0.46038276554115315,0.26403330646437834,-0.46166915770096545,0.8643745372105415,0.2062773478826315,0.18064881321779708,0.1492656301494825,0.47008086969844476,-0.5951729090621674,-0.42321495367647266
0.1495941100117514,-0.16097509738102223,-0.039028077981004355,-0.6869978934184601,-0.5597596097658857,0.26928009725812885,0.5993797385857753,-0.40736921707333906,0.6893371125008257,0.2599062601151193,0.012978925383814706,0.19494041190912473,0.49780460679811556,-0.5995254755693348,-0.5326985358336136
0.24527270533301646,-0.08548070535649936,0.003821688313883471,-0.6964350300493433,-0.2514549978442743,0.16702511448694293,0.28697095969123465,-0.452985267015598,0.791445235084915,0.113991154280554,0.18790730845344578,0.18502976919484992,0.48244412990583924,-0.3103911736800114,-0.3600493462249695
0.15783853635878886,-0.01213653132604435,-0.038197483965269,-0.7163540001727327,-0.5058526076424698,0.23880953034025695,0.13120199655528134,-0.41365605112465686,0.6758579127337708,0.1594634215590072,0.15791587374086866,0.223016822078115,0.5974956267980366,-0.06839933768220186,-0.44952347369713597
0.19081090564389186,-0.01637640381776148,-0.13708086131401473,-0.67591747519714,-0.6247231569863003,0.11910034143285603,0.3901759551790095,-0.420392656029672,0.6802575910363361,0.13684967037307158,0.3298417035785884,0.19793724115079325,0.13307045661933833,-0.33333500659937826,-0.5019831062856471
0.19816146616241187,-0.15123883212745576,-0.03669724303628614,-0.7819450758451701,-0.5182293066712369,0.2583008886163534,0.09708567455329555,-0.357622835587053,0.7288996751684077,0.3594591422774975,0.21372600845444437,0.1507449012502863,0.3858559165258257,-0.6358830781591684,-0.42453086508873106
0.2406220261458379,-0.19615601694965432,-0.014547310327335894,-0.8629719409180899,-0.2697121769924973,0.24107843653520253,0.23785718629047362,-0.4182162299673424,0.899333161528386,0.16157552373672207,0.2976231999401002,0.13679750296119225,0.31699266453715746,-0.2290981544697959,-0.5806875923572655
0.30160311677326596,-0.22963248155302135,0.037069599942571585,-0.8765347880750298,-0.08179551743007857,0.3325138640372218,0.5086603541031768,-0.39858890373234274,0.8288531565836117,0.23198641661180627,0.07929572845302066,0.1530841096712057,0.5541513827451633,-0.8956743938201457,-0.5091420002383522
0.14642267967644293,-0.27340333168709563,0.10812036364281864,-0.8091434163471969,-0.0003544604061446433,0.45827059462850916,0.22805650621751927,-0.42377860324243977,0.909180473861949,0.19711578022658288,0.30683391379330405,0.1252217167803628,0.4951329843904749,-0.6343786025876674,-0.31819508640983585
0.3105868230626268,-0.3164114667260601,0.20687314375818222,-0.8491569945851379,0.11673527807989842,0.4682486694358595,-0.020581848185235358,-0.4602169454360864,0.8803405442279316,0.16822232333803372,0.19207202142087393,0.0965942619710658,0.43549211651962316,-0.7573023424011496,-0.43463588681102616
0.26167820902305966,-0.04069827967944406,-0.11693589088837977,-0.7217931850207626,-0.37194780427252133,0.2272044294253083,0.4675464158330949,-0.35269832030651016,0.6668954620968837,0.2894111042181557,0.13114322928927882,0.2263005236484981,0.4467897260958261,-0.08993251619459304,-0.5043556716870229
0.13328410992567197,0.0141620143422741,-0.17356665331108362,-0.5754773656352169,-0.5973834947875143,0.1558375961351027,0.46067865429541843,-0.35141217820518045,0.6759486840843406,0.2516880501211279,0.23483165444151527,0.23670510886389312,0.28631659620730565,-0.4014478932490304,-0.3484953442255066
0.3193958852841042,0.4483919039979076,-0.5367314526847502,-0.15746026186985082,-0.9258375866194202,-0.38896300110381776,0.5343532223819475,-0.2385023669492364,0.10944725612883086,0.6063262478975889,-0.2334245003949636,0.4671850293179402,-0.04905057901196204,0.27887176802057084,-0.670498546423042
0.24404365398342506,0.42942917641551176,-0.4861304191791584,-0.10623563896004053,-0.6702213295908692,-0.356554607907939,0.961245882553187,-0.18667204294298573,0.21475045867936496,0.5401967109593646,-0.4499141162685119,0.3533140689126621,-0.04486920521252717,0.13712398132481618,-0.6265705059411972
0.25156342813922294,0.41332638366264807,-0.4830589051286018,-0.24464303480945118,-0.8152040338390165,-0.3344895871080235,0.7573878771450074,-0.2451164366061326,0.35103116248462174,0.35301090414036973,-0.3213970133603865,0.43478017974596656,-0.024445587063717033,0.1883060505227946,-0.5917172979277335
0.1713896340471822,0.1446639155465668,-0.30189361614623517,-0.4744523260627625,-1.1871873162619409,-0.17041198832731597,0.6787991136333258,-0.33232476008488215,0.3231022896486433,0.29626433749030306,0.24526188146508607,0.2814021068045705,0.30737615597303025,0.21088545546039392,-0.7092593006929763
0.3076933835423544,-0.006266743242208347,-0.20195882689514644,-0.6583535811500699,-0.6599311006282272,0.10242037346758753,0.0052221370074003425,-0.43884623042162474,0.602035989559539,0.31240687156683145,0.2329755122572442,0.23671294682609828,0.43095203842128504,-0.01749619358492552,-0.5599727966615429
0.2523885934899974,-0.003029024883885986,-0.11610732369534008,-0.7201671268330995,-0.10637607602255135,0.0933211811220427,0.8617533597052951,-0.33297982610620613,0.5770975997467641,0.2223621620416604,0.13441316536151096,0.213033502634376,0.4993609625863435,0.031047429430546416,-0.4683583093540339
0.20644794293357188,0.03567752506636857,-0.17973864758779826,-0.621200069108846,-0.640286193693932,-0.003297142861044172,0.46792089349568494,-0.3495622164949904,0.45682956132971186,0.36585092441517353,0.20178716940342126,0.21600415187170136,0.24578651113596653,-0.39127963985614933,-0.4963649109744594
0.3134813155558541,-0.04685701691302978,-0.12135466793772344,-0.7281167716719315,-0.5227999120019043,0.067547508952966,0.19929186817608435,-0.34097621932327704,0.5871135417596774,0.31875657291496323,0.2364746752731636,0.24403120276210924,0.28917625026649596,-0.28893539392098677,-0.5884745986625124
0.1677055627157953,0.08888788667662534,-0.17758404680712883,-0.5708134145358242,-0.9172267217325509,0.14907562399858007,0.3920163403444951,-0.33208777747519336,0.44583560512970594,0.2803008514197044,0.13995832455598442,0.2550470111794933,0.39477510476798205,-0.19279030107667405,-0.6060864038111835
0.30779648098947987,0.08850580962147357,-0.1874945437725358,-0.737242500082032,-0.5442819339901237,0.09257657494292239,0.11196760368678556,-0.3458059766527356,0.5541615699327151,0.38125410160219086,0.21855230186829377,0.18403946086923992,0.2737125528996548,-0.4300903451425026,-0.5512543129355609
0.2205335324580712,-0.05306061655224965,-0.06877451151412736,-0.7683006030632611,-0.20649924670348582,0.2369271831642662,0.29511986857770584,-0.31052751813999757,0.6915637035126392,0.22667876050443622,0.15709003939094981,0.2400301663406743,0.35175814110751175,-0.22741042787836707,-0.39232570619481383
0.31392456427633303,0.025757751086313535,-0.16889191998771877,-0.7705531411694451,-0.3014980346355821,0.1685129454246792,0.37560147885220735,-0.3940698543907115,0.6563442204389118,0.38240360527168826,0.040864218838182094,0.1943082774013026,0.24960132563333765,-0.4308465447561566,-0.3789213226980823
0.2457675607906937,-0.19718215496320946,-0.067853121041384,-0.7241528859026818,-0.5574402627962933,0.18616638063221902,0.4217534328176206,-0.42328815042863815,0.6468896250995385,0.286382135382656,0.11631663442590105,0.22313931956222016,0.5572734445231,-0.7550885021769964,-0.4615806786818905
0.16859207578278604,-0.25326538513601116,-0.0051844378648975755,-0.7629685518713006,-0.2581375725510139,0.32196936582266183,0.08738677901762498,-0.3800483715421877,0.890277454256501,0.17408283329442234,0.14240400757505817,0.13749866597353946,0.45979162054168105,-0.7591798714321156,-0.49129504127868817
0.16477390584290932,-0.1499076185330447,8.707001876708503e-05,-0.6773422886552285,-0.546692682143184,0.24234992164847932,0.2830446449048783,-0.3709830046742136,0.6055121511875792,0.3211623522976257,-0.05625460865573566,0.2273409609107758,0.49343714543911577,-0.5893902208038078,-0.6381837308153113
0.09244638028673753,-0.20304322777619938,0.07511423093277929,-0.82106067519348,-0.2041003421694993,0.2690225676390714,0.037432220424318624,-0.37467940129372673,0.8633532877637956,0.1502687214417279,0.3582014609779529,0.16154253008121428,0.622506675093164,-0.6115261905266348,-0.5250159987372499
0.19614866361310085,-0.3368270725730109,0.16389288179945827,-0.8116980311624926,-0.2264693475688759,0.4896842067171006,-0.3615031431924892,-0.43671363484627107,0.8831579762941036,0.14706573099506362,0.10164806401904683,0.14421806872822354,0.5669872002151292,-0.7576299411518728,-0.30010786027867253
0.2623167680201849,-0.3198084110706167,0.12044768132287861,-0.9323242453801738,0.2870955628977978,0.46598082210875086,-0.018469281493461408,-0.43636024789482275,0.8219202324556875,0.1697124389214762,0.12123563023221685,0.14431700167348566,0.49946433325825146,-0.8089434812752764,-0.45201453011052595
0.20549222809400608,-0.2317166163818633,0.03999942196198979,-0.845265949537796,-0.4035893698634081,0.27539311823900836,-0.2920382220133131,-0.3948650996321052,0.8543854377895078,0.17568011594626923,0.17294578027344404,0.15747761921362202,0.4279088230104038,-0.6317317828124266,-0.39915858012284505
0.23684745213903285,-0.06644505562133331,-0.08074228883074872,-0.7971149041292485,-0.5572621499599544,0.22092456863596263,0.03974691467761695,-0.4111544477168983,0.8130139200630926,0.2249448231643091,0.03959960356879264,0.1864863958836026,0.37210136200532246,-0.32244686620988605,-0.43971903040002264
0.2641391854971076,0.006381306453236359,-0.1096153920235217,-0.7014538401320652,-0.6930328454555602,0.1120134707771741,0.4824763064269129,-0.32439460268755527,0.7583310557356102,0.20329594289851113,-0.10066139640267659,0.25208248935028105,0.23441769741169136,-0.4449770999303966,-0.5479313821836923
0.324080791154805,-0.13213984464596268,-0.053031266091262526,-0.7415055357918076,-0.39166382500908165,0.18580352131545053,0.22711238540356493,-0.4346099842972718,0.6693893468388036,0.14965318215116216,0.21053386837660612,0.22131304227414406,0.37653623171537975,-0.5476007846209454,-0.5238701093601479
0.20725679684822118,0.09142674758190728,-0.2109649838789205,-0.61194729320551,-0.4243806264318668,0.09994834673444786,0.5304643181682761,-0.32713849002098677,0.5845147036256,0.4093464517623608,-0.106836252744465,0.22869090301519307,0.29746591979302905,-0.27577882235669327,-0.5469977241989853
0.20837654643520429,0.032184866518957723,-0.17640762177309863,-0.6810853103432813,-0.8467312729625823,0.08555250384532567,-0.06114114712483005,-0.3160676987671468,0.5925116731323657,0.2821789557229703,-0.1426630717137312,0.2519544694032429,0.5340739828898641,-0.036275527227913086,-0.5240975687556615
0.3221009081267687,0.21417471357528622,-0.29068571077544875,-0.4303318505569515,-0.7061054369112657,-0.047200667859397576,0.9319086902634774,-0.270835055788245,0.3144673394599672,0.2935005566318397,-0.18382582097359224,0.34110400877441766,0.15579861216952962,-0.22512667640682069,-0.6363001048536783
0.13224885882447612,0.2310873495401809,-0.36297898773916265,-0.2637407197914735,-0.8454748009189414,-0.1408901670780506,0.3958852408559673,-0.3005757252847975,0.321624576018432,0.3651014953304925,0.07969659563097478,0.31577232421938467,0.10419839102243897,0.31594188146346874,-0.5001090210863881
0.24974637689497028,0.30424123737586006,-0.37915616886960196,-0.3040168038802547,-0.5870194895886298,-0.19515179718218267,0.8814485543644953,-0.2514350132623431,0.5112896106831978,0.33496220468163906,-0.01662411393828166,0.3107882694440455,0.22501961795749365,-0.011317811851344643,-0.7993675378467789
0.20859334785896186,-0.15502848095420924,-0.014848439679874188,-0.8861213689858536,-0.45307438128420974,0.21686247484075202,0.022570396667678513,-0.3509210443857888,0.6562294674818433,0.31755201502735836,0.3026075102158603,0.16006126759207853,0.4290097029646466,-0.09113906596453725,-0.509321317544531
0.37701378445182904,0.07900151880932385,-0.17278669556031412,-0.7153061102334072,-0.7020895121632746,0.12650224734513882,0.7178929070838674,-0.35910809877622807,0.5972661427186372,0.41112024933539487,-0.02737655366715532,0.26484635759372505,0.3472027583301345,-0.4359267608530048,-0.5350442238942835
0.15508754508299524,-0.17312396461463875,-0.021080034280498306,-0.7551031150300066,-0.319795828234986,0.2660027606628873,0.1139568381278161,-0.4249475970027087,0.7741456667323654,0.2794499101301106,0.19535199572912398,0.12385511971742677,0.3846502858078223,-0.6945003608149001,-0.33420352381712054
0.25015908921133134,-0.11653156184281793,0.03765225196102638,-0.8075824079694275,-0.35065577710963985,0.3817117097550938,0.1826494398121304,-0.369252357581188,0.7740484414886628,0.2416258907050427,0.17106428617729336,0.13057176173835797,0.3993280726660951,-0.23979966892486793,-0.5846013593149272
0.3050600928603497,-0.24637941966958482,0.06774498891101195,-0.8364260676821446,-0.4911669057766413,0.4284915169061243,0.1639909916517685,-0.35364895500698695,0.8167344350979879,0.2527764994069303,0.23427004089754644,0.16797896627394412,0.2951331526535424,-0.7117444231360885,-0.4576729995251145
0.21936151265247983,-0.24553108718228836,0.11132649825403623,-0.7971401554317801,-0.1904760098459371,0.3176571563175003,-0.09334303886262164,-0.470923277817336,0.7335356276277101,0.11338241822357213,0.38815020181581233,0.11831622296239268,0.4402741342372255,-0.6827753516851606,-0.3146280513349151
0.09527564002213261,-0.28103975072737286,0.13982006992617324,-1.0008552289944557,-0.026987449313027698,0.4795716120047809,-0.15247353220559243,-0.32733131029760293,0.830016446979172,0.17021920882294336,0.187392558107769,0.1293821139804821,0.5796234372980074,-1.0282294055873717,-0.3291302064641578
0.11046280070938258,-0.2574563169745919,0.10711872422049694,-0.9152571623510143,-0.008422568875541986,0.37800601343284984,0.2182520405047605,-0.4182641173126633,0.9983054581056519,0.17169893006232415,0.4179881655916482,0.08914913622863137,0.6517906880506397,-0.5291754138211398,-0.31993336873165623
0.08582406945098435,-0.4052939550802751,0.2883666899416217,-0.9836691977589257,-0.25168357638905897,0.5987062217210815,-0.028160966193049725,-0.4356601874760283,1.0638781760172356,0.011068864564269436,0.06920797608295012,0.10047040212950156,0.37658590608981213,-1.1530225701873016,-0.29494053498594697
0.17567530903824846,-0.4303811947956071,0.2634634551544117,-0.8857916645150858,-0.36214753975950265,0.5900029048060924,-0.7357215254895926,-0.49819485723256585,0.9735495197293254,0.021784111631469448,0.2624661054196949,0.08941974493321442,0.5389471022968457,-0.7278713286343574,-0.3690960911681199
0.08631445766904924,-0.4982573313600767,0.39889596789910303,-0.9673881286306275,0.4477207341669567,0.6647778580185525,-0.502840144315686,-0.47700412567726047,1.1078806478737586,0.005380480928610524,0.043164373741979546,0.06500647394961441,0.5073140877256369,-0.8947497405411052,-0.34565798204942577
0.18699294848354975,-0.4635550121538673,0.28697399235840176,-0.9000468223554093,0.31340515764426724,0.6316299927269844,-0.42991281096434286,-0.48633558282697203,1.0018897368490642,0.08390309964273397,0.3747029723395273,0.113882136122058,0.624265117234538,-0.9500200431993023,-0.4691737146565477
0.13203085072069745,-0.49359891234592573,0.27107536847913327,-1.0434085426603847,0.19113185466858773,0.5873123000432601,-0.5065835089784686,-0.4923709105982756,1.0537149308142086,0.09806245416048376,0.2913005545015589,0.11983644832354683,0.4982014330441691,-0.96671401997724,-0.38610502484868875
0.2172833799105468,-0.3192741545746567,0.13328124074193998,-0.9694399147496334,0.008044200471412181,0.3791144047160196,0.03328956317238166,-0.45929601457627284,0.9185334375407499,0.128450067980602,0.18865140973440814,0.13220817486078054,0.5278368317689693,-0.49190759042270593,-0.3218723665906807
0.2373233051695312,-0.3700638870094487,0.16193995989050672,-0.8988234611464956,-0.08640932736878873,0.4500631833658431,-0.46118393066632096,-0.48041900533617177,0.9594265285682496,0.18002523412820282,0.16956032632437115,0.10346244614655871,0.6201538964075344,-0.917191920600535,-0.4354904176760304
0.24410966584147994,-0.5241042322624075,0.3301671227599366,-1.02565836992745,0.265852896128825,0.6406658330761514,-0.597895477000444,-0.5168042498969139,0.9314782202219392,0.06519462785191915,0.2961663042532102,0.10397817515077651,0.45668443719717156,-1.0118153371995038,-0.35134813800817793
0.13600011215441232,-0.5030819289861629,0.31380961963930254,-1.0007468979921443,0.1853525504482032,0.626464341878237,-0.4709752107632232,-0.48090186807988555,1.1120699467937656,0.055629683001149864,0.3481212171343637,0.021250430721613332,0.5785204942818177,-1.2331804051485997,-0.3112495370088435
0.14179933853456614,-0.4783279641112529,0.26652922224968556,-0.9043004056897014,0.19083819295768076,0.5911462987148074,-0.2526629722114558,-0.4926555487905945,1.0142589655222893,0.08805005179980087,0.24665731259498672,0.06706359781877741,0.51229038058799,-0.9748135425647069,-0.24147046273005304
0.2201340156315582,-0.41414722552034994,0.10925008734217735,-0.9014398011511324,0.013091729418031413,0.4863512857568485,-0.05229008636409051,-0.471292008109656,0.9108535402393647,0.0458437614987293,0.28661747746708294,0.08838073749168897,0.486225483582846,-0.5518876868871584,-0.3449264261975281
0.18644980654428378,-0.2779719581510395,0.13961411117061137,-0.9117575341645419,-0.40055557636297007,0.4739754824294773,-0.03568581416414678,-0.4418702379300145,0.8472406704725474,0.07470099281193936,0.1436146745117992,0.14835926708462002,0.44213492870618837,-0.9055029989587312,-0.4440010182652169
0.23700431772052097,-0.06364243689346054,-0.14773631909258217,-0.7359982315313006,-0.24186362390903465,0.1698302912230408,0.19489486976998655,-0.30187094681051263,0.7466497397239654,0.22462837684916792,0.2139151796257459,0.19688658099288428,0.47799101693190377,-0.2323655259443819,-0.5031321410631584
0.2200030991354452,0.1284981208358844,-0.2522559511887684,-0.4917999420896159,-0.3784809717046519,-0.025911376213818168,0.7451330202869372,-0.35884562315059076,0.5206291199818749,0.3235465512214267,-0.11337388170927008,0.25357512394577153,0.2428717423936019,0.21527298446043358,-0.4961513205597044
0.2112935478984376,0.05486014312914997,-0.2208281598068038,-0.5415112394822674,-0.5152702424059076,0.011835420203866909,0.5737917072907855,-0.368060891683857,0.5784223778104768,0.2727188404509793,0.11072536243489006,0.2428176540209761,0.3612479078591098,0.2643701251799539,-0.5425085947856649
0.26402499954618563,-0.18548648342986213,-0.015692257998727994,-0.7594865849430985,-0.5704779668915916,0.2880473221321825,-0.3817139026498345,-0.3976203194796372,0.6049203184650658,0.20224765120576943,0.3127804575884013,0.20038230102768254,0.3729418959540073,-0.5834642326604799,-0.5959169739673529
0.3134218896927256,-0.5138108401770834,0.31211543847667045,-1.094318289988768,0.14948409889471964,0.6816260011187738,-0.39334611374927786,-0.5513536742776344,0.9848482054026607,0.004292764236441234,0.32279420797201763,0.06848368962870174,0.4534087320009506,-0.8024185297802616,-0.40939402120099194
0.2101845343401379,-0.4950760464856896,0.235065067508991,-1.0387412026043572,0.17594964557315823,0.5052202873085769,-0.8843745757974035,-0.4598135219363855,1.0087382723931118,0.06648436309214714,0.1781507162312879,0.08105390243326033,0.5962970605829594,-0.7521609249897951,-0.2827007513713986
0.2533558799294884,-0.6154553482559293,0.45535439078190487,-1.0570218773073192,0.45771127705232084,0.711744249338818,-0.742672899505453,-0.5833874380232154,1.1324577328003258,-0.0698643987260119,0.2527023199430196,0.05336031588049705,0.5118175194725331,-1.274562639910861,0.017988871207321646
0.1580044549267709,-0.5817141734487261,0.4354500119728627,-0.9787622967379225,0.31316798675403645,0.7925708508734711,-0.46819566676250524,-0.6097330412123928,1.1363618513921643,-0.061286047347052126,0.164172472680795,-0.00490841409582285,0.46893207997805364,-1.036654229284853,-0.08669801849236154
0.16502355411669978,-0.59345837485072,0.4246101358096981,-0.9480338886490188,0.6991780905936675,0.7562135805610739,-0.6245479002401874,-0.6063476946321409,1.0253375414198793,-0.023538589338228368,0.3353635065151657,0.09372811257955577,0.5179757376147281,-1.2215810960365197,0.07405740164164135
0.12664555973739533,-0.6751731704764019,0.5048606504643844,-1.0015298950245277,0.4168360300805703,0.8076155791727396,-0.7563666646864348,-0.4898742444925183,1.0331829906874501,-0.07102418086729516,0.03752419506274702,0.012873937723785483,0.4343257263594403,-0.9845937490024161,-0.15041750953239064
0.20374719406390837,-0.6778424605911685,0.4432492896451143,-0.8875053584725164,0.6624451170571067,0.7765089504090695,-1.126211175512027,-0.5121119768636142,1.0815841357042895,-0.06276692112035667,0.2541037429574997,0.04511161387956168,0.48170773479261536,-1.4929093635187785,-0.12834366078195686
0.1616569612569986,-0.6337250687172568,0.45240398957794936,-1.1126548070340583,0.15510566682602128,0.763209648427094,-0.6338296903989098,-0.6190350092381066,1.124852013271878,-0.14092903825508335,0.10446684492306901,0.011945928173413072,0.5849418861291418,-1.1232203276507091,-0.13192835771807057
0.054665825814236284,-0.5659992898484255,0.41231472402554037,-0.8398247165988619,0.29748926964301414,0.6367556205129371,-0.5228441799781508,-0.5253794774413474,1.1595228553501127,0.04539690519816149,0.24648232927020064,0.04017235666643826,0.373624160649661,-1.1713014226769005,-0.033598973863670195
0.23980579857274792,-0.4282593288605205,0.28450155243929276,-0.9117947321434152,0.21779505669031426,0.5858039602438213,-0.5748098050125201,-0.4322372282044419,1.1677710150723573,0.1040121092942102,0.20431063349161238,0.027656234399641832,0.46997648878338233,-0.802533692270597,-0.32529078623923197
0.27242845969718044,-0.21644082811505366,0.06440402638970202,-0.8165133193200341,-0.3855070085317971,0.3146311859379586,0.499980438693051,-0.39760138939936446,0.6980060318756584,0.16467964705182883,0.27328817369744735,0.14922958783592144,0.4759372240235787,-0.1902661811298971,-0.5402400220785397
0.2794894183252526,-0.26726204030048184,0.12121273822485353,-0.7898118742473331,-0.056848234284292906,0.33921162537604416,-0.14966455205170714,-0.4114097674601286,0.8959813206952258,0.15752988365436002,-0.0959376532850821,0.14049912511623672,0.610500957503083,-0.7994377939727098,-0.2658231836010142
0.25532720120361724,-0.22390517851447242,0.0979684557920357,-0.9499081217903532,0.08787645133367099,0.39072497484374835,0.12564609501062268,-0.4585367743972273,0.9485399698558453,0.1775393860890732,0.22757287199507006,0.15421187017959065,0.39664942662175356,-0.6711733325758048,-0.3832162518299868
0.28159116143857243,-0.2548028819076238,0.017239235158936883,-0.7520568799856161,-0.3257606543047966,0.2992429859112678,-0.09632375327440384,-0.3697256927533132,0.6476616648888374,0.20183924326835959,0.3298083078068034,0.19304516445510356,0.2864046565771385,-0.7585136214769396,-0.5042242008414526
0.10538212300756895,-0.17501910899783146,-0.0057730153286444765,-0.608575941854841,-0.746705875298467,0.3468975573885776,-0.06913508737761935,-0.3914675450284133,0.7316262218003962,0.13920542328989263,0.020797784304577953,0.17865623171534448,0.5580460159209807,-0.63041923753181,-0.5053163413805367
0.27667191657094453,-0.28528505587803754,0.0938409662609034,-0.7636700249456413,-0.07456414550738319,0.46899316027156845,-0.11647388116725678,-0.4233080116228561,0.9461113208436317,0.23193580951411916,0.2763725311734646,0.11364291207206187,0.4266747278900414,-0.39962073623880723,-0.3530051371168707
0.2974607248931746,-0.2935026031043939,0.13816796263286132,-0.8771583719717769,-0.7948198207059465,0.4501004243767373,-0.05729371559206036,-0.32971029362190785,0.9478322417871583,0.2331535087106885,0.10026726289686233,0.10764829932033361,0.5358658599935732,-0.5583341357735957,-0.4218460100536367
0.22254402903537054,-0.16934018162858147,0.05966096927246838,-0.8418055506235494,-0.2764627658073761,0.3238615267099252,0.3905403422479502,-0.460758879355412,0.6705526130787779,0.13100788040699896,0.38064213326112173,0.16264132552874389,0.45784534872666655,-0.7146431089809835,-0.5037933087135585
0.23662405594948227,-0.27477249580150553,0.18686632127346645,-0.9146763371718335,-0.04301168455390442,0.4689695624083633,0.09331848716202039,-0.5068807926245972,0.9657134009432815,0.08852485144824401,0.11162008437377033,0.08633790099775995,0.4192661010628772,-0.9950542622306084,-0.3290103595836487
0.3137466405834282,-0.5436615028008531,0.35657736375899635,-0.91583672432537,0.35127362920305616,0.5962339430532115,-0.7125996410965528,-0.5378874389408306,1.126872425651851,0.005410088053379863,0.2645942652884892,0.04772966333842642,0.54627378455609,-1.2312622360694103,-0.4367942143505466
0.1174653155453594,-0.5654638928813989,0.42930595112234143,-0.9982398302871507,0.5090115594123863,0.6972244306484457,-0.61206226486403,-0.5590175283399214,0.9040176439785714,-0.06538745339492488,0.16906835460183092,0.04334036186151377,0.5409365991461413,-1.2935591400331898,-0.1898365544755982
0.1698206379199694,-0.6651956234996321,0.5173999399084334,-0.9508266341159934,0.3840941858125135,0.8777789737518866,-0.8386808583950157,-0.5399852923779079,1.025843847292598,-0.0016195411714206589,0.2162816420147756,0.03294021964650729,0.3197326763751611,-1.0577463988574636,0.08893861736680171
0.12915365201488493,-0.8184267880923402,0.6844790382512699,-0.8583972969121519,0.7974585936202191,0.8458222011509313,-1.0916095592606816,-0.6036825603061893,1.03587293061737,-0.3019837130413243,0.11756920159548354,-0.06436850635662014,0.2995609852508069,-1.61610153728465,0.21560706618160771
0.058609548599372535,-0.8483682603624556,0.7323016921657898,-0.8915813303311662,0.8759740579977144,0.9468409560879355,-1.4330038694784448,-0.5117223340674587,1.2272407982825393,-0.36252964361470674,0.11736997501561397,-0.11300972558402966,0.025070461886095092,-1.5355671778711,0.17290407670835306
0.01266204122788214,-1.0024876099275677,0.8143219710172703,-0.7744539638499865,1.4544220986149998,1.019321416404715,-1.9648614632449113,-0.5104126349486563,1.2296742746115037,-0.3660932633073185,0.013384404565697006,-0.10239452455158958,0.0736562484527147,-1.6892271022153453,0.3090434506846537
0.10754556949800312,-1.0239270301559267,0.8783093773051877,-0.5672224136409875,1.1171652609662137,1.0720767398567432,-1.6123352028200661,-0.4968047298518262,1.1059905697520138,-0.3577159404241613,-0.011822869450373925,-0.14425803441535845,0.12502184120019255,-0.9447357397961654,0.4707169475124853
0.14562124176801378,-1.0395234291238986,0.9318662448675147,-0.7626065767218322,1.4145197796546074,1.1489729516928042,-1.4713747251921745,-0.49480375623785694,1.0647047362276478,-0.477728621151698,0.0931068144268703,-0.15918115830922516,-0.050431241355645466,-1.0660190969293475,0.40595218584577425
0.002929549050790912,-0.9173495378516064,0.7827241474658543,-0.6801036708142492,0.8775128911236919,1.0040205637101893,-1.6406115136061235,-0.5625755870783379,1.0267945399345304,-0.23042815578135845,-0.013616252734618056,-0.150560542478999,0.2341223028207716,-1.555989398518865,0.030535823017054743
0.017905538303544875,-1.0158381073913119,0.858384378621399,-0.6979995190792747,0.9641796794581605,0.9996741650403698,-1.54730273402553,-0.5727806319003255,0.9706796730464461,-0.4905468292465742,0.09003861661532617,-0.17525234694604164,0.03409689193820391,-1.3138678355379787,0.49953347488629696
0.17345526510844436,-0.8736628837780135,0.7291680208224905,-0.9074563504544346,0.8672660901078006,1.0259971297789081,-0.9358095080983974,-0.5994540281702965,1.0578543203774078,-0.30912069434403894,0.22194390322602592,-0.07664054029911804,0.2514255156957455,-1.3249728707052342,0.1878426069444759
0.04046715253658805,-0.7794782870574521,0.6432200771508224,-0.8274495305928722,0.9874402154170618,0.9556075578153526,-1.3379090433022158,-0.5532290106696204,1.2295671238775883,-0.22742591609125193,0.2228591850804067,-0.032110639110583324,0.17380824058748867,-1.6523910737624803,0.00322164503635244
-0.007024207095455187,-0.8972945300132316,0.7771294407758615,-0.7993707787796841,0.7992318192277579,1.030683561566645,-1.0593050533555834,-0.5829008141998583,1.1659877458459253,-0.30823274584207083,0.20782218266041164,-0.08761157989811431,0.16298338926278802,-1.3680749015726519,0.2836447940721928
0.10324682675423827,-0.9357452833132672,0.8102106939871504,-0.7591642844178822,1.170847645525416,1.0898604132042629,-1.6543026293090795,-0.542571607563809,1.039853875001982,-0.4531113236415265,0.05280135587691007,-0.09153470400030896,0.059354551702484326,-1.3288796080822625,0.3210361169093815
0.003207088210319998,-1.1288507897214581,0.9865659473641032,-0.5991227092932658,1.4608325936124056,1.0663234571474736,-1.3502648819015781,-0.5069210435854514,0.943166955294655,-0.4576851088025448,-0.0053896559874723245,-0.2413152389725248,-0.018213389196139084,-1.4996103449551825,0.4482356029213107
-0.06194398210850382,-1.1174785389525432,0.9349513236399892,-0.49903010153611355,1.3880176399278445,1.2008293707331403,-1.5572021352920786,-0.4970827705214444,0.957247174002718,-0.5536743617600361,0.06749596486125856,-0.17792136797376473,-0.24914402626889953,-1.4276471818321235,0.4880142444497778
0.03768602479811343,-0.9096017979942927,0.8227491937430017,-0.7197935305654927,1.4196474018942942,1.0366598633233128,-1.5214466187894975,-0.5416376532819498,1.1766880677344314,-0.41491695851685934,0.10546543501216364,-0.13241733722138455,0.01973471473337494,-1.6896262196831717,0.4629760913254415
0.13054912874499291,-0.93032984750726,0.8319482417321558,-0.7581613835518743,1.2407171195071607,1.007982484844923,-1.3229824077037229,-0.5896772658875673,1.21528961815262,-0.34443004756030754,0.15264562843147864,-0.11183955251604843,0.08790882033918161,-1.3048933516070407,0.2819263353308392
0.043842531325595006,-1.0078671412886109,0.788676932241567,-0.8279499151015296,1.111293526647879,0.994168743636521,-1.6870388780084413,-0.5652495575540796,1.0156700221372752,-0.4504423495383972,0.0842364459872405,-0.11220310125168319,0.1464310151093257,-1.8122690909537433,0.21845202576126618
0.1362019561721928,-0.9836774760761267,0.8297485912673792,-0.6685309994836944,1.2739625741121103,1.0248061021748995,-1.7058858312412193,-0.4923134782217795,1.1207664398007584,-0.40692866045826337,0.1691915058440868,-0.1652739454554245,0.19815903357247633,-1.716372832591988,0.26917100460388727
-0.10156150258126387,-1.0514839390090325,0.9752909159186953,-0.6509904361549638,1.1393645525759502,1.1480758428709552,-1.6755933650043762,-0.5518617524305717,0.9685596584839458,-0.5094422281175349,-0.03930293980199083,-0.21025644081134023,0.12481239464801035,-1.0759241627728864,0.4833893974633686
0.017379139033279672,-0.9642389495247877,0.8649398881558972,-0.6386866725180294,1.460668090982173,1.0002188558057126,-1.7711259101658665,-0.5445515161580015,1.010913158134631,-0.587297039856439,-0.005225909893158686,-0.18282636030867244,0.032577272924245004,-1.015651976133903,0.5271875628508752
0.02655325772990614,-1.0268258622716955,0.9580894065977816,-0.6500323056945807,1.3486976609861407,1.0672684365869807,-1.4995322822236108,-0.48564522835466234,1.0654907083534677,-0.4009195295898764,0.07901275853895894,-0.2213641585247402,-0.07165447742011775,-1.7570429417870088,0.4407735723362843
0.0795071189986013,-1.0235644613854618,0.7994035281685281,-0.7681159431504011,1.121692823385088,1.0561392853603393,-1.365911185720496,-0.5899941132519744,1.045477247691687,-0.3547301277653154,0.12026624942949783,-0.14799640822946253,0.07432381488511836,-1.5960336897918528,0.43641719277489016
0.04426550564038251,-0.9840930545122814,0.8274437111654013,-0.7788457424493611,1.4813758993526724,1.0003836792738021,-1.5912076918658216,-0.6140234374712166,1.1283371770438,-0.45681059109260386,0.048362668049413506,-0.10183751275629124,0.10878260640935392,-1.4910437305161979,0.2351484023443913
0.17048356888284347,-0.9632452477088663,0.8424724383272016,-0.7310255501237619,1.3165516469334537,0.976195711378468,-1.1777507631963533,-0.4761092982683357,1.0096400451137213,-0.4214824053051229,0.07881283880994491,-0.10494115528693128,0.124593477061906,-1.2575497829965403,0.39284327907955907
0.016836042722638837,-0.9099280420409588,0.8091168351908888,-0.775216301095353,0.9902632068552245,1.0114074431911464,-1.6531901388134072,-0.5427165413156798,1.0901310322711424,-0.2381381638115193,0.12094229953462333,-0.07420086687592664,0.20455117801174888,-1.7767558046180028,0.19365846749352114
0.133204603711598,-0.8961998470056272,0.7172573096223767,-0.8841822367275083,1.0800071755403995,1.0458302801076562,-1.1088570643685116,-0.5387421919472314,1.0572076763698406,-0.23720692192530474,0.03309962494485963,-0.11224673817683815,0.24045301204985417,-1.0479069164888066,0.14018967189926143
0.16197139341577732,-0.9276212015822342,0.7105363248559954,-0.8049824487448471,0.6068072213646741,1.042156661888565,-1.6652775051457693,-0.5351901671218343,1.1277120300604708,-0.2884187337141769,0.11855545632356698,-0.09442373114956501,0.1151857789510188,-1.472578786274426,0.07761297886479324
0.053802985516551556,-0.8238420812898716,0.699962540106691,-0.9268809947658361,0.8049989141528783,0.8785923094464252,-1.5508315874452603,-0.5939493359464689,1.2558662198611883,-0.2013837922168883,0.1088325453639441,-0.0791268476210652,0.047703997956662844,-1.6089781131158207,0.14111178502273047
0.0662840632989401,-0.9965473392913731,0.8967754884436111,-0.7511979604844652,1.49933165399162,1.105237040192309,-1.5688397794035267,-0.5945880399145664,0.8804823799161918,-0.38548243819962147,0.1933433113475337,-0.11676129271772834,0.039739770198551745,-1.6410195490088977,0.3301260483881053
0.07348887158877919,-0.9127710650478779,0.8951101970538877,-0.7883788296046037,1.313762613280367,0.9969239710922237,-0.9757505734453568,-0.5756996592144912,1.057281256058897,-0.4163940228218566,0.03554071954244469,-0.15193578434884894,0.0423903525129204,-1.7143593172414981,0.26491242729851844
0.19848025920823945,-0.986597063619519,0.8217540655348113,-0.7351981135529402,0.9363222353808697,1.027278430989742,-1.2974535416103798,-0.5620712904698832,1.1680507906988846,-0.4752024912870487,0.03305684874786215,-0.1341912389344877,0.11084952559578164,-1.4551161858851056,0.4386532207679353
0.1281651702564677,-0.7954635206488455,0.6077732509460283,-0.8510202010028215,0.7505407371608588,0.8782576378263888,-1.271533897002209,-0.5588512573645583,1.2545275249998171,-0.1654413081151958,0.13123596844537364,0.0012450460259266101,0.2551431417998209,-1.2916492944250528,-0.049352624709825266
0.09993577556910366,-0.6886408764286184,0.5454261287095338,-0.9490938685071544,0.5132190590353357,0.8705332929023741,-0.9315887445717489,-0.5317944874232027,0.9929347753708392,-0.10178402033057092,0.2646645195373846,0.005262055513743205,0.3940420644322176,-1.1415444758891509,0.02561125095315739
0.10850639359776727,-0.6785538357646393,0.4905301585505059,-0.9329446731930922,0.2945787823540099,0.7957804221770717,-0.6049820969488754,-0.5302963657040781,1.0272799526668361,-0.09427077473647885,0.20286688278433482,0.006748101130005701,0.35214884715395944,-1.032819798661015,-0.08973869729509858
0.2362339795887587,-0.579317870190615,0.4068931763676548,-1.001282983369905,0.26589346673113484,0.6963804035818749,-0.7221310695225203,-0.45080863433089174,1.1171467167559934,-0.20416679378902755,0.17873811593737085,0.05908408992433637,0.38936608419102764,-1.0317510871984554,-0.18135734977411755
0.23169548360377376,-0.7080219124074713,0.5361602174950186,-0.9502157819759558,0.20593888549984946,0.8084948222768269,-0.3296894930396371,-0.5318768817934457,1.1808136605625768,-0.19279500063056954,0.23205237645941787,-0.0205056937780482,0.30360969401280863,-1.3846371729467533,-0.05049451462606418
0.22207196451244832,-0.6583775681084709,0.5017544755938034,-1.0534497765449724,-0.04786577460810675,0.8321743450705125,-0.9967291787225859,-0.5117187540904626,1.1967915348253397,-0.06136516333439845,0.37808454427163396,-0.007748082117578264,0.41106807417292157,-1.2473760706599284,-0.008327818528797087
0.09279301201467209,-0.8471040255714829,0.6763840812987454,-0.8534052365585334,0.37530749180105394,0.8945297592747344,-1.0452036259503164,-0.6298978518107688,1.1730189156253576,-0.2017259947586188,0.16881887968931872,-0.10006073953856684,0.3462758509048331,-1.598181704656967,0.054281494288555165
0.08501674915501328,-0.8125545856176402,0.6757117815921619,-0.875595516284811,0.9939980496305144,0.9492701353634176,-1.5304261874971214,-0.5763585079567526,1.2763286100147508,-0.1655550325236159,0.15581981304402923,-0.056242800296000865,0.1291815097027037,-1.1788002939683302,0.009491888431715802
0.13214986042238275,-0.8186031241495986,0.6156270744857304,-0.9745200302824748,0.850718104301474,0.9860079941911368,-1.5753648350164169,-0.5804530953851175,0.9929906730580402,-0.18925688494716866,0.023298184229628024,-0.04317798133483154,0.45419577796921873,-1.0969609725246054,0.0072229537535406065
0.046645731427993026,-0.7731955396392471,0.6406245951429267,-0.9724739806243825,0.564841897928392,0.855973327213148,-1.5943904645740115,-0.6004788377985945,1.1743277088300523,-0.1845551490454187,0.13264145539778247,-0.03795432072435993,0.34512486847368457,-1.4689390805164728,0.052430086267091426
0.1617923156763397,-0.81697751643476,0.6600019361610957,-0.9196108722274278,0.5517952972810004,0.8325128471863468,-1.1268849285948197,-0.5554520424822529,0.9855448669885158,-0.24780760026647708,0.16300936007773936,-0.01916736204431022,0.3709572176869602,-1.0922985327244745,0.07566153779983303
0.078282864210262,-0.9851364594412946,0.7864563254966606,-0.8801827595052939,0.8134423944001785,0.9440693192439554,-1.1981164003346343,-0.5248869133536967,1.0984182552875048,-0.3084385583276418,0.07710464061681614,-0.11591300237455626,0.14387274473101042,-1.7385027899596806,0.14392279197429214
0.28782273812488834,-0.7121619699110251,0.5688339091381935,-1.0466748305907472,0.49450937959134295,0.7595490240751545,-0.9153128770843866,-0.5166660132680212,1.1790313339789078,-0.18400375485390594,0.024535716008779643,0.011269707465238282,0.31938141370195827,-1.22253342305553,-0.1610165598514977
0.1902426768353731,-0.5012301491280896,0.3160556620327991,-0.9082632511216087,0.24558983506554996,0.6410390538535875,-0.2319640481910736,-0.4769160167231287,0.9717519722523167,0.09888971048181779,0.2509782040275294,0.08508579997363605,0.5253253087100107,-0.7599764785842392,-0.3267948630936084
0.18398005842931114,-0.45796371273235165,0.2508399175888831,-0.957669532344926,0.28593142051803266,0.5983391674685862,-0.26637132231705074,-0.5169809854866471,0.9614051637795552,-0.017667047116673395,0.23654730669742652,0.0981794654682446,0.4959448753125063,-0.6945904708242311,-0.3707982887601861
0.2884785463501582,-0.42282853601670994,0.253810020216325,-0.9435936319186373,-0.030657967155268435,0.5407091548474248,-0.2843832420092936,-0.43133746345785656,0.8769722571025331,0.005589835279244615,0.2304798033406457,0.1339088990473241,0.6206176199762816,-0.9418872993326753,-0.2451116954787557
0.13615734822755893,-0.5049350530475345,0.36220009275706055,-0.8333287684032633,0.24509328071357098,0.5277054624342581,-0.6737734775493363,-0.48953195675966876,1.1536350113664888,-0.02747395063550241,0.2089629659193998,0.09088100603438676,0.3516467660118261,-1.1601007226173514,-0.1787648659351667
0.2004277594341322,-0.47345331491599135,0.36049604138573643,-0.8521457541950529,0.03796861793113059,0.6889073114905634,-0.6208399983389405,-0.5571533629327807,1.006065535782216,-0.07706415758295793,0.46838129149366936,0.0765055391744428,0.31988467988547675,-1.0551971616912568,-0.2742541487171928
0.13959378256500637,-0.5085217892400998,0.31939659783081276,-1.0080819058460564,0.13876281842600813,0.666194754049327,-0.48632889159627274,-0.41415100245446934,1.0978948007535845,0.03635306172875061,0.24624738728849102,0.04333352713553677,0.6467189717439648,-0.855416453096003,-0.30619186561438
0.17629247497967107,-0.6098014966147014,0.46783485694003085,-0.9347839594671852,0.42015305505605044,0.7319578471688212,-1.1733795803960312,-0.5290860590824096,1.1206515631091576,-0.021762450244676407,0.08077543267082572,0.025284383425626035,0.49089353893006854,-1.223070190550269,-0.187054038729503
0.09871453989722344,-0.7137363476163576,0.537974017657329,-0.9337117229085624,-0.08595138618893142,0.7540073228816887,-0.9460051443595883,-0.5865309394696331,1.2132555813004715,-0.06375800619723508,0.2061720591200939,0.04340180527647793,0.348609934510971,-0.9783133387183912,0.0802564495112415
0.18157425623117587,-0.7053178346996296,0.6117514793346438,-1.030920998173843,0.3800433767494807,0.80556298120993,-0.7507194230428108,-0.5148612324453896,0.9635320995185976,-0.13223233526957603,0.34625619105705185,-0.04483943936772249,0.30865057658857226,-1.17417095996729,-0.1613334461484355
0.12835202361849557,-0.8121546689210386,0.641164489472413,-0.9689204076621587,0.8651332350964848,0.8111051525919134,-1.2997553394194452,-0.5021333486137249,1.199740926303,-0.12795375593695854,0.16140582321178207,-0.006215193958677808,0.35581306469177,-1.4224773336236354,0.1591079165665438
0.14491804580541653,-0.8756102948801422,0.6829662767084472,-0.9040064286792654,1.009418962533764,0.9558333522925389,-1.205904371903723,-0.6140999599537722,1.3150271101850375,-0.21273860014145934,0.35819669728323295,-0.01657742358147648,0.28372828882774137,-1.481834227464441,0.08538277145692182
0.17836195843294153,-0.7911229215410379,0.614637666565962,-0.8737278038394575,0.7060739216004303,0.8383310575475867,-0.845994703278699,-0.48872044469338366,1.3120396094516387,-0.21360217539083015,0.10114409550010903,-0.1175993003714447,0.2612464071657128,-1.2478682014466005,-0.06722768976560567
0.15364039407195,-0.8218213596193811,0.6634138229236057,-0.8215952111575343,0.6021967852732536,0.8892240853004487,-0.9221280174025169,-0.6029064111041997,1.1017521665334318,-0.18317102499429064,0.23725268946966063,-0.0802255998611399,0.3320713398364018,-1.4996747537181772,-0.022860418063917348
0.17369953034026198,-0.838325893104523,0.6714523179135967,-0.8557707222740022,0.7977574791073889,0.9368180754613848,-1.3038242220155165,-0.5688668633408346,1.022591804108555,-0.18590484515914674,0.005917726896351404,-0.04368515392035915,0.2686033127922055,-1.6653277085466098,0.09267557389208629
0.24940396295144548,-0.823436944559354,0.6911377107704901,-0.8465984849113226,0.7967027578724994,0.8889780525589857,-0.8850061119498661,-0.6471999725668001,1.262720505388962,-0.3404735121054533,0.02036027938556175,-0.049152599928486425,0.2893232648174377,-1.6492372486599358,-0.003466092525606814
0.11968999723042614,-0.9514641508154241,0.8143434819822895,-0.751816684760492,1.1441321800749162,1.0546866620057256,-1.4462443492683592,-0.5590357246918674,1.021508707406563,-0.31906751012958373,0.029485242720694475,-0.13484414110152015,0.332225196315282,-1.3412408239083775,0.4160453534859222
0.056639565503191394,-0.7685362087843766,0.49665239611268885,-0.8260988061847149,0.4779299002521618,0.894666655123753,-0.9303616318843231,-0.5722693515401923,0.957609832325273,-0.03063651321835368,0.1356619186626215,-0.03548385670009297,0.4265409808740124,-1.699880711382493,-0.04873634184924979
0.24411873436117745,-0.5437410228840744,0.3799535008291921,-0.9879993467214112,0.6463064253063846,0.7091100571859174,-0.5018346137637238,-0.48305611361843714,1.1424678611386407,0.07398152696368654,0.19740628963898524,0.048309489969584986,0.40230085278772554,-1.1959357213931987,-0.15049500449327352
0.29296964106136214,-0.5012844349623062,0.21182824394947516,-0.9734807844669779,0.018822792100548384,0.6075828950479314,-0.25815228513268357,-0.5026311176096332,0.878918982326084,0.18141645109395843,0.270882142657773,0.0813067126177926,0.4921950834133572,-0.7966238007636964,-0.4050298025650948
0.1893294974364967,-0.382122359707459,0.22692434521886062,-0.9670044292783053,-0.6027775772501807,0.6228752007564544,-0.27712928042473084,-0.4406177536733893,0.87411308053866,-0.01381959705917211,0.26835458936424594,0.09549567601915368,0.5326012271558266,-1.1458634385375805,-0.322768306528489
0.20666974720805315,-0.36333506173752195,0.1588081760261662,-0.9802775810552959,0.025119634269820158,0.5168557448125543,-0.19067619759431226,-0.46450889206842366,0.8936205147856574,0.11607486885986387,0.12229473188502377,0.15089548504495495,0.4800594807782911,-0.8892707069015515,-0.4791594903036678
0.27845312954338886,-0.08290314617167974,-0.0677170855370445,-0.8225592124538006,-0.30351157414737545,0.20745939917291406,0.19124133618694988,-0.29019261488053966,0.6739848597798398,0.16091876228299476,0.1695584627621828,0.18633954803474226,0.3905225908489957,-0.6581424679231694,-0.4093205208867856
0.2975709521707411,0.055197779355102256,-0.17389014606319578,-0.6611105044355242,-0.5922558166546131,0.069463619995454,0.6844093692042462,-0.3209893817765506,0.5754518298910013,0.37027980104395897,0.20670118814916483,0.22517349777560464,0.3832752042124819,-0.5329108517739526,-0.5861006695971148
0.2785768762628101,0.27978602926898233,-0.34518450258005434,-0.4528039111335485,-0.42820299274968004,-0.20980906287081488,0.6272276949045854,-0.2984690791480462,0.19110911328359823,0.41255164240540926,0.05764194559102699,0.26954302573062544,0.30436009324695357,0.05385653410496885,-0.5114393872337091
0.2547274772638693,-0.21503804304921148,0.056946595708292816,-0.8139299785755525,-0.30366743377697963,0.3351561044248869,0.11194188669819885,-0.3590384115935846,0.9404430424266492,0.17550668051273843,0.19803782372636958,0.17443589626785255,0.5239524002760563,-0.7228937132276806,-0.3052968041641348
0.19348436854349108,-0.4961386621704538,0.24295175595017804,-0.8495330982637309,-0.31745258329392084,0.5803493003197076,-0.22852195424198746,-0.5004420834833827,1.0199046123536175,-0.02072445971207096,0.456888928097969,0.13012366517022178,0.5476333954550439,-0.9188952996937081,-0.39770793199247184
0.13757656404353885,-0.4044276084642933,0.1968350650314761,-0.8817340751394533,-0.2560711042583768,0.5691886885585834,-0.521966840943554,-0.4487633794181175,0.9676853038142067,0.15274397355653174,0.2953859222481317,0.10058659788276389,0.4287628577178856,-0.7031173325082928,-0.2685126908007106
0.20660471832977692,-0.34854631269731556,0.14210339496070865,-0.8470991171285709,-0.41748869063855937,0.40986681869981534,-0.3756583215271721,-0.4373526497783029,0.847543521112051,0.10659293413503282,0.3015457114578452,0.12900372146161412,0.4899224255329883,-0.8445979263806425,-0.54042135085123
0.20047063513752655,-0.13958936238335734,0.03439860818277179,-0.8476327804201496,-0.45498311632147076,0.2838101794375925,0.16496052242630305,-0.364890993021772,0.7875199151754433,0.32068453835377264,0.2141435316588814,0.2203857461597563,0.42043189827135885,-0.6880443066960567,-0.4846280175014491
0.14240857408505744,0.15821535136280576,-0.3103946305870501,-0.5236702777264841,-0.920596579526059,-0.07034075547094353,0.6938555421924018,-0.36075184873815547,0.4813651938330215,0.36417127660569915,0.036614064189713996,0.31826864644443054,0.25606996761386297,0.071123255429303,-0.6318408836152127
0.20102337433825382,0.15571364943482663,-0.33195757098459405,-0.5049112005178563,-0.6780659911584078,0.029395827950026134,0.717691394822089,-0.3438379696222522,0.49240138633784286,0.37317292889131204,-0.03334720018982941,0.2716515114739003,0.2987635828326076,-0.22147847509696766,-0.49605452141266226
0.2996277109121995,0.27447164274587493,-0.4698549758956704,-0.324067945700428,-0.8397385012526174,-0.337876573215348,0.8415259179106469,-0.2539900787783467,0.1596775747385252,0.4900424948091933,-0.19342038606888654,0.3474434529376858,0.08756846981189005,0.2671811475732761,-0.7434389848245103
0.39024262172718344,0.34901953021421506,-0.43385556664474,-0.15343225542016312,-0.7688934373223595,-0.3082998225544025,0.7321702403605835,-0.32837526899303016,0.3707018956061662,0.4536337862411898,-0.2066617130455278,0.3485706503236471,-0.016874935856702026,-0.020045993400949293,-0.7454863741679415
0.42612494410097357,0.6818164702444184,-0.7412227446124814,0.22886538994707215,-0.7197753379832696,-0.6106723422529998,0.742899196974193,-0.33187460803070207,0.05876291887790992,0.612137719948463,-0.6027663811464211,0.5327675723988955,-0.4055507240106246,1.0103352956969796,-0.6743203138738386
0.5938105393147699,0.8347315205455813,-0.8724863993310858,0.46956436787986916,-0.9025243841725942,-0.8792496419842437,0.6495025964995075,-0.25724930429294984,-0.252998476475605,0.6742033097802311,-0.5236580713694265,0.6606375263593647,-0.43580044677041446,0.8469655869443398,-0.7137721831276176
0.5943131801887088,0.8143976616574169,-0.8328844100108608,0.5321878684738564,-0.8712385120695636,-0.8076252579403024,0.8266933420264321,-0.19746371654282446,-0.1760337950902635,0.6437038093279632,-0.3531363268517807,0.6062206156809694,-0.472685311577167,0.8444158091279429,-0.6154870133094474
0.2856946351240538,0.7471363376677559,-0.7774134805170405,0.34297638886908594,-1.1873138902045421,-0.5772730954984857,0.8060078567091926,-0.20171683332150395,-0.003148714042109247,0.5779482780101642,-0.4591444947867696,0.4982112833178774,-0.4541844543423648,0.6513864495893904,-0.6745095556252858
0.4963174265825198,0.5498920778343532,-0.6632161136976501,0.10635775985275772,-0.7932078849611919,-0.5094240255795351,0.9423694141487403,-0.25551019047295426,0.06650283929796885,0.6079136651752097,-0.17899446430467736,0.47339202985589185,-0.18658946540872196,0.7520239528569852,-0.7058293286778983
0.5178082740439705,0.914156710092479,-0.8803132196385857,0.52209411072505,-0.9812858112641122,-0.8855344142962465,1.0660312972574795,-0.25976504842707754,-0.29935132140409826,0.7145447430393093,-0.5660986412359654,0.5991421936759366,-0.45535700642219534,0.855643884367031,-0.5627907443169099
0.5227168854400889,0.6453599146698344,-0.6825501511765627,0.24660632719163408,-1.0119570858571032,-0.6318266552657706,0.6788300902384529,-0.22508993577052308,0.16521075188927173,0.5796549072204684,-0.3607894761869713,0.48546995989731906,-0.37265672079248385,0.7578507904124677,-0.43312494180617245
0.4664721666773774,0.9347105665567731,-0.8372181074169611,0.42731853148410004,-0.5005484238403947,-0.7521651648019168,1.361163394151356,-0.1407333373087572,-0.20970267318349445,0.65160805734474,-0.41018481055810213,0.5629662092551362,-0.47815125470029457,0.6497312322002426,-0.7302725635851417
0.4352914921351584,0.6555092310481581,-0.6895792233135765,0.2653393284145506,-1.0771998750918874,-0.7112623296990467,0.9372945328211839,-0.24616152206198216,-0.042417522335682065,0.5235945105355022,-0.4155968596824276,0.4907083948253919,-0.2511287723629626,0.7071137804626576,-0.6415764717323387
0.38158853348317406,0.664632380321838,-0.6964845854652036,0.11951275779894349,-1.0781618294568376,-0.6030383720128457,0.609525344477329,-0.2479511468443887,0.052964494995454345,0.5485116750660292,-0.38191412167171124,0.44362450287918287,-0.13033375033036682,1.0964487597880228,-0.6212624347012815
0.6471291506304108,1.0105104278733794,-0.9114549221475412,0.7119942944818827,-0.6930905684324097,-1.0101180287746885,1.0244680775257784,-0.31036177707779256,-0.14014686692594291,0.628995724000713,-0.6840123969381208,0.5857926676697514,-0.7330424726418129,0.7732702965799773,-0.6242855203514781
0.5686274647186115,1.0027508167617936,-0.935703768904225,0.773618723735215,-1.10573939928712,-1.0664041669355542,0.889975441631289,-0.21077765158166728,-0.40751364571529386,0.8614546572324441,-0.8853262085605635,0.6354860885415996,-0.5702722162724349,1.099745910729884,-0.5599596586102771
0.5784934048364846,0.8336442377477141,-0.8286293022471909,0.5473869374927127,-0.8500104419371113,-0.865772873033238,1.0001513328606328,-0.28991574858684854,-0.22121607207156635,0.7154243099662192,-0.6335988678226779,0.6199498692333189,-0.5257900846928303,1.007867799373416,-0.577500179802452
0.466284328543671,0.7365615378683511,-0.7482049065126125,0.2812373455138145,-0.7238792498445962,-0.6974364600500582,1.2354910775018537,-0.28735778921110233,0.03698166692525439,0.7532674045227696,-0.2477188408474895,0.5642361451520076,-0.20583072570933958,0.6909606958368056,-0.4836282130855905
0.4321076427927857,0.7186601423315968,-0.7940772682402585,0.33868868999914536,-0.7764532580543219,-0.7037470957713987,1.0750616106237083,-0.2090272200700174,-0.17723025444883153,0.7606866319266727,-0.4181065680992898,0.5546430101195791,-0.1875840637285339,0.5791737199977861,-0.7135670593406324
0.27028013818211094,0.3885853340674255,-0.4288616518117467,-0.2658924353169502,-0.6734801276779487,-0.31473740877765294,0.38628372040717884,-0.36691785482925,0.26377662785491507,0.379614773052944,-0.10394919609105528,0.3888067776509651,-0.0018373740285689043,0.22925847872343336,-0.5218265095583522
0.296613193070496,0.18678832421300542,-0.22176377203849187,-0.3799641141868396,-1.018062403646583,-0.08392472304250922,0.4696139502535371,-0.3060521820452725,0.40886737717273425,0.42511194643623046,0.03033817487849655,0.30052753853270037,0.315609837500178,-0.0841144600783435,-0.6802525028452453
0.3407542555968788,0.21011826783625526,-0.2998138354273772,-0.41422781501710376,-0.7671008969834003,-0.13316901332743264,0.19209802535765558,-0.2888890494931608,0.2172444255551326,0.4574340520807666,-0.0498360966910203,0.29325108231257224,0.22653843256394746,0.0046480505787233894,-0.7780637800587313
0.2841744162513092,0.1138379295415957,-0.2230506318113467,-0.43717331724134056,-0.8644853396681836,-0.06282416568575594,0.37778024569835084,-0.321158120646957,0.5516585627373256,0.34786766265273583,-0.03634900777393802,0.2394800434458848,0.2450609011189662,-0.2905562424119517,-0.5457088598099571
0.1850500317083116,-0.22205798140207422,0.02782774083373922,-0.7288725107853136,-0.08761946443640643,0.32345187464774755,0.2794490350322112,-0.35472974376608085,0.8313590192812506,0.2224425982871298,0.31175211427584915,0.17348306695185883,0.5543472296805465,-0.6792595835804505,-0.3931334570825191
0.1722870701473005,-0.5042989088431893,0.2384172620340727,-0.9631199956447462,-0.34237663869182683,0.6138010094069596,-0.09605967305700287,-0.5301042162717812,0.9893715066003199,0.05499007618247907,0.46248221050556804,0.1010272651088762,0.4846278746744849,-0.9693784086736588,-0.14980984313057044
0.2275882478624015,-0.30393664056991093,0.1031011934061759,-0.900166501677343,-0.2313844693339007,0.4729323360247093,-0.26978095145188125,-0.3898020891329669,0.9679476730254779,0.14460044146316117,0.1200368102781155,0.12495413212900935,0.5806572981302089,-0.709101433148212,-0.5989020306227447
0.31110076900614897,-0.20211025704410238,-0.035738122142403135,-0.8390046107704899,-0.2871583962633747,0.2439693610078383,-0.05283097353037165,-0.30165552896303943,0.7345827918806015,0.07114953381388808,0.15776688157603078,0.14263232374023085,0.45557599830245127,-0.26980356757688306,-0.29986166858876234
0.13672831575461042,-0.3640053053976027,0.24261409559078273,-0.9186641704946921,-0.08016751528794769,0.4891070268136027,-0.5415965590105722,-0.4760879342800665,0.9866571225282198,0.10531038044845649,0.3693855715063943,0.07544981106059666,0.524453203748413,-0.8729286496548043,-0.3252125335423882
0.09131963385114779,-0.1940220016206049,-0.01726599431404046,-0.7722584725643209,-0.32560677065742855,0.3583812563000323,-0.12888894970346923,-0.3371065299451094,0.8086832808371879,0.260117685757304,0.14948901912235055,0.1215939024881663,0.5572448507555549,-0.8930748078528538,-0.5602452492194502
0.1770721762553486,0.0320728358489444,-0.18025955295440219,-0.6715615102523185,-0.6700270443268296,0.12576643391089554,0.24931032128024125,-0.33558435160520766,0.5393687312921032,0.2737951995914426,0.23485363874373832,0.2099121449371913,0.3292069569568377,-0.20770317930628332,-0.6146309449288841
0.19488623447003417,0.060948731902314486,-0.2101931487959365,-0.5899591637115218,-0.9109779563405521,-0.014727893470481652,0.548396370674662,-0.36554006650650345,0.5446065362123435,0.4324459882902451,0.10985370743996611,0.19104794528700295,0.1901279079148155,-0.37878917552881625,-0.5554069153456223
0.1599822764109444,0.015532160373477327,-0.1284744648870445,-0.5446620732215143,-0.3104919985067088,0.07670221120322357,0.392934706800394,-0.35399492475180144,0.7635712253862074,0.32997203336393005,0.14404692225274754,0.20274152540853668,0.3767133746489704,-0.06104846134374771,-0.6168197315270691
0.3287618721107622,0.04021841060416301,-0.18506600316240812,-0.6035527935689656,-0.48719554997350933,0.0045102829410400384,0.6195482763774941,-0.3228518473342037,0.5178068834285178,0.3133059539024062,0.18983058896365823,0.3009665172596914,0.311738658113556,-0.012195350647412995,-0.592469138166089
0.15377817803848154,0.11203028383063472,-0.2658834498036879,-0.4190357308216723,-0.9140499928193188,-0.07537071455922688,0.781235629392088,-0.3451795810252744,0.4738436197103473,0.3519515118614858,0.01311355437481347,0.278924142830999,0.20549492423575969,0.02122516658637528,-0.49586975029898905
0.18280615901200972,0.268300249241532,-0.32974741503920785,-0.35583879549563624,-0.8655650804695457,-0.21267419950103392,0.44884977342992033,-0.30303748261411895,0.30035317174824205,0.4330052384354604,-0.08294705157923864,0.32999369486966834,0.06200674529361495,-0.12969581647520304,-0.6296681528177565
0.19704311916146358,0.43139525934768413,-0.4757470471351819,-0.24195621317841928,-0.6823966868285379,-0.31283760397337773,0.7015017610922164,-0.25250970036102466,0.17785941700838795,0.49651911059466824,-0.02506536036680091,0.3695237053309207,0.1459268672944346,0.31749889197434605,-0.6677156810485934
0.370424663974999,0.5529492939598463,-0.6385393401819863,0.11479918021421874,-0.7327987487352181,-0.48901429430494875,1.1852427009948454,-0.1945002662607066,0.15979267084550436,0.6244840892802389,-0.4614988869101801,0.43839821190841827,-0.18938206923880024,0.6037736415775672,-0.5105958890539134
0.2383088159030989,0.16785348993978236,-0.2560930844041994,-0.49072810144552687,-0.7383279735962862,0.06278233045224219,0.8745055277707213,-0.33770122066942254,0.4328196414541224,0.3932490472849853,-0.00026687443451235953,0.27850866251307427,0.428093644960742,-0.16878031237474897,-0.5227978372856988
0.325900288111685,0.05692932138628314,-0.17813850942137896,-0.45420783173337403,-0.9125083812976201,0.10441204727340418,0.4496493652374014,-0.31115202159388483,0.6212694076569845,0.3551009386156645,0.1371353673661434,0.30400130727758906,0.18647142822830565,-0.33856886964501903,-0.5339383652027259
0.166364891320104,-0.0886000167673801,-0.13176454039414892,-0.6252072052335166,-0.3534656802834432,0.20356788016392455,0.32738095875991036,-0.3326894649177496,0.5846095071176659,0.21597690114305915,0.223979481263197,0.2205806044205162,0.5264637955963211,-0.2135998202203862,-0.6447233408517764
0.35530266586635306,-0.019408812505814117,-0.15929828411616503,-0.5893480717531787,-0.5280588274374777,0.1003578180729915,-0.027278641193381144,-0.34101744342054363,0.5701044523507678,0.40781729618791807,0.19823058056478762,0.26613630806609473,0.2659644524700249,-0.3292915741541439,-0.38217190108803073
0.3343917953688784,0.014886119216926024,-0.19369394080733252,-0.6172422715682363,-0.7072249556972264,-0.027898390608237057,-0.08636777450708129,-0.33180541066067093,0.39979268839356313,0.33914673286288777,-0.14698820223439554,0.2510249412508377,0.30224120777964814,-0.2788952808307848,-0.5840797297038134
0.3871144168484616,0.17341976178757817,-0.3234663667101777,-0.4670235692750128,-0.8079848794284146,-0.09412917370549055,0.8140146659269195,-0.21888367506461953,0.5744535910013816,0.4164632908041752,0.10522595278390787,0.31099300614070097,0.32145398880492715,-0.055775637467641095,-0.6061972064022758
0.4848536295537986,0.6976797890985585,-0.7821593754239747,0.061859501477514726,-0.809452139316618,-0.7286477254416667,1.0292268822255735,-0.2702412813631814,-0.09976488099468094,0.5977569460620442,-0.3881558603826702,0.4845217402068596,-0.35178059701161746,0.6299479608616182,-0.6506067945152962
0.632129844060726,1.0190653062367567,-0.9388908718904336,0.7773942961907733,-0.761420167627032,-1.0042728554476568,1.4580043916225138,-0.271271517518513,-0.2906164845462821,0.6785436418815277,-0.8583014603142688,0.6997290824137766,-0.6242918388053752,1.5149073744410488,-0.596494033594664
0.8387602617226532,1.404651731659536,-1.2660256411344433,1.4573737838686096,-0.7151667169045596,-1.5625044050888024,0.6279929101100327,-0.3530726767943062,-0.6121428946396209,0.913472416090948,-1.200349182829126,0.9320003833716302,-1.3868698381150937,1.9768268187041242,-0.47508283856877337
1.2285364195704975,2.1536470599866533,-1.7090720742099104,2.548716571922297,-0.14483914309203022,-2.313296440821672,0.49158364866799154,-0.515780674104948,-1.0105993704987173,1.085490547949961,-2.1467882795854467,1.4078213336436534,-2.550991947838476,2.4942812583921983,-0.36168256225866624
1.3563976934418762,2.434290714342681,-1.9154952239772105,3.119415734127254,0.019195361356274164,-2.661750542892107,0.5072243365262823,-0.6458551867659872,-1.4075051258961535,1.525796861578055,-2.544605759667882,1.5770676108114852,-2.7729992916149864,2.1666688368169216,-0.12277669454415611
1.0798946097253865,1.8038441545905883,-1.496421143280318,2.206750335895334,-0.14029134870728333,-1.9857768359899417,0.4495564311358065,-0.42610282302222713,-0.9185979217036978,1.1551153225613728,-1.701461002385835,1.1709224628967705,-2.0747513254902903,1.9280942768186549,-0.4167118384838268
1.0059147325202435,1.8245327107492102,-1.5296816394238737,1.8914501491386198,-0.7462813137062431,-1.8842466710603947,0.8183600881736606,-0.472465565579804,-1.025696288082652,1.13432034418664,-1.6153048232153058,1.0980281960647795,-1.6190554914531394,2.19252928109905,-0.3477893350740456
0.7843088201419839,1.2695177643749835,-1.1469329512512834,1.1527267851486604,-0.869836924703411,-1.3476482797785523,0.8489884251128591,-0.24031830962536208,-0.6014963021940749,0.910303758779051,-1.09937728243252,0.8475102752157264,-0.9521435836623499,1.3166793238685592,-0.43836983004490043
0.6228660740976131,1.1525436881844593,-1.0804547096528094,1.0423906146707642,-0.7832408764098856,-1.247722055742475,0.7509509272744138,-0.2899147739154675,-0.3774058695455486,0.7387228958853541,-0.9193700271518265,0.7941053512650692,-0.9510885019179739,1.0163772444145893,-0.46503512167690164
0.6373316617018007,0.903305086112782,-0.8940112415197645,0.56045696710916,-0.7099036748077927,-0.9938528161577324,0.7238101421960206,-0.245235129611592,-0.276512829466632,0.6761175259009574,-0.7521937955660645,0.6343664861096464,-0.5509749416139836,1.1133994055228527,-0.6169653128173744
0.6919010021074378,1.0651818369830712,-1.050323672322809,0.8147721979528176,-0.5926814831122189,-1.130358830001397,0.8574437468599758,-0.3244735171226612,-0.4983394992832717,0.8761552839015331,-0.7583759018629362,0.7335874321852138,-0.9080234409659124,1.0379313036039204,-0.6671369107254521
0.5815891978008698,0.945438286858499,-0.8617508024389132,0.5740017866418553,-0.8982780950153584,-0.9733005946734548,0.8105486603035948,-0.1868891731023189,-0.15795309446343342,0.8424346083699147,-0.5963051831998814,0.619379474645442,-0.5793030500764452,0.9248533330858962,-0.5093962231269177
0.5375851341884536,0.7311632588602723,-0.7866299779380646,0.17409361389046904,-0.9512853500230187,-0.6827493830613798,0.7664489485464447,-0.2607119259730797,0.03283366054897891,0.6523211377821718,-0.6110859496849218,0.5281268103434525,-0.36114789528715197,0.9009653787008972,-0.6640901697897358
0.4372918912243911,0.8854621405615188,-0.8310628855650327,0.377999895441916,-0.7000568778405138,-0.8338850455847512,0.804150292930805,-0.2573504454723012,-0.08855868996865301,0.6894136698153185,-0.6808056418634765,0.5859763209199198,-0.6545074199909721,0.8670786207970644,-0.5054087562763803
0.46066512629225836,0.7700418952195557,-0.7187209555395724,0.21626780049235747,-1.1396125835056592,-0.7391333251981733,0.5863795000645512,-0.21496570741040047,-0.09435914702274627,0.594109018809436,-0.3400592786346245,0.5192175240865191,-0.4092435395774657,0.5450178192575261,-0.7035028758558386
0.32257686608794073,0.5261747403543404,-0.6458310940886097,0.09213078619632695,-0.9919254207056538,-0.5571528990979564,0.5578843790670167,-0.24183858040596198,0.04411657058592096,0.5997762640773397,-0.3503854552878662,0.43346142077175065,-0.12188567330821656,0.4819416704347612,-0.6930342698118118
0.5985479159994505,0.6644720901360935,-0.7040102757180203,0.24379317234136189,-1.1973859222299792,-0.6278167594941958,1.2709439400174165,-0.2655809788850989,-0.03987751007545327,0.4537002291580433,-0.5763541887483428,0.5491158567184573,-0.14506939341730743,0.5862366256564135,-0.4712735197931796
0.6003891376491969,0.9166776534425711,-0.8676173963277314,0.6297082209249246,-1.2383380366386052,-0.8464436616510749,0.9057360923048683,-0.30680689851352144,-0.29681431287124405,0.542648943114214,-0.6632657788572351,0.666520675929284,-0.4566377895675725,0.9899817786172787,-0.7287046011516229
0.5885546123299426,1.1938418881305666,-1.1149527862837454,0.9959930725434277,-1.0632687620145833,-1.2397205748313092,0.7866529516808775,-0.2975136775074949,-0.38005461365160736,0.7754385222843723,-1.0940004386237536,0.7669474165232888,-0.9580149157910047,1.2788989850817918,-0.5800954175034121
0.4911965376715164,1.082698507921159,-1.0959761179562952,0.933140206746581,-1.307639038136782,-1.2831640870053596,0.7625669946979498,-0.2644106344146086,-0.44527792618047585,0.8072303716465858,-1.020864606235073,0.7323340619940676,-0.82019271579315,1.393153185665994,-0.6427983771241008
0.5289966035551431,0.9901841621129259,-0.946272376733446,0.6492831530143026,-0.7653481291340629,-0.9928546795691586,1.082925299876349,-0.21833836938397702,-0.33527165728988767,0.7674952430482955,-0.8344508829624193,0.71419487156926,-0.744259202782669,1.3757842049054154,-0.3798104313547484
0.6676767452447383,1.1916892519139544,-1.0850558642332997,0.9596648649626794,-1.2057767950550269,-1.231150434582365,1.0508763087340802,-0.3516627848721736,-0.24394053964758297,0.7817327657937653,-0.9777226704874238,0.7377563560258164,-0.9579456158180041,1.222270216724917,-0.4476938290998104
0.5117243425800913,1.132123921341216,-1.0216330028244431,0.8525498091874754,-0.7365655982063535,-1.1641720316276056,0.9555215331882492,-0.28158291821666726,-0.46746082859822974,0.7835375773026958,-0.96541010973946,0.7744244286529797,-0.8954336588774894,1.174794559091653,-0.8037795758105141
0.7167724503806502,0.9422847671407992,-0.8992139669557013,0.7112716482486938,-1.028721029786838,-1.0044610678568457,1.0974838852793745,-0.2368179350832353,-0.17907018301260055,0.8308565561578921,-0.6950738096756602,0.6109645191219581,-0.6413287080054118,1.0608850917276647,-0.4666140472347054
0.45355816610007066,0.7138660594401136,-0.8155725620868426,0.3646519518871665,-0.8239842638380982,-0.8395571914865672,0.7321884001258722,-0.29333432700839357,-0.1820897235679121,0.7245883665140227,-0.435281836356967,0.5440981096212402,-0.36946421757413056,1.0875578724295318,-0.702548294365268
0.3137779109174089,0.4455928921644947,-0.4879123074233991,-0.22515011019768738,-0.79504065011305,-0.3247263612843786,0.42896539212799156,-0.29782558804851234,0.26162752821284524,0.3347180792829613,-0.101026658935587,0.4315232062007818,-0.009608480677782222,0.28942327892100245,-0.5336550249658375
0.2973298401794344,0.13448481208432037,-0.30333917008443867,-0.4134600525101058,-0.5580012203659254,-0.07418698423201525,0.5508183989580411,-0.2942912248553422,0.3559734560992235,0.38528132053530895,-0.04055248877214602,0.2967818394360928,0.2622600470786776,-0.02210163616183961,-0.6094447974794348
0.35310042980391176,0.36485679313324815,-0.4262999125413452,-0.2516853047478446,-0.8080961733594416,-0.3681979146239449,0.6782644332786699,-0.22014654765948308,0.3812825310184447,0.4272871305331856,-0.17939966504204943,0.34979144336916523,0.000615393247478308,0.33370304334722795,-0.509342967070748
0.2736438488403141,-0.022772925374747795,-0.19501300743678165,-0.5778401061981243,-0.5281480495261859,0.09521918666503416,0.5175696223228029,-0.3614537445258913,0.3846232656604555,0.2584636793904226,-0.13309288980371925,0.2589998327045966,0.18678082304931323,-0.1850480320019294,-0.400654669057891
0.3203650449669127,0.11363015726714022,-0.28788752160453795,-0.44918139890097464,-0.760054453118634,-0.08068505414721594,0.7672953619915124,-0.2429642103810974,0.47222277626510767,0.36862182342821637,-2.014025430736171e-05,0.268828091252127,0.28521011532055157,-0.0690145069222609,-0.5932488198569081
0.21514222797109753,0.06661132091203846,-0.14645291430614224,-0.6857407153064892,-0.46863186372520155,0.11949400322826167,0.26385490416748514,-0.3032544637190121,0.592053045450306,0.33231005722022416,0.18202345004432613,0.21251064234640138,0.36713027871376874,-0.30755285420813483,-0.6272435221247087
0.292836088694415,-0.028512174135272954,-0.11145893900619004,-0.7080384943733049,-0.7666329297200583,0.2011026855962024,0.2850922506686247,-0.3875468880486501,0.5899659911405271,0.2954864797736176,0.1990876870797701,0.18633112511275718,0.3239140727681132,-0.4665331430374235,-0.5008994614414304
0.18458959487793694,0.021609619008050696,-0.16392106992417527,-0.5967335909300765,-0.7434210987357583,0.11665372227565483,0.3808458623387302,-0.34730617008987674,0.5118857574926948,0.3022887697726398,0.06971141316532539,0.22330713633883895,0.2747739241187299,-0.4362045648049393,-0.49633668450415214
0.29764207049676994,0.4232443106364771,-0.45394358288478,-0.3657884585685811,-0.8368778406546732,-0.2634359456617074,0.709156904334612,-0.21646439727478717,0.2205745674062676,0.533189816751398,-0.12574041610559294,0.3484234778733778,0.1776187522689239,0.350701976894811,-0.6885860330386682
0.4088551890911504,0.29734319553764965,-0.47758160925342824,-0.19924253356940286,-0.8589805957075554,-0.25405475231791425,0.9018969405892121,-0.29101503350659597,0.2638770685765096,0.4736866259354086,-0.06807602559104448,0.35528903817579116,-0.0077794780082377,0.5138530830700121,-0.6375847269622792
0.5211423517167728,0.7378224243413781,-0.7387124410850131,0.2908315208324759,-1.03314791656037,-0.706043367264347,1.0065722890084878,-0.3013872715839586,-0.15958447676625204,0.6011942615250768,-0.3859774119136978,0.5018956371857594,-0.22615863779166048,0.4268792629967989,-0.7602198785726271
0.29226466575737475,0.4542042621741748,-0.535322326251947,-0.06129632214451465,-0.9650350892682824,-0.45860810057255286,0.7247953322743708,-0.24350743485214263,0.20424628069619696,0.4864390069562316,-0.23163749096598285,0.45675058910169486,-0.12424660032171811,0.38233022734917693,-0.5683346964712453
0.2920650764405124,0.2216490549240268,-0.29782935229223306,-0.4464518966755647,-0.2911085576135413,-0.10592389822767956,0.5648430504242455,-0.28307113961317776,0.2952230444079833,0.4466616442184918,0.01959906258494047,0.2529752827359418,0.1019290599066736,-0.12682949483635939,-0.6150881432459274
0.2767041878516285,0.3331414095097973,-0.42305561260468316,-0.331200742792835,-1.1872834070290545,-0.23804771528305957,0.9664469832949362,-0.2585463643391148,0.25115418996745625,0.4859269092786438,-0.017131238723642094,0.3987851352005848,0.15083294921631937,-0.11013638539653921,-0.6070508736803711
0.4299631688324478,0.30900050319895417,-0.37820047228851916,-0.3772376072488202,-0.8329524575677724,-0.2175823224366702,0.24911501777838937,-0.31146383716769793,0.4105301923948633,0.39171164933411307,-0.20140073996679636,0.2963921253124464,0.1721744454640153,0.04741338946793797,-0.5009672102970132
0.4991725472965847,0.365932090197477,-0.48968737584815786,-0.12263723980302134,-0.6168156323599565,-0.32798651744429197,0.46295780723283647,-0.26511492167523226,0.18283953569241918,0.4448123063886786,-0.03911062903108452,0.40324134085289703,0.03548452909699611,0.16108989042127714,-0.7116208263068851
0.3437386466853123,0.559085680135722,-0.6042068198372769,-0.040532020648549064,-0.943956515679256,-0.44602431648428714,0.4432023207821943,-0.23744721690506496,0.13994941230749566,0.5714732093928467,-0.29379510351198784,0.44690427454156856,0.07961308650611366,0.3129194283749519,-0.6139427397563265
0.23400751254820099,0.33079381018322374,-0.47573536177348696,-0.211307612507133,-0.8236884820702014,-0.31976784233475475,0.8739097402424952,-0.21043696004025475,0.2589530058356954,0.39146077580516303,-0.20416921955712716,0.37169632028762606,0.17449178368898063,0.47296977043237953,-0.610699412527398
0.31322015934737035,0.36963845805100704,-0.4364507810535869,-0.19872049400937192,-0.6379147186357181,-0.31045262079580827,0.6711510449655473,-0.219211892565172,0.06596000399063988,0.45030042410409576,-0.16015771710517457,0.402200267442349,0.0204516564278416,0.5693468175342703,-0.6042369776398312
0.2127421258424261,-0.02472874448384381,-0.17268237617575274,-0.603678451420616,-0.699195938643686,0.02269752180505902,-0.18427427655330084,-0.31613036451232723,0.5814353045745433,0.23333239713221704,-0.06588920958183068,0.266087543271053,0.3377085073450566,0.09770058765264279,-0.49800596314413664
0.33236534987286853,0.13641176227992538,-0.254509235913079,-0.4705788548112891,-0.5130229163427347,-0.04448812025232521,0.45879439693277835,-0.31541332864641264,0.4771011044195793,0.46514434643088043,-0.00012084491022867544,0.28884448204095653,0.4791258776479373,-0.3103993428759465,-0.4430301083627975
0.062221358778231484,-0.04871306635773236,-0.10684754900963796,-0.7774171605727713,-0.16484283797511842,0.19015804532357145,0.845683931140358,-0.45768206037350656,0.6393779606576958,0.2996178025871655,0.2966762956583476,0.20711212939210652,0.4196987107654571,-0.29592425471768835,-0.5787775811534466
0.3259627474996263,-0.04050393104652294,-0.11565159172356321,-0.6722315898023564,-0.426851026315841,0.22607196579531133,0.38600916964106363,-0.369877096250231,0.6505513236466012,0.3011420155127155,0.18928730905182833,0.18573186572816539,0.49292569666221697,-0.46209293115934075,-0.5369119430492086
0.09979244014951943,-0.21685014995884166,0.013605308041437674,-0.8308618272712621,-0.6649263749262339,0.2564930632523715,-0.0007709674089075377,-0.2982413192525398,0.6946497506042251,0.1559907807318871,0.33013863289699785,0.13034699884050419,0.5072968824288908,-0.6164773540579472,-0.4998805180492021
0.2116301536090708,-0.10099664794623514,-0.08289726696161667,-0.6452241690215674,-0.3792260298746086,0.20394031475725602,0.23988210321165468,-0.4237676278089214,0.7022971856432607,0.2418535263701449,0.23285325587433214,0.19015194592622817,0.4958741570871593,-0.20557670178289364,-0.5637348812178747
0.19238104831523997,-0.10755060169752959,-0.040749205960351274,-0.684338800571405,-0.5832988028458173,0.23891135277923378,0.3730468594544292,-0.4328990799732037,0.6869532953739865,0.26281912043157446,0.04242273780765188,0.21680375647705966,0.48885845814449574,-0.35760909863301693,-0.4618837157957961
0.31901578535939457,-0.040173003984213494,-0.057812327030243076,-0.6607581568280646,-0.6072648534687903,0.12957060150915833,0.11330093082763681,-0.30494320961621335,0.797325839568169,0.16875322720025981,0.19274631253641916,0.18319196426804238,0.4076728374450548,-0.09414687304588522,-0.5266422076501657
0.3027063754205793,0.038622738823862,-0.17018400693147798,-0.65005391900697,-0.726521317870999,0.03595992432108087,0.5591380654567926,-0.3242950117555094,0.5699360029520912,0.3550842180526011,0.06306411266428802,0.26376570475083516,0.149384138914369,-0.44739402615953694,-0.48210224413575586
0.24272570474572464,-0.002763314629338623,-0.11020858852813341,-0.7125848359479632,-0.4425874547207341,0.26180196278667156,0.10162777831753733,-0.3750555658874875,0.4265902259873085,0.2787704577540636,0.1856104989665506,0.23809401154047585,0.4104548640620951,-0.27859813897311697,-0.55109059751859
0.15847656659070106,-0.13505934403776218,-0.051641362610806596,-0.7337113800218202,-0.19219439784034295,0.18320688275043429,0.294580411611501,-0.4118953232993735,0.7320687859737512,0.30975466281353503,0.024466775118136906,0.17611631633246969,0.5756171842168656,-0.6075489190769292,-0.6061136026073128
0.2973753590459607,-0.2686826492880799,0.019997306428509484,-0.8673432077558316,-0.48423164034535887,0.3051002266311726,-0.13070225838453223,-0.4266730940997968,0.673140988625948,0.24340839073374418,0.1251827745938584,0.1337114653428956,0.592183262214969,-0.6033236575882648,-0.48589648531066304
0.29350781375475843,-0.419746089925486,0.27910878216766283,-0.958731165072039,0.24877309342492054,0.4694140888015458,-0.6496256235485157,-0.44551534840681944,1.1179314598041783,0.13786845418921237,0.21451501096675316,0.09599189298350504,0.6276591214820733,-0.8816016616303002,-0.37563535854134616
0.09822254978549096,-0.566892372512057,0.3987769309921319,-1.1236710649382198,0.46687364465092146,0.7658731178271476,-0.6705353326529006,-0.5327684348134871,1.1332139379969304,-0.01361079842857583,0.14356921327610422,0.04597042349659337,0.5413342354757544,-0.9838081389421367,-0.16493176135400017
0.2205751412297855,-0.5076763331307447,0.3153986330584056,-1.023186706759525,0.14288713058308591,0.6528221536482345,-0.24524456448862947,-0.52660187625894,1.0125144277274503,0.004872828013375138,0.39515806711944645,0.0516030110028851,0.5504158352088755,-1.5404909414070656,-0.1806472382404901
0.08160164055508767,-0.6275854402958098,0.3987970428819376,-0.9865983607080616,0.17232086315583225,0.6467610682749949,-0.6209180581825434,-0.5459258975432864,1.0897619913683014,-0.06808891868537022,-0.006599666096064928,0.05233922321199728,0.39373100690427276,-0.8558651668433679,-0.21488288749974846
0.15567677215008804,-0.552587226074747,0.26878418650475105,-0.9930892110815742,0.29462669576640804,0.58432576343633,-0.997243172873334,-0.5070326917261968,0.9541396016819192,0.016019041523678317,0.4164396314724074,0.055131318932597026,0.5182835417337641,-0.8906886902686216,-0.23357666222603812
0.18850424345544178,-0.5830969377278632,0.3436345075740414,-1.0342393296371337,-0.028664343490734937,0.5963787659605071,-0.40444261102120566,-0.49059175907421015,1.0522882369384747,0.1534302977883563,0.1534233288211685,0.043929688437748166,0.5352821641221789,-1.1556216209755152,-0.1487386782963947
0.14875851596317444,-0.44639538292170167,0.2615653678812712,-0.968962091120211,0.1311751626445432,0.576029964711126,-0.32546677314523564,-0.4865387254454824,1.0140476255385293,0.028701291847386443,0.09486919621844889,0.07535645762385214,0.3931086295218363,-1.1705832537127538,-0.3958533508957665
0.16074779545903048,-0.546317182347763,0.4458349758544106,-1.010537004576098,0.028597352206180433,0.6741835580748955,-0.7575016031420795,-0.4705929720637317,1.119745883562837,-0.04653783619341135,0.15724262239392847,0.0748282000594108,0.37072795782640144,-0.8301625472220929,-0.0813187681262979
0.19004142022905296,-0.5807438055401757,0.5045546750287386,-1.0051496369711257,0.47195495845803287,0.8453294547716682,-0.5979427993039362,-0.5118725238958884,1.2012695337298416,-0.02358714452180362,0.018574550701019852,0.032480220907107595,0.5006886154121133,-1.0382395602900067,-0.1439472171927168
0.22716929537315872,-0.6124033084221074,0.4698302148933682,-0.9735232681743905,0.4596543106221856,0.659314909564032,-0.7124408538134416,-0.4636991823974896,1.2028045516136876,-0.05867676306931763,0.18269487534046333,0.06559997654934549,0.4990923071097478,-1.2422747974256103,0.1484574068269583
0.29415241206219467,-0.7728653799309705,0.5770758877565018,-0.9639154203574403,0.7274281929088178,0.853438655603901,-1.0789865676698227,-0.5644147058961002,1.0737273978395896,-0.09450943577182921,0.21398242825600208,-0.03943921305704747,0.29569755513254803,-1.1704245427436069,0.04585907985740939
0.29615241350864496,-0.5334199972017003,0.28407374599458596,-0.8653933652806048,-0.22429242126996066,0.5534672891722006,-0.7598570669926223,-0.44650731755250045,0.8570435371068281,0.06265517984854206,0.28487113566184474,0.08718125711514373,0.44612498372920856,-1.0578320714158618,-0.35610551375108995
0.2166839737126777,-0.17112473536345948,0.014543957516642968,-0.824379333981689,-0.4191607005772333,0.29124495657763666,0.004246523376462294,-0.35122082457421333,0.7152639275687365,0.21222920424798952,0.10299475616081767,0.15657655915277957,0.5911257325429976,-0.585665609262231,-0.4487031085011551
0.1860003824005821,-0.2673156696129459,0.13183824107070707,-0.8789959215829464,-0.32855006891144667,0.4396200583380573,0.03508635470857042,-0.4289717231797934,0.83251957447408,0.06504900667980898,0.34626319047369963,0.15718381876402504,0.36374286594276,-0.632163907032558,-0.3258399720077
0.1109730826146212,-0.3182344274678431,0.1914478481088321,-0.8803457095998944,-0.2370097802365815,0.42826163627413394,-0.13818007401903012,-0.4127067334611531,0.9448743773585246,0.19940158832327684,0.1940356741193487,0.12199764541719724,0.5544229401255479,-0.8507456110006694,-0.31195021672361234
0.16880756742548853,-0.37964668472512103,0.12947316801344036,-0.9040175235258939,0.1338026494709206,0.41862974364790684,-0.246954703368056,-0.4479456650254164,0.799372353746594,0.10531506704548492,0.563639206470316,0.11622871000837617,0.5593462270102791,-0.619554394957371,-0.24336301558259954
0.41383193905920745,-0.16305839875392666,-0.04870684561743493,-0.7340593882465204,-0.5114989328066568,0.37674461704502066,0.30238647417942033,-0.40181754539724784,0.6729536364457848,0.19810524423260245,0.24274232620840536,0.14972516095543772,0.25987819668936135,-0.29298653341117203,-0.2862578083519471
0.2846999580254088,-0.1322297359556239,-0.001639898894059967,-0.9086841280758605,-0.7024118181027114,0.3223008873377904,0.45585365199634437,-0.402639382161347,0.5861050400020664,0.3063539045889596,0.13137135660809038,0.12299659857646608,0.4241774734346395,-0.393309380982478,-0.5477115637316341
0.1212954225356804,-0.3973586221494148,0.2723615673737712,-0.8385348877233013,-0.20542152196595093,0.6058502591921315,-0.24774757867244657,-0.47242039628607935,0.9541952255640056,0.20515668830602013,0.3204825359238438,0.10655314792345143,0.40068726095959495,-0.8139248878537931,-0.35998253955893456
0.19513955266558505,-0.48038705333067006,0.3178852423119968,-1.0158841864984915,0.2962370154043572,0.6784857748072154,-0.5795428335904735,-0.4987724372070572,1.1846798932866338,0.10928660504495877,0.2563359210411263,0.05320071523812603,0.5750870341499106,-1.0481458090161209,0.010534569894547622
0.3619480856803128,-0.5148521817439644,0.30356910053868474,-0.9181899941893024,0.05344372573498291,0.5994293532662249,-0.1479228744905554,-0.5475175150890018,0.9469259601076141,0.02778838736605566,0.290498959017336,0.04275844616768039,0.4425471385575481,-0.6730588679988005,-0.11796589974597642
0.2569218260430261,-0.45374738688423605,0.24373140074073177,-0.9821128602295354,-0.043050220823209924,0.61861236569599,-0.6446779674488471,-0.4348049570321015,0.987836333183457,0.10259570954416986,0.26643275928536125,0.11581325573277407,0.45311036776180674,-1.053949693993215,-0.39075348388897957
0.07393015355594905,-0.4347505220577584,0.22935408264796076,-0.9631427031281797,-0.0032957123136961642,0.5975524843315553,-0.17180879433592366,-0.47851499430621425,0.8616720798160594,-0.030516802515653595,0.3034164447128486,0.058288502613420674,0.5192671748251336,-0.9523741679011999,-0.3329047550321467
0.11059263586275617,-0.1077679575114885,-0.05938839995091586,-0.8431200206367835,-0.3025236747861172,0.2075735095083915,0.2654687981623362,-0.39675127750830824,0.7076091609187082,0.16742853440064373,0.3931564715550936,0.1635506701310764,0.3370607318341979,-0.34557874189821813,-0.5249666016652412
0.33532357999735846,-0.1741960335627396,-0.0635120443806262,-0.7667259972002138,-0.055298196905601636,0.34047683776619353,0.12858704748287378,-0.3329307125076823,0.8655305597824383,0.08256354864993237,0.09736432426546186,0.1545144254608704,0.4558056135384643,-0.13114050675698233,-0.4672659016430041
0.19582938674403225,-0.19877986656935195,0.06420211148651263,-0.8982149239438929,-0.07770070934494482,0.35155771867270824,-0.20056304763772345,-0.4035829965210538,0.7781458729221848,0.15569436860407804,0.3370661585339579,0.14424240075942227,0.45647182327144686,-0.8859278824724148,-0.39623001199000896
0.16663220144294738,0.0071169539346533865,-0.15759097347194645,-0.7036024922344595,-0.4870502458438337,0.15843568362910063,0.15637687196574512,-0.35314807082877064,0.621735605197238,0.2177493614142082,0.15046510048195658,0.21841414667313266,0.4357874596834393,-0.12905909302585625,-0.5819872064223323
0.31967769181185524,0.13441367426134032,-0.2394971147786972,-0.5713715180798514,-0.6562930116065319,0.05881811873296045,0.3223236689134619,-0.34924703792986156,0.4936348462911317,0.4587276833092351,-0.0529949446569134,0.24443480192852685,0.16371899199086817,-0.062000167780614734,-0.5787079847373675
0.2600083537383992,0.29713256014687345,-0.4384692553330904,-0.359412920030103,-1.0263479968625633,-0.25184659687431143,0.845373726806205,-0.25532262141489603,0.1835151938486452,0.49766515437180775,-0.16066962976978227,0.3429806174988663,0.07378753041537077,0.3270046368953542,-0.6542804405524272
0.4533422495864461,0.49715091153823915,-0.5627655894358848,-0.1303979657662726,-1.0952606247494796,-0.41854379917065365,0.7244894859727603,-0.22094102952599626,0.32538564796402547,0.5609045782677592,-0.3878882245371026,0.39912027595637606,-0.06775651586310481,0.5108188889697952,-0.5728413800552543
0.4226659592461661,0.4710260445571947,-0.519359124330334,-0.16493146942014025,-1.2698495871974882,-0.35579003690430083,0.7491238628427115,-0.3230564665017618,0.20270889005025533,0.5689598243212187,-0.0929696653288081,0.43412483417130937,-0.03416971871870886,0.18292387207526925,-0.7646812231629108
0.6150947608899582,0.9051186610787619,-0.8732298421875665,0.5125427215121208,-0.7557932457949326,-0.9432129713083895,0.8622668160516757,-0.19070534312595874,-0.0685272521729785,0.6061235587150805,-0.6959541571908558,0.6353896198887186,-0.5804568255832675,0.9145624797705167,-0.7703493154378837
0.4107977398247976,0.7420354750046454,-0.798775876138383,0.37075833654570634,-0.7909972624803556,-0.6547047786947445,1.3822530445231846,-0.23152217899077715,-0.1831570790968194,0.5182674206535699,-0.31080375170652924,0.5443312042036379,-0.37927399908029025,0.9838924063131311,-0.6833549833058087
0.27915905872484326,0.5466331526582807,-0.6770638789725891,0.039396413431888516,-1.1654027424656854,-0.4830911574473022,1.0439571061315613,-0.2751940798316858,-0.002124482237904251,0.5327589974406034,-0.4023693364593562,0.47190247590182083,-0.09030142669816733,0.7829457638191033,-0.7199045857517471
0.45497978943803036,0.6320788322243692,-0.6790689517474263,0.04638893159108421,-0.7127556003700196,-0.6103289990599063,0.7690070364474124,-0.20255972482158333,-0.04276205702119079,0.5207466949903693,-0.3461969156120647,0.466692795731029,-0.15108764692165777,0.8512542335709613,-0.5602576668176467
0.6982661147234658,1.1562695462108075,-1.1179089505139583,0.9514879502263661,-0.9385512669451188,-1.2778917998467039,1.0969276861640171,-0.29854302013536643,-0.4490340083117347,0.7859815790317521,-0.8736870637643058,0.8205322353921134,-0.8470433888132763,1.3069648975824673,-0.6622176467901637
0.8766299816720157,1.4199782744919032,-1.2580149797469562,1.3402583814737887,-0.7073097870262395,-1.4790067775223117,1.489967577302841,-0.30380561826119756,-0.7338251819190742,0.9204084753823901,-1.1977643203014992,0.8954602126787242,-1.174027243297129,1.3678638283387452,-0.5916983785755473
0.46884528157350386,1.0692580854007125,-0.9447630983464019,0.8195601015215301,-1.1231787503346518,-1.011497509275114,0.9163458516452465,-0.2864845565633789,-0.1762209684036861,0.8479588946748892,-0.4500304192560814,0.7316096527538061,-0.8483878509074199,1.5435603932289557,-0.6112798113143804
1.0291778823295907,1.8390842225748003,-1.499058480441164,2.104212600442955,-0.4038673147305626,-1.9162234346717608,0.7059267303766203,-0.48075255511281917,-1.0186956484210887,1.1409068423604867,-1.814814298356498,1.1613995621474031,-1.8092453904224923,2.088522892668638,-0.4277226270542961
1.0908699522328784,1.7418122038769832,-1.5424992252893261,2.1145458751501693,-0.47632787521162595,-1.9598313260694178,0.5452166394276309,-0.437087341652416,-1.0297636328719226,1.2009598796202847,-1.8024816878979144,1.1327542690385686,-1.948710435923896,1.8601096622926823,-0.3328573658514006
1.2719174507555358,2.1040456083147046,-1.7188563774909147,2.606884121489247,-0.27714331870814796,-2.377376714525429,0.8132465490189246,-0.5032434740865306,-1.180991174502795,1.3766652683860556,-2.046869243909019,1.3689620327736198,-2.4095516185514025,1.9219688169305542,-0.21543797219491764
1.1187925297218253,1.7389829953419422,-1.4597392951245194,2.0542458859366337,-0.4026632143959852,-1.9217645460515513,1.0496852853021643,-0.41257658940249975,-0.7900338463996318,1.1656840747203123,-1.5546514523560206,1.130094877349605,-1.8431677625824157,1.8545418848858704,-0.5010478862858107
0.9273394952932071,1.8163642096229187,-1.5954767778941075,2.1930772886034218,0.09444397564190044,-2.0516031009918843,0.8231287963104484,-0.4552732693630236,-1.1638407667853339,1.2271911517807024,-1.8357772888624448,1.2322684917898767,-1.8907842590895128,2.161204048771523,-0.40881346498673204
0.9640810094415025,1.6482368331491215,-1.4536675341456669,1.8134644014666959,-0.6876151054698311,-1.8531743144035546,0.34017979045313124,-0.4031279622828527,-0.9307212472694509,1.1030522784615187,-1.4825207860684098,1.0980866733536716,-1.697860075770775,1.3497682530336705,-0.6035137177266097
0.9265652611429879,1.3699807961480288,-1.3285837730687349,1.4214462096109095,-0.9928526437865492,-1.5700483943288799,0.7770806777798354,-0.3149939868624533,-0.7865990038724373,0.8141666417624132,-1.4027680448631938,0.8795746056525973,-1.322293511834137,1.7193244152164147,-0.547361622430766
0.5173509407316746,0.880864811466803,-0.9008775674461408,0.5566894681187703,-1.1788749283163864,-0.9135933785308002,0.8656929552166962,-0.257858116634364,-0.1650493479072112,0.7461391569264142,-0.8140284389339747,0.6254057222125304,-0.6149307651136487,1.1355219482356793,-0.5794703910244303
0.6213839268915059,0.9127382686908286,-0.8694921039558364,0.6246963485729374,-1.20479238446607,-1.0121899460291113,0.9209583575672167,-0.2910590390713046,-0.21676004071543975,0.6095107936667052,-0.6212486777815676,0.6146351930315517,-0.5291211881130985,0.9561171232201708,-0.5789791630196269
0.42610058716404703,0.8149856332294001,-0.8438896501494872,0.3666101685577809,-1.0253711661222487,-0.8230905604289793,0.8412216383877674,-0.3409655486124302,-0.12348700501676159,0.6397668547425294,-0.4470598760108625,0.5351205276303934,-0.34824070884787894,0.5193932922793704,-0.5591780880057496
0.7059957871192768,1.1476730213835444,-1.0268000285461802,0.8429574520388434,-0.9201318089659983,-1.1888466710121763,1.1409101122853738,-0.25862492052826286,-0.4651972326278133,0.8408053816021943,-0.9325139637031369,0.7189252878753426,-0.8513167509965128,1.3014229195522868,-0.6430862897231936
0.46991215231087136,0.8167300847697372,-0.8575442755326003,0.3718992709005132,-0.6366527162965567,-0.8407718280780663,0.8387170506115571,-0.29526399184371055,-0.10348359970495484,0.634126698930215,-0.5328970839343949,0.5773628028731491,-0.6142003082725318,0.7985152910233274,-0.6447359424515343
0.5570388862487805,1.0177861253671967,-0.8853760453999314,0.6926839584632856,-1.1178485271223662,-0.9286850146435346,0.7502983929917717,-0.18600695200159253,-0.22603449136082374,0.7494634307204937,-0.7549393204625213,0.6600246841007995,-0.5801480294419988,1.0354142719344617,-0.5964492594957267
0.6927582998374542,1.1026896584295938,-0.985532204206407,0.7832593170600054,-1.0879302996329632,-1.0526909288716875,0.8300382123931755,-0.24727497683650532,-0.3662749671106404,0.7515304730147596,-0.9700145263171468,0.7662283826434106,-0.8795932876301058,1.3944926489053602,-0.6749028993475579
0.5990430856933769,1.0258506106443872,-1.0105499787805157,0.8081300326856736,-1.0950378512523575,-1.1097596725945174,1.0147569662557814,-0.22199882302776158,-0.39769995528014773,0.6813483005015017,-0.7624081615960484,0.7557132200628072,-0.8334069730203861,1.2157480587534697,-0.5314513631230967
0.7705175241668428,1.4174035172156154,-1.2912527539703993,1.5002388715137474,-0.8016419998023869,-1.508002770723001,1.0151682940587543,-0.3250245380393811,-0.6954382324772008,0.8980297494010034,-0.997222887349946,0.9558257008416752,-1.4865138577031127,1.5411159722192151,-0.5863993309405642
0.7431329449915139,1.3907914636298555,-1.2422647080601745,1.2942905046165125,-0.7024954767253978,-1.3355022901784062,0.9911747934112051,-0.36088823044577906,-0.6118761654377413,0.7850526923995392,-0.8742563389367727,0.866530332689588,-1.2211412688931755,1.4121201302336064,-0.473668493355181
0.630246668418601,1.0689151897896565,-0.9687067715866924,0.7291789613418007,-1.2133561548606313,-1.1016307638337393,0.8348482473967902,-0.20431000839165298,-0.4140393546688529,0.7831907769378282,-0.6679624594839215,0.7182249760373884,-0.7548240896057528,0.9520476451664498,-0.6680179922523362
0.5336204445939581,0.9219804196819984,-0.8718790685566006,0.5615751115277682,-0.6250807989160629,-0.9332418487218879,0.7994316024309691,-0.2990187886564973,-0.062874064192935,0.7608606467125546,-0.6602102241881673,0.6809978059807495,-0.4615468020828015,0.9961533660922866,-0.5511362117782782
0.7356439830652309,1.360919549527534,-1.1711838583539402,1.103942059626455,-0.7680982850099967,-1.381272860230561,0.9530311766640385,-0.2903503865482449,-0.5722003096680068,0.8987786103875719,-1.0398105807011724,0.841540352503639,-1.1427041892448333,1.479194533433808,-0.6293993159900529
0.6670945992745385,1.3072009193278924,-1.2238554703587488,1.1637274813086873,-0.9125363770350796,-1.3344843367977612,0.36250183826012083,-0.3404600062635657,-0.4980267996478142,0.8758772037461148,-1.0509150961526297,0.8367935347151422,-1.1181765854402619,1.6009368854339465,-0.5378793327778363
0.5365447044959252,1.057286734901269,-0.9831148874602382,0.7431730739740453,-1.2165283385844636,-1.1648709079111643,0.8658350745036468,-0.23865832296663866,-0.3336981722565554,0.7891897201256367,-0.9609440690861971,0.7037171164865929,-0.7286508005463223,1.1248209149877941,-0.4936709226962983
0.85569481156721,1.4716030323533889,-1.3528627140391523,1.510644056680678,-0.841491415848464,-1.6248507970749437,0.9586837025130364,-0.3535494807229918,-0.7648863792093054,1.0605212842921694,-1.292709386725754,0.9348800536297144,-1.454392127420762,1.9560225622002458,-0.5381371007358836
1.024452186795928,1.8487309726682237,-1.5045179281025811,2.0088502819408025,-0.7941263305212573,-1.8648407281044255,0.5884803086470028,-0.3379417786158981,-0.8984012125452343,1.1956021611080352,-1.4267110422282312,1.1833438312804399,-1.9100871962150694,1.6281965820842863,-0.4400737312652504
0.8086824076238199,1.4276184982105975,-1.2288800635811792,1.4319661132081534,-0.5488228500381784,-1.563034983962532,0.8891385712641144,-0.35319752997590587,-0.6227233756146295,0.8561607966920805,-1.2441753243447355,0.9318191011991005,-1.3816125259934489,1.7055172927597748,-0.5331449133348423
0.7346549536623195,1.3342919659541264,-1.2076728157722618,1.2543401890677257,-0.8543852335796969,-1.3702875150155578,1.0481795103903213,-0.25041238510378927,-0.5652415020331621,0.9505331153901443,-0.9548535831932822,0.8329506157444013,-1.2043873856445206,1.494841184850198,-0.5177297647297094
0.8173685482341512,1.125862887940281,-1.0523130723635468,1.0268757454470465,-1.257277975241019,-1.2141186989238268,0.8741068058555339,-0.26301377574290696,-0.3512049899000728,0.7607596774742131,-0.7342923937279074,0.7962813399431319,-0.9360494049079962,1.3989755724569581,-0.5178314416493216
0.5418998437393796,0.6530695501313405,-0.7349695758550293,0.14554409851838654,-1.032411458908523,-0.6433658615688318,0.6586077642742081,-0.24174820194845256,0.054207807324258825,0.6371223947548117,-0.12413634268735466,0.509602948989878,-0.3556197838533682,0.45561145478614085,-0.6152457146011994
0.35583443547549654,0.5021559434749038,-0.5999050109392258,-0.03443770088335151,-0.9830550800824656,-0.43590880388007097,0.6068243698199599,-0.31051546180224127,-0.0427718948510405,0.5047709204221968,-0.40668093556689494,0.41975586383020885,-0.1978492481566505,0.3688165757753225,-0.7388331053990914
0.5286408366365897,0.47560635381205263,-0.5040743114206657,-0.21101613235986774,-0.8821998169421852,-0.38540924541835414,0.4965475618793778,-0.2907814632931177,0.19131589893663284,0.5313352448800156,-0.1995277507406543,0.3908785645114175,-0.03091229551603309,0.6842184742307008,-0.42096443435994346
0.30755997687028774,-0.05956493217336343,-0.13227335817441555,-0.6976749065401974,-0.1709489320284467,0.10337410093551139,0.38238366564187887,-0.26188638063992736,0.6741667452169151,0.26246952544541574,0.42422109024107524,0.24058924629642658,0.17076530468175005,-0.6029742363105441,-0.4213638455156759
0.08776566765468857,-0.08463108889101435,-0.13367214417439774,-0.7419867934982276,-0.7095676360050182,0.1476089241325336,0.03629671301753655,-0.49585713716897933,0.6624408324015473,0.32884311168605523,0.12046105191941592,0.2248309708193909,0.5046746736813604,-0.26050417823136307,-0.5444702901633214
0.37973411626683856,0.13262946300373327,-0.23691330503028793,-0.5066406823703667,-0.5621662133014875,0.1491681809047198,0.8296035698152222,-0.30422201892408435,0.6002068588159628,0.21217995863002198,0.07191977078038486,0.2649666706713492,0.3366866970744194,-0.24865987297159717,-0.5784825262863614
0.27053909342474497,-0.0002650162269440676,-0.1751718815992624,-0.6516094590705849,-0.3746344269874268,0.1636895683626277,0.8466689198623442,-0.3409829958915658,0.7502019129134396,0.24633029440121593,-0.053334248199028954,0.2351978725922154,0.38039681428420274,-0.5444338371129015,-0.5843787778307933
0.23449706461978384,-0.07121686691644578,-0.11259848277283717,-0.6810830132437504,-0.2625586225293288,0.21248884369096108,0.40435319844529816,-0.43090921540767724,0.6486947690369268,0.3562128359707462,0.1724041910081061,0.23050548149098402,0.31677240223704345,-0.5541962915551963,-0.5802143803397192
0.3709197324703826,0.04237805356682992,-0.13881439846018906,-0.6551946503821732,-0.9597086160322053,0.0703015494130791,0.28134636020281767,-0.2859391097306309,0.7124088678850055,0.4156652373655877,0.15789356190686932,0.2668666397361002,0.3992987099459499,-0.3438049184651196,-0.5393195408423124
0.2982746712106243,0.2019315032156792,-0.34878797841726505,-0.4365328541106241,-0.6006751638931143,-0.07944499384330762,0.7575371414128267,-0.30244605248448314,0.4795548266347024,0.37351210295072546,-0.033315586353876596,0.311890213446183,0.3088907817697913,0.035543494744999266,-0.6514301690079884
0.14098872109387695,-0.171011316683348,-0.050592116751702526,-0.7534628284271526,-0.4875489580289421,0.16938099003068433,-0.15412877297523792,-0.4268301645826147,0.7115941506778707,0.19695849361762027,0.26464329347287324,0.17209959428205276,0.4447343418840661,-0.44715783937336645,-0.5638716007108509
0.1925816633532844,-0.21823115581915398,0.07346758947258733,-0.8079720578450416,-0.21614623098499683,0.3536403649734408,0.26739368117708295,-0.34823968996296417,0.8079122554292245,0.14380003428738752,0.19294017784830697,0.12292379207369551,0.3146291396005154,-0.6195695527228767,-0.42609765773778324
0.18898509067582925,-0.07094515307003023,-0.014069447752785479,-0.6621384382836298,-0.6130544888909826,0.1913700894448474,0.23453446933779334,-0.46132028135122455,0.6822509611212969,0.24079215891029865,0.3176559479507805,0.19019625883540386,0.3904331262316199,-0.3475510748815195,-0.4792642674210633
0.22898524910673942,-0.2658213159975742,0.0379576872490185,-0.8010061442620332,-0.2716871249137836,0.35112977492433395,-0.1866371136923187,-0.42886419846459156,0.888743200467535,0.31756419460331686,0.3878514180816106,0.12540482594567764,0.5404307480333136,-0.6567057752848771,-0.6017773345103677
0.24126432582382237,-0.1988956199685566,0.047033319471474114,-0.8870838287111722,-0.686480212925242,0.3249599638319372,0.1546962887813666,-0.3724924208033543,0.749774946443111,0.15244808513163063,0.17219992616192248,0.12494880878215008,0.45720844133121746,-0.5490055660267517,-0.49802613907482196
0.24110776622770325,-0.14347537019988882,0.005461202316009556,-0.745554408548952,-0.2349502721859433,0.2730259436819824,0.22506447558401158,-0.361197902187931,0.7316678947004707,0.29279748649414494,0.2720514116333997,0.20023679916677525,0.33114870214292264,-0.7881399364775621,-0.43738893913635
0.3090452034556183,-0.22588969468675776,0.05938975614905109,-0.830027544669893,0.006127035150650179,0.4705044866417656,0.13853268580199962,-0.44237885383446773,0.8808240659458154,0.2246901538245136,0.27293255817750894,0.17897961413102512,0.4472453490992984,-0.8804178611351673,-0.3025809257042676
0.22183612802181976,-0.09236765090758206,-0.14060852873553967,-0.5756348820954805,-0.5624663910824884,0.09730586498580422,0.5929643680579874,-0.3803802822071638,0.6857818928663619,0.27823297493680893,0.28523439767687286,0.22404914617775412,0.5634671091854331,-0.490251173134108,-0.8749376912759016
0.16223285353259648,-0.09575765882517741,-0.0754674742811757,-0.7373842368305861,-0.5581494425415449,0.2716788065269193,-0.2209782436024284,-0.4034627884795429,0.8211380049751785,0.24764534423448703,0.16492541082536952,0.17412416018338783,0.43452674228880817,-0.4193260575751722,-0.4123183427606329
0.2208849142248962,-0.39726993613627093,0.20257344083354692,-0.9256828254052388,0.14014494751694373,0.5610275742397262,-0.5094917934124885,-0.4581865903634451,0.8427668596166923,0.09300508909033504,0.0866910125298009,0.1324041872309909,0.41208774741137844,-0.7703751397798877,-0.4788202631015657
0.031117138420836483,-0.43165381355151505,0.26926467051040903,-0.8783922792505451,-0.030151201055945508,0.4883100573025677,-0.43425620979567914,-0.45158747983032976,0.9081845842111494,0.0826976805192414,0.2314851901480947,0.08365233726725488,0.5812011204967943,-1.133815166057279,-0.36300118922756336
0.26873213898819664,-0.4105460534306434,0.22101637247096867,-0.9067115079427845,-0.13723677552245672,0.5764947051487254,-0.5999563877070131,-0.4866615413078068,0.8440485521206488,0.08920073360446105,0.053667769959835326,0.13440933240407266,0.5059885159282518,-0.7163616604299567,-0.2959305894955773
0.19199275028547733,-0.2928862212058358,0.10471765882116903,-0.8004064872040296,-0.4893695254414312,0.41625628600057296,0.003132789663029664,-0.44305394603959497,0.7824940345593235,0.10604379341374714,0.14873045652647804,0.12253754898471608,0.6046942011618585,-0.5689686469075012,-0.4248760503773987
0.17680518679699084,-0.19347262129057466,0.02501269092894331,-0.7147297221535311,-0.49749987469546575,0.39776031077143253,-0.08488280790008343,-0.45744177846832884,0.712766754026401,0.22720588147390908,0.23663090692251879,0.14216332467153395,0.3299645174322783,-0.6656992826101026,-0.5051919520634209
0.26206765055587733,-0.18468780280375896,0.0020641059821550796,-0.717665077341872,-0.11452461941584044,0.4064553942753862,-0.39011389472961655,-0.3560993669071873,0.7320513095768109,0.22450059775774756,0.3156421992796187,0.15195922368884843,0.34142677678577643,-0.724999784468783,-0.47311433199280534
0.30432023788885926,-0.09172376376604083,-0.028537933054687308,-0.8364678062479937,-0.5651857878980482,0.165179995457047,0.06515227772917231,-0.3707424879096944,0.7571171345447417,0.27376473377558236,0.4748377801998476,0.1560050715146283,0.3990765947828094,-0.285126979995806,-0.48788701885386465
0.3513928360263063,-0.3004228278537986,0.10479995710725663,-0.8460166174229955,0.02309011438531799,0.3571310001903782,-0.20525262159407578,-0.4098251053445383,0.9322969692893323,0.1432714709525288,0.23759056770166115,0.10234924424932429,0.48386465473785417,-0.36108846029450403,-0.5916376625386048
0.27495370451002277,0.028376810750684135,-0.1746153908197766,-0.5786620865989525,-0.4788920534295369,-0.0017032262317698364,0.09667472900663861,-0.30859179182392205,0.678654875282338,0.3500451081576031,0.1662167918930014,0.26264627443308614,0.09998955645683454,-0.4492828052740698,-0.5650259945822051
0.1894725125536218,-0.13040165333690085,-0.044425425802111805,-0.7743435575246941,-0.4411706914193788,0.20567286478027175,0.13087264730308462,-0.36059850554429773,0.7108730965598113,0.2146470452184469,0.20466068881209046,0.21068316978487656,0.3189982292774571,-0.4777954713305958,-0.56571980124437
0.2556641425142573,-0.0563319395451708,-0.09193414279988595,-0.6663823876874855,-0.6383362745894992,0.18764822294610464,-0.056895456283636264,-0.3919415846576595,0.5888123302436443,0.1994399931934826,0.3971593031876575,0.15865562232130326,0.435426199954298,-0.5129600300280516,-0.5834694562118361
0.32634374347727046,-0.11480826301473256,-0.09347926642193673,-0.6972016430325089,-0.36575030301893846,0.19061079763840855,-0.013832959902038222,-0.3593678083158928,0.5167652566068428,0.2226317967864706,0.008766757759246227,0.18277732706411665,0.4374555736807805,-0.44708891140232143,-0.48536419817848264
0.1763633008239373,0.057519950513993376,-0.1967546824285772,-0.5829176997034804,-0.7968305113207541,0.09904423565476829,0.36354920485355463,-0.3410220001647381,0.4553980167705962,0.3580255499665334,0.11463964748911586,0.24430903379580748,0.4374670109320554,0.08168941329992233,-0.6279914330957296
0.2664017123689932,-0.15609568978917887,-0.02604436878011792,-0.7934863621401927,-0.045411011705911074,0.23337864608360326,0.3827090894064844,-0.34911259353389246,0.7939671933696993,0.18606747890156425,0.30533670616046377,0.20212430910818946,0.45806983608998886,-0.44317790443233224,-0.42411215677673847
0.16101452713221998,-0.2744401352928622,0.14142683515299503,-0.841900318338004,0.006492089453346758,0.4749509341657144,-0.15902770579709433,-0.42509064405522157,0.7397092194659305,0.09077156577537378,0.23331862241517223,0.13355326815556595,0.4622551551045927,-0.5686227931774088,-0.37588794532938885
0.04185928481129234,-0.4129059525584661,0.2594035121845268,-0.8781783010481572,0.29770003504242193,0.6254584614895625,-0.15643216288288714,-0.4250440521472456,0.8878229186323398,0.16095483544133551,0.401630543789986,0.1250853481823414,0.47865360871536305,-0.7728378941833075,-0.23013174285297655
0.1531031150868276,-0.2977777432515696,0.05994149780123296,-0.648945439881649,-0.6485373012705238,0.280886277980774,-0.13763398285354145,-0.4160411718287932,0.7604890494718576,0.17720021013794424,0.2557410432472642,0.1376299308053426,0.4707366872774721,-0.32550563678806027,-0.45301805433215936
0.016326200617502652,-0.35583528958993443,0.1530260889776057,-0.90085011947574,0.0867342325171577,0.49701674361686593,-0.505772262759125,-0.45837465387720894,0.9013560839342416,0.1738691870355544,0.02996774444382987,0.1637497675946053,0.5267129141888126,-0.871660622377789,-0.517741368641971
0.12332666761676721,-0.3833797802367796,0.19778946935414904,-0.9231858669874098,-0.21100595157214896,0.5455242991936969,-0.4114612652108329,-0.37096034663021954,0.8452395771256987,0.03693089888467537,0.40344480740911426,0.1042080126250236,0.6235423229708624,-0.7014648450667396,-0.5339252094491549
0.2603946560690025,-0.1482681205893529,-0.018830896813663445,-0.8811203762780269,-0.37208329769781484,0.3210486541933327,0.5417017809339953,-0.43011063973344615,0.7798094182549596,0.2104902741305678,-0.0025627926989658855,0.1678011066837003,0.4365787718620259,-0.30673569768547454,-0.47577546748339644
0.1332553915688242,-0.19429782665393322,-0.027621492902663962,-0.8277729518794407,-0.48353811064899166,0.2487769349162511,0.39663920439790473,-0.4297835438331981,0.597861136044213,0.27225091819359726,0.28668092476940615,0.14331326855447635,0.37190174492633354,-0.5432071195565297,-0.7894240522933788
0.11439098520427153,-0.16610360604195584,0.02546216752137087,-0.752856891594251,-0.07288150115896616,0.3410054445504626,0.12863193622609898,-0.42338574167180215,0.8405653458943568,0.28606874679236044,0.16807611532176697,0.2105640419402165,0.4912569017782014,-0.477199660477503,-0.4173681845493983
0.2359634224980799,-0.2654226968133303,0.11549959307179632,-0.8722043732295436,-0.6594706663407022,0.44365606813185643,-0.5331206877653926,-0.33402234114349255,0.7201855483597751,0.11382343156663195,0.2626882940437979,0.11711387883321267,0.3858285225247796,-0.9167480530168733,-0.40031366794709033
0.1087643535686615,-0.26526585753224907,0.12470931492106858,-1.0224496463416914,-0.4543662588762559,0.45224569052253616,-0.11715382112073522,-0.4432817777902219,0.8691235923982324,0.20101497741656038,0.3526420272759143,0.13704677788625605,0.4772545652608531,-0.6513459087337027,-0.4016662399433865
0.2030011327917621,-0.3382472756497213,0.12705917798946265,-0.9664226859704945,-0.07727901378676404,0.5167572407778975,0.5175476201985938,-0.44051551632698616,0.8655481641872994,0.10896153768899007,0.1479611661384501,0.14472350310369314,0.41482207710050306,-0.42383772199492664,-0.48079082595796874
0.2696066808949732,-0.47677289075341434,0.3072188376910991,-1.0241954101990853,0.09458885671844273,0.619720824725994,-0.0908797131032257,-0.47877572637107035,1.0236612226828958,0.050482382973417915,0.2955776311858421,0.05518815353313937,0.5636329710864617,-0.9987239638902868,-0.43812628943402815
0.2045094640092172,-0.6347994004923073,0.46322774786082105,-0.9940298692344928,0.4265883271330902,0.7626945888463053,-0.6502933332657915,-0.563014546503564,1.0925592554588344,-0.05900283430696655,0.14667535359497239,0.03665561489966708,0.36710205207901153,-1.2176571807482932,-0.13417423637685422
0.1530255926175466,-0.3252845969609558,0.0790498057388449,-0.8554914693158673,-0.3067078493502655,0.38623789985638873,-0.20383986555425734,-0.3663505031123889,0.8604977146269567,0.2012123342835809,0.24080635296422506,0.14807844410350104,0.6269656546129628,-0.898188456906894,-0.594471766260677
0.24723020982302724,-0.25023604998522947,0.06466140668486044,-0.7689952509179916,-0.13038547800251205,0.3563417034307335,0.1279928700493031,-0.4266210762086437,0.8479984771238847,0.1721552253905382,0.085970281151137,0.17036265875134082,0.5922570620681309,-0.5268432435923014,-0.363392736998235
0.21402876885636435,-0.15480842175513462,0.006674780453844226,-0.7928489470898424,-0.1895386383193928,0.34704553271677907,0.143111230279579,-0.44416562401814713,0.6869773416468614,0.16918862667526233,0.19919262003060687,0.18734825798816324,0.3647907452078653,-0.7418649814234285,-0.3584643626691235
0.20224400184441998,0.1227802474132034,-0.23358938074012467,-0.5600162675077085,-0.9817726741284226,0.056628636764338436,0.514145797088343,-0.3831740067968013,0.47359338913897525,0.24297202020474234,0.21058849558752094,0.27334851502560265,0.25898646799748554,0.19909491066028676,-0.5615583833939198
0.3588233902011469,0.001077229060865759,-0.22703003541475783,-0.5696126922052186,-0.635801941095734,0.12366577392704396,0.49812029912574296,-0.34935374299736,0.4559721177242088,0.25665468539272007,0.07473724630659273,0.29456070236996473,0.33799093556480314,-0.2815657254940218,-0.5309860939800979
0.25713096623326187,-0.18920894304192984,-0.06838116615114438,-0.7358214049926889,-0.3770335298291681,0.27466716367701405,0.5385062796976954,-0.35336419748984466,0.5998099899737428,0.3267334401943929,0.10310591752816484,0.1744276269721655,0.366312425587483,-0.5351722208618903,-0.38403361955740567
0.12880348016695584,-0.007558447808042118,-0.19425336665932866,-0.6169090667565339,-0.5016501038759515,-0.002663066131967482,0.5348167565346932,-0.29843333815273615,0.6026151710673678,0.293956424126229,0.06275170346369069,0.27451159669858166,0.5212511658118245,-0.031115815066037753,-0.4926652603668016
0.25916415201188475,-0.05549905432443034,-0.09411850495171914,-0.7427515980928088,-0.7010874162084016,0.1895054005385234,0.7078959863159768,-0.37403726197560905,0.6141937393977194,0.34465136659897344,0.11740167329605382,0.19469014797869172,0.400459697772845,-0.1528955795876865,-0.5383655945327854
0.2945333699156493,0.16425458597897127,-0.3373581301196529,-0.5378263671494835,-0.5551812233264096,0.027976224468021893,0.5331402806461364,-0.3280830177125825,0.38041908297989535,0.33900223636223303,-0.0030944194609273026,0.2762256280631466,0.19651620154096866,0.04128724243334233,-0.5661289980909932
0.17807454998441496,0.1829524089192514,-0.40190349352037963,-0.30022887064962284,-0.5496995850457801,-0.3148545087904075,0.5082491298840731,-0.36502474239202887,0.31924081787163266,0.4294544615960929,-0.057226637657156215,0.30343762322627904,0.33042613470722904,0.02163225779284968,-0.5444049971569607
0.2705682024092443,-0.052144508707917515,-0.13243851259526013,-0.6706742250288242,-0.5615586431975468,0.058729428995114005,0.6625859389488841,-0.3399412714746665,0.6439158986989008,0.4168277296882273,0.059852391684720035,0.255049705429754,0.4871998171362774,-0.6569197900285884,-0.5662947760717824
0.15260706953632466,0.10243156580837398,-0.28408037734994673,-0.6007707644720952,-0.5982534672158483,-0.02895519394825006,0.6444177386786069,-0.2761944187474176,0.40684943007841745,0.3270512101624085,-0.018123817061749987,0.27617723803299415,0.35462677383601,0.030238524769218313,-0.4879136711622366
0.2122950530280079,0.037582813718607645,-0.19827046131463016,-0.5665254295550576,-0.7642559932537674,0.08758836767357196,0.39347618495702225,-0.38334922994051807,0.567254363576694,0.3413078306571258,0.18000124789339686,0.23903554230127352,0.3177439766539326,0.08506817540377402,-0.7213762067929982
0.41850362715313494,0.3103410068716588,-0.4440323491184741,-0.22660405951542187,-0.712669142621039,-0.3323850944815769,0.7637799719802887,-0.23989880186232768,0.1418932425029003,0.5056805280541141,-0.16736567282862855,0.38635496844741796,0.031777895625178326,-0.07508645707449323,-0.641817695484621
0.2920637380998908,0.025053949671167926,-0.16500980793133402,-0.6141241962903329,-0.3627609744293353,0.18567000446348483,0.24669271158757053,-0.3353358974300455,0.6753232822809498,0.38032402342247174,0.016859090286828873,0.24953278466927312,0.32295931219631635,-0.03018716728629218,-0.42894524472983236
0.2303502999182139,-0.023499922032104045,-0.10848595679859041,-0.7533518696896675,-0.6298256550761867,0.14276381436741115,0.40143338919593347,-0.369574319642107,0.5514407321518785,0.29177172383673844,0.1578362618487961,0.1658462605197899,0.4816443212988133,-0.4294579600437456,-0.5311382471722211
0.2431601352063397,-0.06217922383794905,-0.0815978063941978,-0.6676139647409551,-0.6449522709166805,0.2136308353362217,0.6957280764133464,-0.42250365777611804,0.68892210083223,0.19835759602376477,0.08071750724703561,0.19107726332913438,0.4233063687353015,-0.15601113897250354,-0.44418661516453656
0.05317084828072645,-0.11705302943233732,0.006075846031476839,-0.8464189966633549,-0.642893998357358,0.30153301841600716,0.5047764149040024,-0.39631737669577594,0.5260821584535945,0.016268263598041684,0.13099244798731058,0.20439596439935326,0.40072302528286297,-0.6292743257569285,-0.2180474042779319
0.2119793626396613,0.08133030570171836,-0.25830801573032847,-0.450566341009312,-0.3840652298508054,0.0219638713283162,0.4597215297824999,-0.3107132692483245,0.42636943264770877,0.3158685021927421,0.1544055778193048,0.21731892865223254,0.17376495499675992,-0.22380519205550112,-0.5896662502585968
0.24468053258935515,-0.12683971269070257,-0.10879889870157385,-0.7739232796549063,-0.8198648129425244,0.1570176481514395,0.08522244355281722,-0.4097428095423718,0.6187571262614062,0.27199921616862754,0.16428916058904736,0.187913264515432,0.447940028733148,-0.4318216853160395,-0.42240104662426725
0.21152196183558342,0.006424685748972503,-0.09403534691724638,-0.5926721236788124,-0.6447057296700514,0.20954585200036344,0.204692434208604,-0.3796351170915764,0.592484887492695,0.35881970087252546,0.028107729274678712,0.19087210622331546,0.18715130456033027,-0.15670160946520878,-0.5478381225819151
0.22691773250701666,-0.07076638092719072,-0.16344236552783029,-0.5756082774201579,-0.553005092940427,0.10940666735130579,0.15811149262035673,-0.3613601668623743,0.6328300719816258,0.2492967695341706,-0.059486545202111364,0.18643885567146654,0.2742685803808335,0.01977186136802685,-0.5042874782245991
0.12095312849648637,0.1604544047697497,-0.22862929045803582,-0.6034961389586558,-0.5194419571005423,0.02986286613017564,0.3511459012733838,-0.3546844996898583,0.602434080615895,0.2117365605769177,-0.030921591668217664,0.2742126129866153,0.22875480316562158,-0.36529128527221305,-0.47885190757900625
0.28577889726824784,0.20048835394330272,-0.30026006214461837,-0.41644622865145936,-0.5494867368967375,-0.04343383143333665,0.6873686173763099,-0.4020359730118605,0.3317392379256002,0.380112691404066,0.029495333815127887,0.2775150455581358,0.0859808241899996,0.1410682801680423,-0.6100525322096305
0.20725486870778861,0.03431552696408785,-0.15268605160712995,-0.7501201006485773,-0.7335581865166805,0.05546182149007789,0.2248304377049584,-0.3202916806452069,0.5357016472144994,0.3891067294480246,0.12118688194951142,0.26453139643631746,0.3536002080461514,-0.09485630183428721,-0.45966059630925904
0.13338823264170419,0.029598024039891212,-0.16680442965927314,-0.6337377474171044,-0.7124673746698714,0.1568465809663824,0.5664543087892919,-0.33622345198187015,0.6617146188020785,0.25038417157781945,-0.15371914097908876,0.2253467496169689,0.35111303898040913,-0.30045352636256495,-0.4426996916863703
0.2504967353439606,-0.07338757881476342,-0.05487886214301481,-0.7489665373659106,-0.2286796523534956,0.17541757884849835,0.5882507750103658,-0.3386087058198685,0.6118002850238318,0.33857817904213744,0.033277472386243116,0.21031424816744115,0.3514962046991607,-0.764470281345567,-0.5589327957025706
0.17561890658384957,-0.08732883620060451,-0.11409132400976932,-0.6611719035689174,-0.2495685910362539,0.18886121002588507,0.5809956555823369,-0.3817129380525686,0.782863367617049,0.22653993954601748,0.00029815633314919025,0.198886047195814,0.440746299911058,-0.2824057432667061,-0.5309385015976436
0.3508111942963827,-0.09117700899921381,-0.031356813577927314,-0.749569941215141,-0.4411279372555285,0.3008795179152493,0.04351703562055924,-0.376034104763975,0.7365485810722269,0.26554638348987664,0.20567023481924662,0.20787226893571434,0.4335116002109435,-0.5082587144311055,-0.5763182354741464
0.2075461946926704,-0.1098491549701429,-0.10418214538742317,-0.6948444439572186,-0.32800082899581257,0.20544268245925734,0.17729457454813108,-0.4125978199226984,0.6983209267727293,0.22194001067394858,0.17867357887712285,0.18512916817041358,0.5538706362989747,-0.39026787487299486,-0.5851764768610804
0.06119680603260204,-0.38838092460495766,0.2563073425906142,-1.0200347045214906,0.07246144725471554,0.5214560687241352,-0.22266867556550743,-0.45010330197601006,0.9297250733597249,0.08135569817595034,0.2658565402567054,0.09015067418135413,0.4022193119242814,-0.803205669412767,-0.5015364268235387
0.09288163247312253,-0.16054233640098958,-0.020502275426695304,-0.8969996748511416,0.0702278980109333,0.39629489043898514,0.21461544867566046,-0.39545947464817705,0.8132992458374158,0.30016037401421714,0.24628082896091763,0.15869521227078165,0.5932266373344841,-0.6761823126547906,-0.5432617644305938
0.18025960353910486,-0.334372314314619,0.16881946006553897,-1.0237426191341834,-0.061783816496535617,0.4841787349307916,0.2141719996042445,-0.4838269535952811,0.9354571386954349,0.007148281722099701,0.28023622827742656,0.15328454956577375,0.45286191960706335,-0.6802572270518421,-0.3203174918192489
0.23692526951517093,-0.4940721882511047,0.34269528022969525,-1.006067638687422,0.24389297747977529,0.6858164354886214,-0.45517612214375264,-0.4980906641237407,1.115899909883807,0.01764625850612917,0.4276555327321481,0.04470698411258908,0.4394082903990166,-1.176656222321802,-0.17432485078810228
0.22657634432953225,-0.43981793188992985,0.2209516910483226,-0.9523758193101933,0.13390630883060262,0.5293147523487588,-0.15840132762228432,-0.4828555884118923,0.8991710765038484,0.25192388839960667,0.26902284953996725,0.15385453695463847,0.5390392383170007,-0.9232110655019454,-0.315120656621133
-0.0025723671091293725,-0.7305563413332383,0.4603265421601656,-0.9802902827824,0.17367508052359512,0.7701410801232718,-0.7887069881460674,-0.5217048055163691,1.0989688928268249,-0.21301470407417558,0.3184533344209712,-0.012773213282610333,0.3342010707321833,-0.9978336570965439,-0.08189372712752947
0.20981881048274761,-0.7644104192432732,0.5670575573613033,-0.7942637354153549,0.7790888817325494,0.8520203601048222,-1.0340184016343568,-0.5953482512228462,1.0323548016331052,-0.18265938419009956,0.2404937549270548,-0.01726076881834998,0.3912735049094307,-1.044358493000241,-0.1264277587608616
0.0991213716139631,-0.8509596109884228,0.6821940261358017,-0.8354141022159082,0.6348028006390184,0.9656469879312249,-0.6769822720090978,-0.6368749831278301,1.1512979002896109,-0.17446442503312548,0.35311612582428326,-0.03850613008045191,0.3193876977174783,-1.3661478252148551,0.1610590170028022
0.05665074356345652,-0.8311318616070918,0.6407111441538857,-0.7951701667139185,0.9566700313191273,0.9050442432468894,-1.1736357468846195,-0.4777079102396337,1.3676055117040125,-0.16477334327798313,0.12538000947760633,-0.041940377907502324,0.3317061715306332,-1.4439674199988026,0.09767013785353298
0.17881984810481327,-0.7857931992490764,0.6470598068779916,-0.8793589978224859,0.9041397708882193,0.8852399160282871,-1.1055279037529642,-0.6125295973631322,1.2844397805841805,-0.1984569117149734,0.2156520793782574,-0.08900754608081046,0.3817225441764904,-1.1155766880701483,0.10803204120770278
0.20320393741033835,-0.8229407769757899,0.6141248088071066,-0.8640096844565356,0.630480741209989,0.8527163854207509,-0.9399052670338373,-0.5921350363796536,1.3600681469183387,-0.22781571925984923,0.1271144476161404,-0.06354231896564626,0.17713386315624954,-1.432500300973244,0.13494104662773956
0.22892613803829578,-0.8194829229658107,0.6727224344687334,-0.9370718294713146,0.5477303148296473,0.8749665410700558,-1.17998239319109,-0.5941357419578451,1.1006668826498618,-0.23538522558393335,0.038809991146879975,-0.01820663022532769,0.44655832161465914,-1.3447157075118528,0.04656956052605378
0.1000000151574269,-0.936579188587549,0.7803498578593101,-0.8171938607992075,1.2445756610880203,1.050804713505218,-2.0249958553975387,-0.5320173120056616,1.0605774897425688,-0.2312435788448045,-0.004714947093981921,-0.10228842442421382,0.0842650763439157,-1.3010807300452059,0.23699869555961475
0.04229216422934048,-0.966577902204361,0.8279354104987621,-0.8531091108202057,0.9309817263747598,1.0792730146953702,-1.8881287846315107,-0.5535383420313583,1.067466193092454,-0.3701835892346015,0.08117397796408188,-0.17342358542872513,0.10059164536204748,-1.174535921302762,0.3469160043753722
0.026675458073235656,-0.8279511821665899,0.6873001639921554,-0.8878026672874053,0.8535558360582359,0.9278097749727625,-1.359249032342574,-0.5616537451256005,1.1747470481928979,-0.2600578699466262,0.3385682412384811,-0.048591138809994334,0.3561207812122935,-1.1753134578687776,0.042111085343100325
-0.03748044644497888,-0.9114217676224061,0.8169650724163329,-0.8206390488342845,1.0607742866710497,0.9669127067387634,-1.4821942980737197,-0.5726707505373076,1.0470486242923842,-0.2580116381662893,-0.07024437495365621,-0.12275727904562962,0.14306439339511953,-1.3445456628151202,0.3924109574594956
0.03142476831992207,-0.9821342664689875,0.8938894808672296,-0.729667039913361,1.4868595432878817,1.0435703613165626,-1.4998129742729986,-0.5874258698609747,1.0550336639624582,-0.3337043581855035,0.12985511048949472,-0.17771694883858258,0.2645960540547231,-1.453191970902308,0.49560331720399614
0.12061711172925099,-1.0225763798415486,0.8942880706169328,-0.6254148821895441,1.2248597799948677,1.0028281670307904,-1.7978532364153028,-0.5688989880054275,1.050817113409152,-0.47074390976651803,0.1098136574441553,-0.19014214213952754,-0.10991504113820602,-1.6869806187006462,0.44010614561629674
0.0377787753267781,-1.085293566730245,0.9848334625913654,-0.5570280369154794,1.0980973118157111,1.1242083496026098,-1.479244016134662,-0.473610140024507,0.9281140592985544,-0.4251644808172294,-0.07237770032331617,-0.24846451333074737,0.08905718699721844,-1.5239198001729735,0.6582449351786929
0.0479104481444757,-1.0705444747960402,0.9758100479826405,-0.5309706225353388,1.6179252466142413,1.1211977077856214,-1.500174343294366,-0.4607170740741652,0.9538876467896982,-0.5766925154209758,0.1774965430963986,-0.21522037045581574,-0.08539263947391768,-1.1364135572721032,0.6510797064313705
0.05868446748344439,-1.061270143574839,0.8694691319914003,-0.6973661140439309,1.3039244371061567,1.0583694553143943,-1.8720457046235233,-0.5382503160846941,0.9141120118830989,-0.3892432448619602,-0.013579817900516742,-0.1877017784013948,0.13993963337472778,-1.264006975274337,0.5306064733912922
0.08439859649901024,-0.9692612285173912,0.8029885200646292,-0.623045912981361,0.9826228386534832,1.0091592474774655,-1.193094353498989,-0.5636584172691267,1.1262763404095884,-0.4327165689795247,0.041114720006884695,-0.08849908323473786,0.3558263821365656,-1.4693094080482174,0.3588717448891906
0.21984123262687735,-0.7815929721427192,0.5658351011483878,-0.9228788498415584,0.6670120716502074,0.9494448249360637,-1.2005960583127029,-0.5611609936841078,1.1981945023601748,-0.18677385047730996,0.14469130776104724,-0.022519544433070575,0.3702041923370696,-1.5673912967915975,0.0013785652922536258
-0.034545129951875454,-0.7382395428113532,0.6584928389014404,-0.8155727219431246,0.6845858333183878,0.9358231103418986,-1.3371272966264967,-0.5279523966657478,1.1380928577218663,-0.10775343802348455,0.27579209799722537,-0.11130798052966492,0.34289944371870085,-1.0669256056798753,-0.09370883781654354
0.14713115281294872,-0.7916399652914231,0.6089600274826285,-0.8903627959386251,0.8124438238069835,0.870666927644774,-1.4714941686422551,-0.5586928138304909,1.1540916375394097,-0.3377172764000529,0.26552229444748787,-0.05055741189096011,0.3882939182372975,-1.3081278969543622,-0.01698988598298302
0.23345111445923844,-0.7383034517519925,0.5649153641911012,-1.0196644896251592,0.426313087687857,0.8544066825797535,-0.7843753711843193,-0.5366941754823602,1.080312351128575,-0.10326233426243735,0.2391820171049708,-0.013314876528204556,0.3300679593738604,-1.508119429639836,-0.022010165626592398
0.323419811016592,-0.3753287352059072,0.19628407226106434,-0.8666325376031279,0.19743400729172608,0.5153582444079017,-0.4540520072422353,-0.43035491775991486,0.99792028109127,0.07629818488764134,0.14238161246092748,0.08118209202836447,0.551256392003716,-0.9370824213865627,-0.3063306459058568
0.2736228508273782,-0.1949713840138066,0.06270917187566805,-0.7989236714943238,-0.4070125441264833,0.34058593640571555,0.11925792246187027,-0.3803181240784947,0.8447870010908057,0.1928857456056154,0.11776881031035354,0.12938975498496297,0.4970588343067294,-0.6868931261388764,-0.5181552643378772
0.11286411444239997,-0.3936838825194534,0.2036213882151192,-0.9762781570898291,-0.07780825800116382,0.45981918985276865,-0.295857471366465,-0.4703651441825934,0.9982056647164738,0.23002454998615318,0.04640259966124035,0.12513647157976707,0.6034369928008394,-1.0610573885018861,-0.3830648989478497
0.19489836039630354,-0.3127076737741627,0.15718760759755177,-0.8516979917488491,-0.297115368023374,0.42895979532881834,0.11462360975351513,-0.41280134508379085,0.8694151917596851,0.19776538195666052,0.2898367606603012,0.148920441243795,0.36886970056643364,-0.9566750721623694,-0.43760031720465487
0.16952882236299677,-0.32206497963402514,0.1119231227723594,-0.9422552608373123,-0.42707018734284796,0.503582779193112,-0.07191903082804518,-0.47483802586357965,0.939866052907711,0.0835509886550638,0.16553837087614398,0.1580112038671529,0.40379047424946635,-0.8964396370093108,-0.37666487102685015
0.2174921079289229,-0.16462681600242784,-0.07373197514799085,-0.8255537270405171,-0.8121172462757261,0.2567199726270602,0.36857007864239333,-0.3509528193568955,0.9517078121930652,0.24935758004864328,0.031414227351409627,0.14559691777545625,0.4534680085181477,-0.6009825876896139,-0.5690154754457956
0.21527400346595882,-0.3175651369721563,0.14579792746289352,-0.8253948791594478,0.17309055298235726,0.41308527421178937,-0.12121195123737152,-0.40446998409728185,0.8687915010614405,0.12196595442388411,0.2021202172255151,0.14876822231205034,0.6349281576405666,-0.7105893344452997,-0.4792966361398136
0.1932036948506377,-0.31061804453031966,0.1128122157480083,-0.8556307540216741,-0.21028843323267923,0.37241830773643875,0.3192616652007972,-0.4066295188983832,0.7786281213746625,0.26828996402298927,0.14889206539376393,0.1227824666910073,0.6251880951297204,-0.38927234814578426,-0.530481258746511
0.21985254496588189,-0.3800351963431687,0.13300679951116928,-0.9416967669619479,-0.49793797809426177,0.4497621326113979,-0.13201277318424848,-0.46332359610017615,0.8597210171260133,0.12368361989937486,0.24701259124364594,0.1251023590933515,0.47016775202876315,-1.0491612166414745,-0.3280129855353409
0.042784239218101025,-0.5799501064713433,0.4554331938891197,-0.896201741466178,0.5682276046636305,0.7449832787379502,-0.5493901027069281,-0.567117248864545,1.1326572594693176,-0.02823336329286622,0.23362896759140372,0.020437763532136787,0.3523224047659126,-1.2368875641397639,-0.10517856206897001
-0.04839103585599957,-0.7794940346731052,0.6158100120310909,-0.9652181694958453,0.5408585608866379,0.912185552483852,-1.108262000231112,-0.5445387526662591,1.2193767231480046,-0.13020510089559917,0.20270643416953216,0.004473436907070779,0.5077235385817779,-2.0335211201744046,-0.049759698460871485
0.09723520911417743,-0.763187477442188,0.5154890528941235,-0.9677846002465708,0.42413306049550104,0.7791730572825672,-0.9307442957828193,-0.57682391236854,1.050636712830295,-0.2198714683570641,0.06014876678351902,-0.01701745869336538,0.3314291707429941,-1.0976654210473589,-0.07520860968760938
0.10726356352971217,-0.6412035773298264,0.45447320042985206,-0.9896641662653041,0.7336623193971121,0.7629454387582625,-0.9025568680204407,-0.583604708553081,1.0770748370266687,-0.013189029731997202,0.09376490909490928,-0.017570651580128976,0.46989066817214775,-1.1351344566346808,-0.07199683290170585
0.240507130404953,-0.5480662946182555,0.4314886132817258,-1.0746505377040376,0.23745365316444178,0.6585999908119639,-0.8168086790910141,-0.5697717767495662,0.9237679732093695,0.05665971883821348,0.2575702250104607,0.031776338011703376,0.4060388651884282,-0.931509694177604,-0.07014356440762319
0.175986540194021,-0.6479838645716023,0.5045322334882143,-0.9173473222069304,0.5864508178442259,0.8160689299215697,-0.7020157821152267,-0.49712190564279485,1.2345764768176495,-0.14025678217204687,0.3741504138977429,-0.06702145703746634,0.34102275414717576,-1.2016055163094876,-0.05266386277336678
0.15087668799293746,-0.6576955154593682,0.47314564692310074,-0.981380227270304,0.4960950150334808,0.823363492030117,-0.5673247015316394,-0.5414273753337379,1.0854733138606103,-0.025099353507869415,0.14171369071356069,0.02014065448828382,0.6010671396737405,-1.066015363405949,-0.32737322121356843
0.2686884684764187,-0.6003030531646997,0.3764264979469954,-1.0397475862498302,-0.0802126771512572,0.7815157805024648,-0.7514134688685838,-0.49546853777880295,1.1694300648269884,0.06744656616583905,0.4713411217441784,0.006608235600175348,0.4185993211345655,-0.8839317238763229,-0.14355580564029818
0.11541379621559716,-0.7698694102783494,0.5236066831061296,-0.9716949998255009,0.270893081135699,0.8431781923560238,-0.9403227057833242,-0.5755988019858056,1.2338416675752348,-0.0957433490580134,0.19125158608119697,-0.0038698835688234148,0.4701782743966175,-1.4701253311503557,-0.026437934441357138
0.2243065005357407,-0.7206115809601863,0.5247724352414004,-1.0146513969971556,0.49360670017472374,0.8249850657177131,-1.149340625741612,-0.4914074154102881,1.1872669077256737,-0.14571146347511335,0.27139312718840325,-0.00014451451189264342,0.34900721706609256,-1.19160884435157,-0.26507133539488026
0.24074278408970298,-0.8740944649451415,0.8344802413179547,-0.837544573431439,1.351989373199958,0.9895273070998085,-1.5103038246311917,-0.6107032050079848,1.052217537328074,-0.33431919285005113,0.1915803436269338,-0.10241904825108439,0.054335259366980235,-1.381492328662329,0.40990257554514686
0.050579484346209604,-0.8950708627954195,0.8216193625798454,-0.8617414511797121,1.018034995033785,1.0107973907101084,-1.1244878182898677,-0.5822718532595149,1.021222828351095,-0.1093750539317241,0.07774987300921345,-0.07382521003189262,0.15246180191601355,-1.1812051245347233,0.14069473106439717
-0.17773418016343456,-1.018923034436148,0.9100561120630132,-0.5606491056886167,1.1239702735243797,1.118553057685611,-1.987757466696554,-0.4807869340579553,0.9691505858332073,-0.6132253326800533,0.02151426976508852,-0.1997511715315991,0.0591776268251313,-1.508667499730666,0.6210014371788487
0.08973548589445779,-1.1326323137462073,0.9943272532401556,-0.5010384776670732,1.2230554995012022,1.2131830071795204,-1.814263697760805,-0.5509070038838283,0.9843992341331078,-0.4799737998047858,0.05509531617236239,-0.2185271475893226,0.04374961931139989,-1.4090718763518066,0.6493952785552457
-0.08722579603212458,-1.1471107257649276,1.015056730201547,-0.45079164296456,1.5839313454513622,1.1994311695605737,-1.8598881342152231,-0.41624384165236616,0.9435358966935029,-0.6573923923936306,-0.07099539292478475,-0.29502944589602004,-0.38904153848887835,-1.7488120865841936,0.6718441634913682
-0.05802717115544631,-1.104120142394666,0.9808508388092152,-0.5691905487514751,1.457194973381168,1.1385382670556532,-1.9224556120244545,-0.5221401765457859,0.9160055942459269,-0.5505282365012203,0.04900594873199939,-0.25528287906838193,-0.06321271072112274,-1.6953320793897444,0.5758652063845462
-0.02568952449249681,-1.0837286429891029,0.9345880533075407,-0.7598235748065285,1.3182353177221997,1.086439958462535,-1.643346896073022,-0.5039654555249943,0.9545327353607276,-0.5007424985184219,0.19443393989688362,-0.14972394068935835,0.08241228700605212,-1.254865593465735,0.42841372341240846
0.1238449229901113,-1.1095215440634145,0.9829453548944054,-0.5247797984799062,1.492690111676197,1.0839446444051535,-1.9079362995374163,-0.48644868086438026,0.9217417396024573,-0.5750811592701546,0.03893769643132034,-0.1914384209542955,-0.09082398961946972,-1.093624112827786,0.5733240685527143
-0.018172167903562065,-1.1196740552968913,1.0164302740896847,-0.4365092527717614,1.3960975585771513,1.1855566892261844,-1.6574117581475514,-0.4861839604520915,0.8295036624081235,-0.7337809434642701,0.01213863284489639,-0.26543761717141195,-0.1543374742253759,-1.1071048369720546,0.6929906556027509
0.12103362164568708,-1.1309997914582939,1.0375052094155919,-0.4108570091283999,1.5404421305806024,1.0617361450889402,-2.2620792153513642,-0.5547968063265637,0.7667918951766037,-0.4912019206880012,-0.1125604348208865,-0.2469789906978494,-0.06037912729849448,-1.5498705486980147,0.7906423371696745
-0.01920535838977933,-0.986154314041852,0.8944417958297565,-0.5298968901095631,1.2634094563868161,1.0459778006671003,-1.8935140109366442,-0.4508009907072479,1.117185832437357,-0.4968072709459766,0.05962712977448263,-0.20408689468403254,-0.07821978343766013,-1.3089428161496328,0.45342828718445227
-0.05352045477346153,-0.974370842213594,0.8185772535934154,-0.706979133862902,1.6863524260007323,1.0220654627816492,-1.7067968864591863,-0.5628396517167557,1.2001170248998005,-0.370789155389694,-0.004394492528234367,-0.08903831130149047,0.11438134383558216,-1.3384064252015315,0.21658326393379745
0.046285915588576886,-0.8912605571525094,0.6357233215569611,-0.9315090432252257,0.8345025249022024,0.8084422718397128,-1.3314517180321852,-0.5445961647839518,1.0095660678843759,-0.20327560109829748,0.20934564793643504,-0.06253506449210061,0.12408588326478434,-1.260259743623843,0.13576828690996612
0.09018054825648072,-0.6375673221693542,0.46996196283715685,-1.0134044895276275,0.24530934995907627,0.797611516196327,-0.7277979326299618,-0.5021488173479897,0.8837601348526343,-0.09422794398131772,0.26066670728720853,0.02990034653605135,0.24230520556875007,-0.9822363877415111,-0.16751431831859806
0.011515977213962856,-0.6628706812124937,0.40680861610200325,-0.9133351061149972,0.3497866555378965,0.7635196255938917,-0.7750463631730873,-0.5148196362475903,1.0598601772320422,-0.059664349863396075,0.21791100984887124,0.057322379734237636,0.36149394627398956,-1.2483862373800312,-0.12554784542196654
0.17369986063540468,-0.7054307826654463,0.6070687786400428,-0.9031423665993468,0.8214406560685589,0.9072098734345341,-0.8716682359921278,-0.529536108902118,1.1537002719095413,-0.22312632560399762,0.47482774532678057,-0.016025401634660826,0.3580773993106665,-1.3504380570016146,-0.015610606810569671
0.28647274975699394,-0.739143545049336,0.6057514494598988,-0.9786831978852942,0.7513488883681171,0.8547325505087898,-0.9256703706974533,-0.5144819560031294,1.1457648408500882,-0.0514956040527862,0.21249963748801512,-0.006637725929887911,0.22631415162409343,-1.354849647895066,-0.036248144424344354
0.13501600236164768,-0.4089098003415744,0.34296697399833936,-0.9314326026343913,0.14776754168949094,0.6718645012924197,-0.5132903924850974,-0.514006583406383,1.1537219172558675,0.13263812967289101,0.2823183955605052,0.07756397390730442,0.48849224531200425,-0.9721222021223801,-0.06974589843938873
0.2271259758976611,-0.4539306747012093,0.31033006781448225,-0.9238981110688673,0.32585041369775497,0.5788212250440478,-0.12890381183084576,-0.47423083214087036,1.1813430166650454,0.15147961341931768,0.23236477837875344,0.08971689299478006,0.5202496214257738,-1.039721684521764,-0.3430716177154387
0.2119043683538304,-0.38632356534509366,0.2866247207890511,-0.9606121196484705,0.0575895699431222,0.6205140780232703,-0.12188838450371728,-0.44000529184022624,1.0254658599468796,0.09213234305461213,0.2813942261753053,0.07917843602224064,0.512865101501589,-0.8758248209327093,-0.21758166715868468
0.1542278773823652,-0.6245421202055882,0.49182680925886885,-1.0058772708258767,0.7240031438247155,0.7399744870506417,-0.9092974414793256,-0.5571404998881159,1.1814313641385314,-0.23600600826957266,0.15677172385561516,0.011709422559090561,0.2767376265378821,-1.3205708462454568,-0.09438388770403808
0.19003901102677204,-0.5082117358304866,0.2956533509029722,-0.9291857936790603,0.051751145280425535,0.5346791254588082,-0.35650750735922243,-0.4413340324684212,0.9259309214124435,0.06330066498617105,0.2741812332100205,0.07233663068855709,0.6315883612719612,-1.0740420322853679,-0.36460667956464127
0.275344072200405,-0.44143122830874754,0.2585643914999295,-0.9640404377147734,0.2640164914984778,0.6024355590660062,-0.3457394479708833,-0.49847805529867084,0.9858076588044795,0.05415516316766733,0.12181785905063437,0.09055062093620206,0.5367695576863446,-0.998198212833147,-0.3087362069455328
0.09907478722478041,-0.629933286136777,0.4392317312239276,-1.004216090258065,0.2946649407423796,0.7910016958853511,-0.9393588671722423,-0.6733090711725997,1.0882421053367823,-0.04537784247951621,0.13084445386003932,0.024909435675514027,0.4021709248524543,-1.276084902239863,-0.2792203437249746
-0.02305856812032743,-0.7487240407359299,0.53488038837341,-1.0060107278992976,0.7589852279663766,0.8062268873549369,-0.6744186266442308,-0.5906840836800568,1.1252119979143709,-0.12887844996737077,0.24726620133802102,-0.02220335705488414,0.23710311978406007,-1.4534165008994961,-0.19462822293490653
0.10507012202823908,-0.6802725622157142,0.5568351633089352,-0.8644352703847838,0.6131165625718438,0.7916299626172518,-0.6735389253545384,-0.506160183002557,1.2122743801067337,-0.14821158586323332,0.05641232168197901,0.041394015157031915,0.31807008464409314,-1.2958983693649575,-0.15117446100632723
0.05176984910842595,-0.7331227353944894,0.5603226567700599,-0.8738617965076714,0.28235639143458824,0.8973925240442272,-0.9500341398844919,-0.5545208498932497,1.2131850647589664,-0.17070453736218297,-0.028481798887796016,-0.04484997886987062,0.3959599194870952,-1.4229808982436987,-0.08299868201162307
0.21654445111571258,-0.7999370874252206,0.5895274417370852,-0.8446672621954696,0.7631467197103047,0.8484321732704407,-0.7446117114285947,-0.5246108841397686,1.233277402438681,-0.10550909544426368,0.2974757443018907,0.00905787705046415,0.26770568224611196,-1.6053648942785985,-0.09211116023332905
0.15677192471234486,-0.8312603516096457,0.6678125313241533,-0.9506690793645262,0.757329693151794,0.821461440365341,-1.0324395715742822,-0.5906481667883259,1.1498158325037098,-0.21964283820703345,0.25756414662869065,-0.045410945363261644,0.24511846825648242,-1.426465333625058,0.06346762233694378
0.2551237261352128,-0.7635825266333077,0.6137730002708653,-0.9342825040157129,0.7754054988886637,0.7957353895092715,-0.6358723184070931,-0.5622271280873805,1.1911530157858659,-0.13426047803549657,0.14928839982864647,-0.0007855529843471883,0.4141557197503488,-1.3804595957246142,0.11419054755662983
-0.0003935563663515508,-0.7959448860439018,0.6377325342928382,-0.9024409957197074,0.5488070612014901,0.9525799667041827,-1.1405149628049878,-0.5604164905928557,1.1265022692643132,-0.1674686356838766,0.397262135082363,-0.07945285318889146,0.27899933539650107,-1.1786205700188979,0.08064419825589339
0.09756885371097311,-0.6611083155123308,0.47931641893413607,-0.9337621760501484,0.5591531683508453,0.8164653219035335,-0.6289990667411028,-0.5992635141233141,1.1166360476583597,-0.14535587667534108,0.2219633826089262,0.05285129000998662,0.3774099972439145,-1.1761229358026286,-0.07799012164915092
0.039176628550889506,-0.6658617843964729,0.5505471513385004,-0.9960288687156552,0.45501260381179826,0.7289874442105793,-0.8055240324918137,-0.5695011068219784,1.291618691134413,0.0331922085086465,0.17155158361495773,-0.00844290875582485,0.42708473217056425,-1.139939619009934,-0.057013583792928556
0.11802263258645182,-0.7362951829092713,0.5363957160128733,-0.9529796302530924,0.3862863191713223,0.8787046097178614,-1.018475269654672,-0.5890083035081304,1.143796315533558,-0.12076548274663508,0.24908202827401155,0.02768729215555041,0.29091275535066147,-1.3719930674918646,-0.03236170265022039
0.11770681167488488,-0.6223042008065108,0.41827611600047315,-0.9607945759035255,0.29819914030671224,0.7088542266746675,-0.22788505395491881,-0.5483237588248799,1.1717906464224304,-0.12221524771216857,0.20253931355118726,-0.018692201463441544,0.34645599151493217,-0.8108839069826986,-0.003716493193424811
0.08999097196635433,-0.7783976481109555,0.4935201075387397,-1.0450199420802386,0.12170035942260848,0.8258147065807782,-0.7077018491615759,-0.6122393696459122,1.1642580967280884,-0.024987232599759598,0.21787199976963634,0.027711691927008533,0.5612735568979913,-1.0126396059046883,-0.20741626205720595
0.10873894305568722,-0.6516909866767686,0.3337377226864619,-0.9707264972569798,0.010034274088654482,0.7359614475170355,-0.4432752716237659,-0.4948173082976774,0.9811340064479561,-0.09812160151060371,0.27677362682029133,-0.04633194669422222,0.45864416272056985,-0.967220564969775,-0.24163050465061234
0.1176782422610207,-0.4295406590049126,0.25533553052844726,-0.9912648080249769,-0.11985099837650395,0.5784483766530311,0.13010920741719287,-0.39829603936744706,0.950007974987217,0.033729976897029716,0.25842989892893187,0.0859198429811331,0.6136306386673775,-0.8457971593805501,-0.5393876288288662
0.2443275777506508,-0.39878550464701884,0.18626302385719215,-0.9596549392804892,0.08361345794002552,0.5639579485928733,-0.36954381965579036,-0.5104899838801901,1.013070191396428,0.041546962808478125,0.32957615219907793,0.10205393398370657,0.5253359395663564,-1.1973870393784576,-0.2190644402390466
0.3136109759371123,-0.2824248768195545,0.061904068345793185,-0.8032574278122774,-0.35806118633075773,0.3614772321344293,0.5540602230377704,-0.37040841535098945,0.7548032983268205,0.10315216095625312,0.3935486510865379,0.1864564880831692,0.5203474799033497,-0.24153859727823687,-0.5329368093306638
0.13054717894831042,-0.28210048091268,0.05332020268938303,-0.8731032724404263,-0.32401381721119765,0.46047935060785217,0.040426659037336235,-0.3810706643500689,0.9277745206183865,0.14314899043698062,0.2536271028903684,0.1721477938108347,0.6199296606708128,-0.6820806807523382,-0.30783628042139266
0.1388031146819706,-0.09954609703461802,-0.05128267378262563,-0.736538945597745,-0.5647115828569457,0.18460442892480847,0.3176285224413891,-0.39031289711195366,0.6609928113020287,0.2742430192186558,-0.00899061423752862,0.2454048824185222,0.41280905650188804,-0.33317793588210276,-0.4229674853516542
0.18439751390347148,-0.17032516144288473,0.016157943015362254,-0.8682240564422092,-0.16150539780682427,0.2912987776845338,-0.19022350059568163,-0.3780151562946445,0.8300428275935506,0.2759298573754041,0.25536330007559005,0.19526745959414535,0.3849504449000558,-0.6052807904172933,-0.30430508873197365
0.29805630313556436,0.05260418905836116,-0.0988377719975179,-0.5935903186907089,-0.49077130736875074,0.13415952240275056,0.39228590621308684,-0.38075009829267037,0.6579651705518973,0.3406443586355674,0.16314645139948986,0.22708004846561133,0.36446438480955995,-0.2773454919295216,-0.608041157781914
0.38899310798779324,0.10515625085840365,-0.23238727875950568,-0.5623734921400919,-0.6855066945041146,0.027338089326146103,0.45896167541304034,-0.3356018636253685,0.5309217622318468,0.42003631934698715,-0.0038343981102428515,0.2350120056375565,0.38624051254742225,-0.1880697570264022,-0.6293293881576636
0.32752830196963506,0.18634431299346602,-0.31173632803175777,-0.5886845577403317,-0.5115156688610205,-0.14629502415428325,0.41524731500261036,-0.28039109086975694,0.27922578454264413,0.3802596937052983,-0.06872282816148768,0.25076859640561383,0.34699599082628935,-0.020416797833290385,-0.5951823898374341
0.19200692107092138,0.00013057034454585476,-0.11024917080485908,-0.6701066831651968,-0.2798106560899377,0.1537043476441921,0.19393242445979125,-0.29482095446370987,0.7837624442686668,0.294802337181683,0.07736714873434578,0.18199357138981184,0.39767233390623213,-0.22671343483437134,-0.5497320976448177
0.30268932744069305,-0.07458297960000271,-0.053146383459146594,-0.7037432045170247,-0.6303184772126909,0.14585333267218892,0.46691279922781526,-0.373703408667186,0.7102124077436974,0.3590013120511044,0.1360098357171028,0.22789684015282455,0.3792578860416782,-0.3626425095441972,-0.5117885633469123
0.322549323013031,0.03608675282078151,-0.08246790463113421,-0.7435546653606698,-0.769751266194916,0.15968334068745982,0.2606242106557177,-0.35442699627392876,0.7066354661079854,0.21936492960837575,0.10703900805121493,0.26260426389473496,0.22995408648556914,-0.23969533203541027,-0.6090063942747834
0.1780728744413677,-0.15971653839588093,-0.06864202874985133,-0.8033720771241898,-0.42898776900799246,0.2933137755911024,0.2697948677759883,-0.3778218754963521,0.7353498871132487,0.24593705304931432,0.23919971567904097,0.19948612615427305,0.4959424609779742,-0.0830640678905007,-0.4169507744609625
0.1712236413888853,0.23293849379177525,-0.3291418710506995,-0.382087813201978,-0.6796585515422415,-0.1105268079767311,0.4257169164733226,-0.27891509261754704,0.41847634999613453,0.4874601487654158,-0.10629006188646804,0.34226555153739285,0.16540685735548516,-0.08988180684655127,-0.775460998345575
0.271233401858888,0.26399829296525046,-0.38835548822303095,-0.37196834329112216,-0.7461135317995161,-0.18563168788245532,0.7137334898371669,-0.3005612604683507,0.4594461538162506,0.2692277664309571,0.060121707475467766,0.3731162809279581,0.19378719864961547,-0.13291813007212488,-0.7848061511379171
0.31458735250022485,-0.10833459929943916,-0.02840952289713846,-0.6774440354191267,-0.2872372489896314,0.22241886897721236,0.23201969480767873,-0.3853637971332475,0.6896449912397629,0.3264219072299323,0.10622690906034765,0.20734475272723144,0.4193184228950608,-0.5146496101379681,-0.45113048647497644
0.2826199810983124,-0.16942413106641835,-0.02222719141694096,-0.7029529351510353,-0.48053656909331155,0.28364370102022834,0.1535397407912462,-0.37932313401382856,0.7247225762336149,0.29946381789346793,0.1571044866345616,0.22164318636608088,0.37414707152644916,-0.22203586465596287,-0.44386940984375906
0.24001224071598765,-0.06523483253143288,0.010608900513653671,-0.8227923563653314,-0.5694384306603758,0.1591689828211814,0.2552002323258752,-0.3776662421155227,0.7189798237437195,0.24138167293290375,0.16925720815007567,0.20816295186309963,0.39852614510151974,-0.6573608469961536,-0.5251219466653058
0.1639185564783439,-0.1989847941800329,0.055986973003896344,-0.7255055840208442,-0.40178976805587185,0.3366174893067086,-0.18706106000658307,-0.43797257628078784,0.9069820789802698,0.22063456492922204,0.2849356189294847,0.22098832009712768,0.5186827986204726,-0.49202208539706055,-0.4402485412283366
0.2207706791056899,-0.3213223083701112,0.13889510022349708,-0.9534547390964148,-0.1565039899133114,0.48967552380141677,-0.2113336889520972,-0.4887306610137354,0.9724727417705452,0.20932483125797802,0.33848266560523865,0.13349189111684065,0.4490325068564861,-0.5733499601667962,-0.3166969374146982
0.14997517982231423,0.008279890684772643,-0.1597345086235908,-0.6040706352638305,-0.44307117354049264,0.1736142659319416,0.4410704138019128,-0.30292587186023306,0.558911587620019,0.3197429126497866,0.08225689901137005,0.24724116321626854,0.31166229966809433,-0.279609741507322,-0.47785493362427395
0.3062210409523858,0.3457616656625035,-0.3998752985227587,-0.2741639122168064,-0.7228660249815526,-0.1670680991761574,0.48405162230028914,-0.3122772922673567,0.4129866104942424,0.3846807859325292,0.1296591549669401,0.32426168281218687,0.1547386114624802,-0.17672357203291794,-0.624591284612043
0.34853644029764935,0.2845742710381219,-0.35717316912050723,-0.4329265954959508,-0.914317777392114,-0.18299088528417062,0.49245330485872224,-0.3064435510786529,0.4520432838736423,0.35624747170485915,-0.08248612377632616,0.32005417696454935,0.15961120069303925,-0.012601594974114465,-0.570639238263726
0.24015577910368818,0.400563416801671,-0.5239756944491993,-0.32651715150993305,-0.5809389158070034,-0.3166861445167901,0.9165703312577557,-0.24949667266057154,0.2513319612304775,0.43226939678976734,-0.08821468806480086,0.34952277444298974,0.169072701892388,0.26852334020351415,-0.6030224568441893
0.17527687955290108,0.13892667203444256,-0.27366575064128285,-0.5201956772950478,-0.6310117632698238,0.013964477669831814,0.5735038683475079,-0.33035680739020323,0.5001123780385511,0.2782922229362761,-0.17928942176001467,0.28340190365121504,0.3540358890311034,-0.2546841914727225,-0.7167949364106891
0.2828322976207889,0.1330986503924338,-0.31344544173442246,-0.4869229083140457,-0.7068720695097606,-0.04199468461236354,0.3996395798693921,-0.36677453849681785,0.5458519472593228,0.23491716322903228,0.19280690890624133,0.2711080271972363,0.33602940668222414,0.4961730426343125,-0.5764760116624975
0.3019809591430902,0.5127457902463425,-0.6073638599249827,0.0010440081689614207,-0.7465299275850178,-0.4294255310623756,0.6017264151875562,-0.22255329129377333,0.23605358838151208,0.5325695375400056,-0.3769016948777605,0.4387380724342287,-0.22119021107688558,0.32348152248065976,-0.6376711435985791
0.4250049226616614,0.8728087981659697,-0.8415656344515023,0.5032787088244917,-0.8537123417135672,-0.7855815663150312,0.846400973665424,-0.26624175084890384,-0.14971936548338588,0.7262355259386323,-0.367999500152837,0.5681889073244972,-0.48849343165410164,1.0889975046196776,-0.46771776385492003
0.9633018757457401,1.5071472958807226,-1.3453118931302646,1.691387052220309,-0.40125577840192383,-1.710276299592207,0.9459066418129034,-0.3073830383197516,-0.6678446463775978,0.974260096792227,-1.4436343149841213,1.0053006265320594,-1.2567215009221822,1.613121015996089,-0.27619970307523994
0.8432657680089601,1.4610950550755595,-1.353782460365623,1.5420173966291821,-0.4897796416151785,-1.665716945380664,0.8764265001706288,-0.36346950142764495,-0.612976023419414,0.9942422309014932,-1.5028845109748705,1.005175948797854,-1.4456188089250703,1.9160522620600693,-0.6203572060954607
0.827320452164683,1.5282550887711674,-1.3462534131055397,1.6515998927767612,-0.8371697927569204,-1.638692153361362,1.2060502608455943,-0.35936544274937815,-0.8058180295056918,0.9410458891502227,-1.3343338174158315,0.974902104871072,-1.5544858605175684,1.698660080055244,-0.641796126556912
0.8870918946210474,1.609964093068473,-1.364294342198987,1.707333973760576,-0.5528349916703922,-1.7121572266963796,0.7702006229248299,-0.36336381233426457,-0.8087214423277095,1.0953481048960187,-1.3313844049115282,1.0073506295583674,-1.5622146750699337,1.6867888959676078,-0.47091458791175617
0.7127445897388255,1.2465981879444952,-1.101242978273673,1.054585469528463,-1.1623815664487482,-1.2954005361502956,1.080021614808407,-0.35683153092724873,-0.4491370005920367,0.8915356663707898,-1.1780063278369675,0.7738009124376166,-0.8698489748547495,1.523572473683689,-0.554568373265502
0.5887488911574664,0.8909340760533521,-0.8481085863669694,0.4966531905749795,-1.1856774543694586,-0.8579935169173831,1.0277924463313755,-0.227575279900182,-0.13769711732234122,0.6245041854920222,-0.6744428615183164,0.5920953638852544,-0.563453628320356,1.2095899430965649,-0.727910677638536
0.5251028924566739,0.8828492300493516,-0.8427013796949475,0.550288695771739,-1.1562122895806155,-0.9505049678711567,0.7651594406923918,-0.2350546552175954,-0.20892991743896872,0.6822981806076908,-0.8198133399901413,0.6247566913888887,-0.45372813027998404,0.8477113455884355,-0.6416907693000523
0.6469202241021127,1.4744929671960911,-1.2397592726285596,1.4613159646577625,-0.7285842185481143,-1.6030926458839414,1.072570054579495,-0.364968103746316,-0.7221312248173852,0.8811919163969925,-1.2844095115292211,0.8738498207359251,-1.4053201923247056,1.325169379840217,-0.6327114190528973
0.6311464281517163,1.203109001156592,-1.120852727845558,1.034778084077952,-0.6409922377428916,-1.1842332406916969,1.222695823552536,-0.2417762352712827,-0.5081308632818713,0.6997953300118935,-0.8348559862077474,0.8072925019802172,-0.8698965357146408,1.274016409656016,-0.5255310859453454
0.7708407580911679,1.0577107963052121,-0.9709032905368203,0.6567306320939268,-1.1208625955098162,-0.9897361578894716,1.0313357894891466,-0.21911044149688022,-0.24978743773759948,0.7851989915824988,-0.8435766966520151,0.6965923603200356,-0.83800226508783,1.1091685224565222,-0.6247685269119286
0.5290861577402443,0.8337582158785211,-0.8991053885465219,0.6794770910530212,-1.257873672971543,-0.9288733927469,0.8788274658262127,-0.25938049676508174,-0.10555004833495205,0.7436481968211687,-0.5299852016498118,0.6281186123131749,-0.5469528393544125,1.0781164989378,-0.7082031196663381
0.670981989489959,0.6606947042892765,-0.6948122649977433,0.13590315699561953,-1.1234208788686333,-0.6419939847464533,0.7904212017479131,-0.23268064556936785,0.1612225297793266,0.671468929459434,-0.5139762691621768,0.5061254893013919,-0.35803591198630885,0.5615782680124161,-0.5819520862438153
0.5700296857713864,0.928701560926286,-0.8660357371882772,0.5133144838557693,-0.6590693490743855,-0.8249044640781223,0.7284101005711942,-0.24133368954442178,-0.26443790243363174,0.7753775310365681,-0.6394379018434735,0.6085182547006717,-0.597696054224542,1.2917969569411851,-0.5807022005788408
0.3157557893967756,0.37992519372889183,-0.5468035977316884,-0.13590471738918372,-0.8849120199999758,-0.35822522099983634,0.5248539909580042,-0.2314222061173559,0.323910467403497,0.4772399997237199,-0.1630613372993323,0.4429927342333217,0.056867512925759124,0.5394625965305193,-0.6357634610946115
0.28589008927034554,0.6699172731868147,-0.7189813251349976,0.1771580693434345,-0.5999800753389225,-0.5401245911005753,0.8268722355268595,-0.23789963710606218,0.17210363059354392,0.4970417810819972,-0.381899245289415,0.46402369881264577,-0.13414051309170888,0.7064641282695016,-0.5118668529315781
0.19542980130810145,0.4853572314921261,-0.5591238648155985,-0.13188020868440786,-0.9140408376171327,-0.38231271069165257,0.9802754268456632,-0.24213234481700965,0.2547452650828174,0.46219830119182337,-0.24798878302020885,0.41951787397847595,-0.18738914995248704,0.17468568139290055,-0.6180096230249574
0.5158543187478315,0.7939854790342605,-0.8309915637835183,0.4052428195792935,-0.895205254610976,-0.8286311483804892,0.8097582861694266,-0.22868026025052202,-0.04192423485283955,0.6835010067871429,-0.30636743708415154,0.5604274443043474,-0.37949746588801847,0.8269500199022307,-0.7006187819164149
0.5908401723639534,1.0002762296860581,-0.9815846451328161,0.7397894887817461,-0.8645601765682809,-0.9846428454095838,0.9873729289357775,-0.20787578632316456,-0.2953406307146206,0.6747860352858973,-0.7321111332060704,0.7033599865354693,-0.5021515955224165,1.161286384012628,-0.739267387621815
0.36506414537653276,0.6699404166352977,-0.680750883407283,0.12896013736980286,-0.3852643603355041,-0.6102683938421412,0.5167658871221065,-0.25996996929458727,0.07060269765359649,0.5332076897617376,-0.3492017286965243,0.527632165209328,-0.3369665856290598,0.5572954109721852,-0.7148826135073678
0.507450286491086,0.6640501175142886,-0.7110443916390586,0.20084793395662623,-0.8416322134419,-0.7363033896732765,0.7091502381940759,-0.2730218970264348,0.05994333499321479,0.6163286910947451,-0.5456634336710227,0.49861339015689193,-0.41171461304907786,0.9490445054598752,-0.5885866848981571
0.3160588831356845,0.4936017945151411,-0.589905181893938,-0.0925777205705877,-0.7413915232674172,-0.4087118092237636,0.6390690542498161,-0.2097451438688462,0.29353044305448156,0.5086622335866283,-0.24212296419635357,0.4140215573569644,-0.07940449440073354,0.2956842348554333,-0.6573172991916051
0.1859669809685999,0.4273654316316019,-0.5182138686394444,-0.2029540311348996,-0.7489937645716512,-0.29413394418763544,0.6216961559985388,-0.2987399377460465,0.1674251584799081,0.5061942863919823,-0.20056967199144565,0.37870481977439885,-0.05741834009880918,0.21100987968378043,-0.714347931243631
0.3980819682124673,0.4322325454880159,-0.5336609395642548,-0.061234805214519,-0.9230829143052076,-0.36323438627363563,0.7879472935511261,-0.19037897212182395,0.06680061860991827,0.5067623804186392,-0.17353256864866834,0.4144380377543774,-0.11723302880517471,0.3206008306801841,-0.6410561532803618
0.3323676345991254,0.17797408212158178,-0.2768923403174218,-0.3957553864502846,-0.6442844823437811,-0.13749811702451484,0.41327140973205806,-0.31841827791105687,0.5545235566932094,0.2598350448479865,0.030598925425978505,0.27066350190001803,0.08545926104458573,0.03015911370726771,-0.5483708216847459
0.2555125917636745,0.16642671320019028,-0.3131469891997885,-0.40939899649714667,-1.0070519560924152,-0.19960166620329606,0.5531775062344793,-0.303788830301885,0.38707689144728546,0.46494331385071386,-0.1014706116376887,0.3132008829149376,0.21944410797778283,-0.12087951289430271,-0.692787070698929
0.5141902562268784,0.5546962970234821,-0.6021860724981094,-0.07803497072620225,-1.0216493209875945,-0.5133419025667386,0.5918299925341056,-0.22678860220600391,0.14950571689963713,0.4535768569948444,-0.1569542694403306,0.4873774081457286,-0.1906217899253967,0.4436785997366328,-0.5151641450243876
0.5463349313137124,0.7225859495824971,-0.7847505699220149,0.3313758551901432,-0.9714647075687655,-0.7344479182620618,0.8065878638565528,-0.2917860039925662,0.07143926053152434,0.5244261014824457,-0.2833339906598293,0.578294421334224,-0.3634823307767152,0.7942841623798239,-0.6395578706776865
0.38526293469450723,0.5733736261424152,-0.6524890887006229,0.08881762213545588,-1.061776227408643,-0.5643447635871657,0.6103034337035439,-0.22830311580100598,0.07316243774224443,0.5993602128869209,-0.28682908364294585,0.4433394559368449,0.0048882023498399586,0.43996477481239227,-0.5998580291554254
0.44441689412889357,0.4434727788314124,-0.5823839219315065,0.05198713725831003,-1.149423813135508,-0.4402064172213578,0.7754461644385573,-0.25057429190735603,0.1904147018947336,0.4845859099794816,-0.4180393499807804,0.47802355208399333,-0.08986814474311648,0.158387749683832,-0.5821855793284296
0.37612371939713496,0.835837455970527,-0.8237356809739382,0.4244221597014434,-1.1291394304308027,-0.8437228268280326,0.8322422217953706,-0.2904402654806902,-0.13561642672990376,0.6942531025395099,-0.4034425516262059,0.5909788579861591,-0.3467278449000349,0.847336084097245,-0.7089643164837943
0.6123977991538132,1.0524802004718417,-0.9369729399165567,0.6350222787146851,-0.6362176972875035,-0.9996070990200027,0.7880185126719689,-0.25607858348919593,-0.22621313979204,0.7620558102327968,-0.8019526084690235,0.6922831722023367,-0.5314005485139621,1.2555581936919569,-0.5878299822444044
0.6931853990479496,1.113319097750809,-1.0463072545816272,0.80203202771635,-1.0383186760298473,-1.0960010406594292,0.6814446145102239,-0.3425683189261935,-0.468193462862805,0.7548586376905579,-0.8508513946397984,0.7395540250421437,-0.7851408289020031,1.40198165885849,-0.467347768369091
0.7467854740508283,1.1536198193159835,-1.0538847136399223,0.9486999343977779,-0.8633347914057736,-1.1892500013814813,1.1722687742530506,-0.2437639332365446,-0.40093610386048617,0.8514046929512327,-0.8989039484650025,0.8304704706041559,-0.9059207470879975,1.3420494436631951,-0.6140631606904312
0.8248215940573063,1.4873792524772909,-1.295452357670332,1.4350576273449913,-0.5748435387024025,-1.5189579644391678,0.9054491246708481,-0.28413874956950946,-0.6801308430962293,0.914005853381899,-1.3573027893916534,1.0030218298985742,-1.2765660910929821,1.865771777063621,-0.4925243341609995
0.8792993982075903,1.6060808261642237,-1.3827605005160015,1.8053842049611228,-0.543548921234348,-1.7738707572577745,0.8785549093592713,-0.37162083422731707,-0.6547243680226316,0.9157154786571132,-1.3864733885044396,0.9913173731204953,-1.6574237684665891,2.095855045108892,-0.33944055912880067
0.934643547450775,1.7533631021544418,-1.5292923788176624,1.885085808157638,-0.7929644794820818,-1.9091294433226114,0.35254763591305904,-0.3921220915080669,-0.9421450090341359,1.043793231132304,-1.513738550753169,1.1558086941063237,-1.660225529512139,2.0835467624721975,-0.5576124528788015
0.8248848600705555,1.4514457499274127,-1.2453501657315578,1.5642226712869471,-0.1686661266153213,-1.5387719163409186,0.9921811730933393,-0.3288019782244797,-0.5551588762604751,0.9653146999778539,-1.36377724861369,0.9291462149172205,-1.226523899180661,1.3437458188200841,-0.6930437321078996
0.789885301171663,1.1975982358721569,-1.094560349207699,0.9082268771566793,-0.9142045808017762,-1.1698334291575647,0.8350548638221297,-0.22951958857968344,-0.4711981378393084,0.8242166901540218,-0.9976605678023506,0.7971658529807082,-0.9041034487410506,1.1417020380217409,-0.5854715614067608
0.6450033473797132,1.2206706198543287,-1.0522637325259847,0.9400818443945094,-0.4013587965627447,-1.2013780404070398,0.9262762211815697,-0.24344834268609353,-0.4934253820916268,0.8475859895068475,-1.02751411866031,0.7627812661922089,-1.005259462377368,1.3955721823998055,-0.5178818160414298
0.5990170722975604,1.3317460474379001,-1.1303583685002776,1.1650082459009292,-0.8553516468010498,-1.3556167612906724,0.9888138715423219,-0.2834199687724924,-0.4456358618435031,0.941224243177456,-0.8434668681743713,0.7935166432538372,-0.8431459809600096,1.138029287455464,-0.699553514625322
0.6017035293931623,1.1171289431646412,-1.0627401926297604,0.9388125474073452,-0.8813003432663202,-1.1459658215577,1.428084492381488,-0.32487283014614154,-0.29705992924717084,0.8101002021412396,-1.0660204668184246,0.7893906876284171,-0.9344160558164434,1.2899751394698873,-0.5996342591540788
0.8229275541130538,1.2665233879650704,-1.190578953540078,1.2219515863568757,-0.8244954729323316,-1.5062337857899857,0.9994954168601335,-0.33053116411115985,-0.6434363238117756,0.9130389023122106,-1.2951243126351706,0.8939062267889185,-1.1600115543988436,1.4224228668022942,-0.5902902861542413
1.0155762745702857,1.5956602098703483,-1.38394083710685,1.7728083363473188,-0.710352450901622,-1.7209595056607547,0.9493217983132795,-0.3808797109885574,-0.8148590920263579,1.0771587905538569,-1.434201834814934,1.0363073643546021,-1.5092921896111677,1.5747892216679744,-0.43130476565109155
1.1962412982298443,1.8037386242974014,-1.532493177656333,2.2338891541299124,-0.3556125944352592,-2.017645074472679,0.5807745841197524,-0.47712320994177476,-0.9514615755588667,1.1672991114090134,-1.8828234833382103,1.1747246565039007,-1.9716476603679178,2.031003369255745,-0.5067537745031172
1.1829817830601823,1.928703874386974,-1.6547813617344258,2.3408077651820123,-0.07760961055697842,-2.11756266441815,0.8976527838566479,-0.45430383895278753,-1.1316948546879222,1.2283974328350238,-1.906838731892773,1.2558184095596234,-2.0464928519588104,2.3812249062579207,-0.43272221369729136
1.382201854087641,2.2515843194549556,-1.8301660541560287,2.8226422040694903,-0.15303089935489397,-2.49034573847753,0.25081037389228067,-0.5772965206183149,-1.313786131035515,1.384685121452909,-2.335272085011936,1.4947701440941872,-2.6872412529929415,2.0033180964176087,-0.33935673570392155
1.0941707294691263,2.076551890842754,-1.753813145588075,2.5758129315562437,0.04592494497221153,-2.223912507262671,0.43849058039835853,-0.5869984160668946,-0.9853485373585669,1.1520947508837194,-2.140949304396126,1.3414925017467405,-2.417638928182814,1.9923255699068292,-0.21839885514661767
1.0783506045794053,1.7170248719493146,-1.4894789055104114,2.0223413206331298,-0.6435007222664847,-2.043347176274839,1.0564997859955123,-0.4404383985221317,-1.0792197861351633,1.1391384230813921,-1.5658910976343068,1.1640250964175112,-1.6082935183923082,1.7256781535160681,-0.6128729357918236
1.315245629980422,2.187299450406597,-1.7683934882723735,2.684243200845211,-0.29852345201968616,-2.3968383709323327,0.3069981960733668,-0.596385511408297,-1.335374571680694,1.3655868066931223,-2.4226683116998,1.4335428084851762,-2.534188154768907,1.9395914819547904,-0.26306380465345425
1.094895474879138,2.063555634382351,-1.6883664771125362,2.48947380254755,-0.19574516729461072,-2.2815164305530025,0.11143265246700004,-0.4721161657643228,-1.1882338251954987,1.335730477434613,-2.0407847286328193,1.310850321469781,-2.1436108150448976,2.215034679270635,-0.3617526764187523
1.1122823208872763,2.1086456616567726,-1.6646493871719041,2.529880931490787,-0.3946049023557372,-2.241611081999487,0.7386838118166604,-0.45277038982484963,-1.2075362955288458,1.2618617190472918,-1.9819632916645666,1.2902518343745657,-2.183023850336633,2.0803063855350974,-0.46139052486150317
1.0884065057645151,1.8285321253560332,-1.5151443422549375,2.175819058656697,-0.9652260219884619,-2.0480647647367087,0.8007146460977048,-0.48802426468069265,-0.9016156073926301,1.1082271038374731,-1.6356120906819762,1.1759948869263441,-1.8536367377609377,1.8420584359167531,-0.4648499031376331
1.0950660601661468,1.742774895641163,-1.459699753392874,1.8842486025905865,-0.5212724169035308,-1.9265022413572823,0.9487935338539152,-0.39162498363818365,-0.8790016341916541,1.1753590528260216,-1.7050425323157028,1.1122750329379185,-1.7436674778027885,1.7258827964652368,-0.4133843252685359
1.140021799287282,2.0773732518422094,-1.7614328786638445,2.731509562744515,-0.2701298859441238,-2.3339320501794685,0.7934743942602717,-0.5868983718544135,-1.1614219706249644,1.2712835012052055,-2.2169334483032586,1.4187757771914895,-2.3843406223650474,1.9619245448795768,-0.2285728991941823
1.4467262197385824,2.422090452822263,-1.940624095745613,3.2662390236988332,0.590516744193406,-2.6251450529320355,0.17178084394816143,-0.7634859038698459,-1.4141250579003548,1.4547835528090687,-2.835364525671503,1.6075198698288902,-2.9899776101104325,2.3070637974036874,-0.21632498961376298
1.2521784613472102,2.3020355467996314,-1.8644310982568502,3.0212501944930747,-0.015589847453389023,-2.5655548949284768,0.09555495888939797,-0.5569561374239321,-1.3940062594393008,1.441074975482152,-2.370532114528409,1.4788445817433034,-2.7955817079556557,2.4500774941860093,-0.15059737487286676
0.9506063305986076,1.8644145009575819,-1.5333950226241282,2.1577664231612523,-0.7361004537025579,-1.972970146436815,1.1151528031148377,-0.48718554435456823,-0.8738049646024129,1.074215653528742,-1.8978444425263994,1.2191211063891774,-1.9685492806625198,1.9913782205837072,-0.40596887409755167
1.558418471748393,2.487915678732271,-1.9892445116873911,3.343156332693706,0.04275930912191322,-2.8299711784980777,0.20278508755856034,-0.6702858511167197,-1.6421204659436637,1.5543558199178502,-2.6268107110724186,1.6248423631627587,-3.1888147414813903,2.649163977812965,-0.3490971831882465
1.2548676450385103,2.2439804969517505,-1.804687289483519,2.83786083303279,0.0001403211910529772,-2.4444432586356193,0.4363653697886738,-0.6364244458413748,-1.4139050034506842,1.2917950019437632,-2.3073432477667692,1.463924463898123,-2.7049587630384737,2.377387492461119,-0.3316166830440399
0.8098368090434757,1.8132433928335743,-1.4872158515400526,1.9420840511660318,-0.4654386498252479,-1.811086833926842,0.8828945550438483,-0.3700916170568625,-0.8725738911661576,1.140566134295223,-1.7008805502670117,1.1845459616810985,-1.8461638143859977,1.4956387191836429,-0.3212487382642489
1.0294028075136699,1.6693185295775446,-1.4671902797038587,1.8739903121729806,-0.8177071675973729,-1.8602475490541637,0.7945693902199483,-0.4300352352192648,-0.8084443672853369,1.0769827872905386,-1.4246066109857614,1.1695909292652202,-1.8483040009102818,2.2165783636070078,-0.42624248477268
1.0439675513454394,1.4144410588389749,-1.2956624099676353,1.5622304971714849,-0.632385853469402,-1.610504035498646,0.4667509308221344,-0.28905003638320587,-0.6942885547402721,0.9573560854169761,-1.2364473236412201,0.9418282813923837,-1.252714087123592,1.5844709476517198,-0.441905001250949
0.9858852496224043,1.5960414546967445,-1.4243204911890277,1.822131280540219,-0.8466013035371085,-1.7818360925783667,1.1378396951312888,-0.4248113632098678,-0.858147345436147,1.0138471136193472,-1.347998633148312,1.0666803254302761,-1.529295801868618,1.79771172736326,-0.46581333370632455
0.9224079489679562,1.6047576574128564,-1.4220761514117515,1.6799535723882209,-0.6545746961403724,-1.7764866420804621,0.852490998410693,-0.3645083882263376,-0.8034390684513327,1.0251386744225912,-1.324331311137901,0.996658061436392,-1.6818380609150825,1.4606679935224707,-0.4629848412776888
1.1921032625401962,1.9943134474572821,-1.6991093634048324,2.4590679351294895,0.00879934203899852,-2.2646846657547206,0.6158496367512265,-0.4746649136181979,-1.218696635572422,1.3847410375865847,-2.111318129237198,1.3244881186116835,-2.2209931315934535,2.1125658330493704,-0.4027780323566174
1.6432106205553574,2.7530848425368806,-2.1286577185724376,3.886930704927285,0.49394040453461185,-2.9778257717501915,-0.23592646789008048,-0.7710759006944728,-1.7054842539863284,1.679166718370559,-2.820203216734673,1.80445523544627,-3.3042012146018545,2.553937866239621,-0.027934928018622476
1.2971780058218991,2.1850816748225204,-1.7562847342501486,2.989551991259875,-0.12300029120881846,-2.442520023108272,0.5550342362630933,-0.6077864479941155,-1.2415732907546149,1.444642883021485,-2.2431446081607316,1.4311193746859674,-2.612341495111643,2.320564306731634,-0.2957645729334957
1.5482220038560819,2.5297015635633,-1.959554647485762,3.3398141879052408,-0.014628480793197517,-2.7933842922757295,-0.013821080796408963,-0.7454405692017231,-1.4675018685081764,1.586684124254836,-2.4991008669665358,1.5533047458052014,-2.9728319706971718,2.60832349871602,-0.0458809565218811
1.471127298861356,2.460384874131662,-1.947549582868796,3.276498433646627,0.2487425076101755,-2.7415939017525868,0.3231445713432056,-0.667868088791699,-1.5181494628763006,1.4635009404530301,-2.4993702449522233,1.6092319008185698,-3.0577107201975915,2.2330878594568584,-0.15963335069348994
1.8207320969406275,2.8640668030154064,-2.2414917403584576,4.120327129472031,0.9174783146900712,-3.1316147952995768,-0.20969647558320792,-0.9237830578297377,-1.9863984374101256,1.7354706929769346,-3.194027151365635,1.9091522308125068,-3.706764801081762,2.505174359703175,0.13226689061510816
2.0748984717369128,3.2763208890277977,-2.46901570591759,4.767580563782212,1.4582329511736407,-3.6580704672484834,-0.5389273920242028,-1.079906437782952,-2.0175734592184864,1.9859796529609468,-3.83799383077254,2.2162340151309445,-4.311597439953475,2.6500785790144583,0.06365379371927743
1.9706244580009393,3.096447029943275,-2.4120699660028775,4.605226168222351,1.0384839568952,-3.4706628666224204,-0.24781610665725073,-1.052041353642942,-1.9535982437060628,1.8406190792515529,-3.5148364444588203,2.089657717400788,-4.108018539449961,2.8886441936480742,0.033365530318379924
2.0516339530863825,3.224466164611097,-2.453828346595744,4.682134469463815,1.5047152860489719,-3.537530543269217,-0.25058181912870436,-1.088260126664852,-1.931703366065371,1.914164726046625,-3.58859878075558,2.097725573054051,-4.207684108580975,2.7854173642494136,0.1264876953656308
1.7046522987513866,2.8292935104838923,-2.2262313807651495,3.898105640938371,0.7936506847766771,-3.139568548913264,-0.1343304634360566,-0.9602266848576299,-1.8257196897516779,1.69969569106705,-3.1614331442893078,1.883531559785901,-3.667863425698856,2.779337674075092,-0.1993526784674693
1.4846606232084056,2.492440399142905,-1.95892739611974,3.362855560655325,0.5657146697585592,-2.7625912961251426,0.05749132772370223,-0.6626019006686086,-1.55466648468716,1.4738371806743304,-2.644068954271114,1.656769912806384,-2.9664222651762513,2.5900253513018714,-0.1560281630529446
1.2083348540075702,2.264417234820443,-1.829301600176164,2.841241208572236,0.07999378096542117,-2.4949545946447116,0.3177258787478224,-0.6187716161510215,-1.3596657884427568,1.2837170095742352,-2.279321615119331,1.4516278505932334,-2.6926434353341473,2.094500477088243,-0.4433624695395969
1.1795852212969105,2.050723528128951,-1.722415676663604,2.5366417760590205,-0.25412715034099576,-2.2908812060366013,0.5550146468158779,-0.5235213342452305,-1.1341364807470395,1.3159505776770946,-2.1653409340977463,1.351823192112558,-2.277618884343441,1.968944204905511,-0.2717204401359453
0.913711815633872,1.4550585624682837,-1.3052908749551257,1.524040759210041,-0.868209989808889,-1.5110548761227478,0.5715338232773677,-0.35245809255767246,-0.6777928668134953,1.0432198245991917,-1.412882174500354,0.9492057675327021,-1.3059661097055455,1.2947600454450396,-0.39319178680717753
1.0525166957323482,1.6651065090147226,-1.4243226002256513,1.7887587928005237,-0.4855196985877425,-1.8304437041713293,1.0184669473343775,-0.3857007309897775,-0.9248919728078732,1.0587505762809464,-1.6620509777309775,1.1179205231070477,-1.6256879244868312,1.7883236792866841,-0.36102261107731043
1.0410262990420691,1.6777797029356616,-1.4223071183662421,1.9327876849422365,-0.6963633858573292,-1.847955847813924,0.7798032391041515,-0.3590523610958669,-0.9826026200584167,1.0967202061644936,-1.3873346535298543,1.0454491689933638,-1.6122261183359476,1.5759404705624898,-0.533192427839352
0.6907606147106651,1.274964342641815,-1.1235157660883917,1.1960876636237163,-1.060401462735683,-1.356963636855071,0.7847381000469498,-0.20197908823389432,-0.48721109066585777,0.9375261409123392,-0.9202072794039606,0.8418227157795587,-0.9831191517994082,1.3147267542377488,-0.6161763128104575
0.6557993308513985,0.9183903035702278,-0.8734820018773015,0.5163358454550447,-1.00736140027044,-0.9118126198757676,0.6792505295257392,-0.24763641787110863,-0.3438727083928616,0.5626250409180045,-0.9431895493743405,0.6615994074885464,-0.4741880035548241,0.6542327830085297,-0.6531617046319503
0.5747410268683151,1.2040481846227011,-1.115706385107595,1.0502103774444567,-0.5658841282696887,-1.3209286849608726,0.8763861759967462,-0.29727911627943326,-0.4880705234859504,0.867719430769085,-0.9465499330858324,0.8294816311345922,-0.9450518033998319,1.5263625709336548,-0.6367786061326434
0.679863293408717,1.2382205702738165,-1.122556783267492,1.1354417527675342,-0.8440642494867344,-1.3534484762728738,1.0896502675856579,-0.31593494480697953,-0.5758277311402581,0.8609717554176316,-1.0339542117132146,0.8361073686460626,-1.319717059188876,1.5408367010101192,-0.5175204654948014
0.5694164883043134,0.9016471457251212,-0.8790167002392999,0.4345534418559266,-0.8110523930619338,-0.9483722398823773,1.072943318372839,-0.2826259449463829,-0.19388579651595034,0.7113842726661618,-0.5872631255756434,0.6745169098148128,-0.4850067026677676,0.9983041695595604,-0.7464032923024443
0.41576600280154896,0.6790338905297572,-0.7902599504250747,0.34578602175220463,-0.8943345977817827,-0.7027140484711144,1.0034866075549502,-0.31135962845788256,-0.07127307300937656,0.6912078944520961,-0.42354852559759515,0.5132199166880987,-0.2613182965776198,0.7573017138219054,-0.6650559536821878
0.4087176901450247,0.656076450778002,-0.6625533304528122,0.24168702503269862,-1.0835358207309689,-0.636705771746859,0.9075739345531536,-0.18504225575642302,-0.009870954292072768,0.5810906809688328,-0.3236491982825975,0.520691862748974,-0.166197607359957,0.5446678481396319,-0.5664450981050079
0.6020335723259947,0.7430852404794315,-0.7646488635540297,0.24614360824897002,-1.0504421523313436,-0.6452361149670105,0.9038311250989829,-0.31904650782354327,-0.06517702209962474,0.6121982428129629,-0.4514490068077191,0.5403535299829122,-0.23730090256484138,0.9758820592230651,-0.7168907542834512
0.5552354819890093,0.7598041560758587,-0.7956489425177273,0.3656106060361156,-0.8968223165858393,-0.8120567367384688,0.6979405873277317,-0.18331852703996318,0.04229834837695926,0.7142643682269262,-0.5609896193825697,0.5882712653959483,-0.37759135864344384,0.49050129434458933,-0.4735196415769468
0.4701317108973078,0.6886115733396949,-0.7138589820009685,0.11964364242967261,-0.8905605955426694,-0.7095172843614024,0.8772807471705689,-0.27264799517887217,0.015370688174316787,0.581551941253406,-0.5844601525794743,0.5565099727943211,-0.2357684922065021,0.7552496210830411,-0.7590119989072661
0.47744335452887576,0.7935203897378622,-0.6643517392500098,0.2899846701088089,-1.0723739766559937,-0.7437034606470598,1.0246212991167305,-0.23537512175973324,0.014431190732397757,0.5143746863463843,-0.6466116086603196,0.5861543309029619,-0.22993282121270855,0.7026008881624158,-0.7076492929879376
0.5046209300759452,0.7027499846719014,-0.7330458721911538,0.2723578390390573,-0.7630445922506478,-0.736779530463766,1.033558568781983,-0.31252417316849374,-0.18766473945698664,0.6565019234577683,-0.5596150947952313,0.5842844157502317,-0.17745429161408954,0.3824666296626666,-0.7014777226160798
0.4193531893886546,0.6222481237377504,-0.6914288136921702,0.2605625756345316,-1.0854364682978006,-0.6734177059494858,0.6604483911310103,-0.2635642036099834,0.031234588026208984,0.5664025671943166,-0.3984440761096237,0.4820481260893738,-0.4986971398786512,0.6908794614931576,-0.3926219068296441
0.30901400705581117,0.8140949988417686,-0.7921015824383297,0.4028973191418161,-1.167643452492324,-0.858631404848119,1.142812697460677,-0.2806900730465626,-0.0694934263557079,0.6322592056545626,-0.45867599029779366,0.6163832118883371,-0.35565939530322027,0.7061145600321378,-0.6291176207061979
0.3966667803084585,0.6927483480659686,-0.7323042874221205,0.20144439112572013,-0.8901972378045726,-0.6708915762277111,0.4568292970528937,-0.15122444973855703,-0.06018874099206,0.639266632983827,-0.4297344203551974,0.525012551516666,-0.2399271553665735,0.45680754283648145,-0.6889196550085155
0.3802344980065533,0.14805506666447021,-0.21396021374735774,-0.5648446069845954,-1.0151372275228556,0.06064375881505954,0.8888927879353344,-0.3176933055596237,0.33697049125725376,0.4668456229269819,-0.034350907087829285,0.2878617367957478,0.32276873356051783,0.20925107395403855,-0.5441873975801923
0.343989177868629,0.45834722872454425,-0.5043185578687207,-0.1961264688879543,-0.7331787721971529,-0.2890865064429176,0.539969695293375,-0.2829632887052281,0.32920449693016446,0.4497698510245146,-0.365633174296494,0.3637228897677366,-0.05549801683476208,0.6372079053170666,-0.4740063100210798
0.1872281634694586,0.3272582302202328,-0.42893824120235213,-0.13340961390584025,-0.8842191641144447,-0.29709835665544965,0.3373516751807192,-0.265659013947978,0.23286083872748994,0.3491245646461435,-0.13546972807565635,0.33346246632501564,0.05981705268053062,0.33005585587699393,-0.694643563628743
0.44994423157469954,0.5186571048783802,-0.6316822771352424,-0.14520110767584457,-0.7531212696001796,-0.3544928590073112,0.6772347380182426,-0.2527850480554144,0.29876476587082523,0.4883465774967618,-0.3100962633684606,0.44513489378116355,-0.028837191775644398,0.30469029298203537,-0.7291821031078386
0.3397522415391668,0.34394132723039883,-0.5100287556679635,-0.26518365501899305,-0.8375107025071213,-0.2751576393710611,0.543603254478475,-0.18513442014561007,0.20125603470599662,0.3893673427759996,-0.2657558354586017,0.44617428276770243,0.17578945125108736,0.4458653142043866,-0.5648268313560331
0.34521720223248986,0.3261252938077777,-0.46397428336650304,-0.14442154075646824,-1.065928192199503,-0.2656185292508615,0.8235445200052788,-0.32310239098442256,0.24917620570730795,0.4612948021702201,0.04047253927843983,0.39496968531666204,0.1622907995172127,0.34084814699161403,-0.6833479234855862
0.37773741102980823,0.17105771340829495,-0.3342577609474863,-0.3880755334186493,-0.32510076280990385,-0.15537419218435397,0.7987875552675059,-0.2103149709957326,0.3427058765696234,0.4483050672558664,-0.04507529270475949,0.30901784277498856,0.24085138079678176,-0.010448021870279114,-0.6617441092892205
0.33573790478375887,0.011687581924541182,-0.19189017699363142,-0.61901522903896,-0.5831648455858538,0.17140620652185035,0.26859305158484964,-0.4410075579886059,0.6154077218121067,0.3196189945421283,0.27948045494609075,0.2422759505594086,0.40028486186073825,-0.0304772014260487,-0.5716902100115282
0.1368691093616951,-0.03302936757898395,-0.11727930790134972,-0.7876605699861968,-0.47875178727339585,0.15133604993044167,0.001112867353802314,-0.3365199468315944,0.5426866687078677,0.28342624878570455,0.25172254639288844,0.21110151317455125,0.4531992695848668,-0.3264957891337283,-0.5971157806598237
0.2187681668568715,-0.22436775878662124,0.07590032037460183,-0.9372188636570512,0.07986629161853322,0.28315753271941335,0.21157040355001308,-0.39231724069861423,0.7482766166164546,0.09780184115473561,0.17611454472190857,0.19060710703777944,0.43036369498385507,-0.557538289902056,-0.549331783901381
0.222917335265569,0.1487450181834604,-0.3163011620250425,-0.3935172163801855,-0.6363848356820407,-0.08707328098187898,1.1011668304356472,-0.32450798141938125,0.5217478557303956,0.42865867625663234,0.036157882090940854,0.2908992358811735,0.2636311977797296,-0.18447958380617382,-0.6522607311479668
0.26903132363794,-0.09192576938786495,-0.05169281298457951,-0.8048139239316714,-0.6333793542992737,0.20335061996282092,0.3707198192837493,-0.35487070835105017,0.6889263137028158,0.3392820076734341,0.21865608666769523,0.20485964267639872,0.3695769361786661,-0.20123103945854526,-0.5155986963478411
0.14698722432609715,-0.1301206775325969,-0.026035692901666147,-0.6773900102927374,-0.20850627107018144,0.22179450104900741,0.09942920910281726,-0.40320566790679224,0.6227051605948695,0.18160241708612943,0.3093335296230892,0.15681245544474576,0.48764582858834815,-0.2411803584027095,-0.7269658941677685
0.32109142329589546,-0.25056184622222755,0.12120133527347347,-0.8334319607713307,-0.0699622245167668,0.4456692926405933,0.10609605162140893,-0.4149992253741355,0.8354592616012454,0.19062746572851264,0.2535893532892542,0.17019319769989008,0.4814172491313063,-0.6486289648803818,-0.40136666772466006
0.2863810471863016,-0.16285947072030535,-0.09586924916154824,-0.695963937326408,-0.5915978827582644,0.20099424637571972,0.3953777308269287,-0.3341735279229399,0.6690000785629152,0.21461700599813818,0.07380298489206297,0.14538270387222837,0.39367333946227456,-0.45483744787587466,-0.5358694157789927
0.2853853034269467,-0.016456125173551998,-0.18002666762781644,-0.48579677902338503,-0.5549707462411793,0.0728466146258205,0.25169598064353854,-0.4192056973320278,0.5546440617873507,0.3750260395983982,0.12959757050345835,0.23034685071432187,0.34592063076697316,-0.05008402934423487,-0.49646911987653963
0.1781697261560584,0.006577812001194772,-0.15196003783453765,-0.5408680271964423,-0.9800630216846201,0.058015870051432675,0.4767505912766444,-0.3532733994742278,0.6102937371107613,0.2713381541574393,-0.08278566815224132,0.23520011647557118,0.3738060614773856,-0.3435381433987886,-0.5527452816530494
0.1580437267335195,0.010138767144764273,-0.14769061130330594,-0.7284317442006001,-0.5304035839776685,0.11385578977031653,0.4489276839285362,-0.288880122129287,0.6987209450875407,0.22828106231486034,0.08168306236166216,0.22330932524941818,0.21527891236316107,0.18471017546468357,-0.52322866207529
0.11775295044960803,-0.01611660368029103,-0.2205554490667903,-0.7326225030730351,-0.16506364538216545,0.11564992709154072,0.33329470375980996,-0.3535396195535465,0.49981610465212156,0.3699902331803347,0.05278130794071151,0.16859507725322753,0.4419705487887928,-0.3811417881251018,-0.5888635393542473
0.17217554032144636,-0.14499511210598215,0.0028353924421733795,-0.7584187874154019,-0.1401411253196388,0.34080842723724186,0.1430471437276692,-0.44987549598295673,0.835512071655825,0.23416367751209924,0.17456630317189706,0.11469586350642254,0.40304798641470124,-0.5305471926099422,-0.5709356512402725
0.18353776156721524,0.0672405860105477,-0.19658727187688693,-0.5009571007611011,-0.6004001836189657,-0.0021740715260733564,0.72878402723336,-0.34088485218321074,0.4850508934442766,0.38353799646114983,-0.12631482117381854,0.2785770665506039,0.2469472036134611,-0.1280664232165991,-0.6734126428947997
0.2945513848820278,-0.06777095552863477,-0.08885355049268003,-0.7467949684084118,-0.5075513672495846,0.19283822397654166,0.13378429073938536,-0.33143722846216206,0.8455722176554586,0.18790540709225179,0.222021332394787,0.25724257504585485,0.3254854486920424,-0.41001735385793275,-0.3979136620310935
0.2691091096667893,-0.03698321289387105,-0.08281461654412911,-0.6940482904113286,-0.6034690827850958,0.11641492402446578,0.18896363330022398,-0.3524570529113763,0.6624780361855306,0.24705371296677298,0.2616473996327303,0.20009935265209963,0.3971437856156788,-0.33756071631896206,-0.6215189762051136
0.4340617958339873,-0.04969995041958888,-0.1474551251724678,-0.7287732143396304,-0.4284884179393257,0.21763464555646334,0.14088070804275202,-0.31640327052665035,0.4681716293546179,0.3487430359987991,0.21330846241536547,0.20655054995921032,0.31186886565792177,0.029597378657250612,-0.8060064721289653
0.3761775149372746,0.21569592032723905,-0.3428928602303741,-0.3895947263608466,-0.6742726074294434,-0.12705046035982775,0.39371869725583225,-0.28603930914823933,0.3506182934447205,0.41744374932039413,-0.0636861949707719,0.3280773219004569,0.11025719528879248,-0.4414778985612884,-0.4866046648282662
0.3183049461897639,0.11931982318643071,-0.2804260673734533,-0.5874833594562047,-0.7883435078141624,-0.08371999600189962,0.365163890224567,-0.3728420938350683,0.5392951311577133,0.37523121298893586,-0.033708207266809356,0.28607515289446045,0.27766742090728397,0.05226703721250434,-0.6027614239774001
0.36805925340912726,0.6150649640136394,-0.653625653643019,0.09033868085888191,-1.0193886784522186,-0.4677094007281236,0.9125711888651907,-0.3369586502280047,0.06287871538511139,0.6339805118297724,-0.2775365508305673,0.48819558333109303,-0.11967339062841781,0.5484736843372378,-0.511746842317064
0.4947785577072361,0.4300446479775513,-0.5792676163196304,-0.15880262682372934,-0.503994884866709,-0.4385824775471173,1.0391449930829435,-0.27082795097948037,0.30492075989798134,0.41427075892700016,-0.13504057058001226,0.4021868573719452,-0.060815961644587406,0.2476795849386019,-0.6783810988211192
0.4514624925031692,0.7952585935294195,-0.7592690933401649,0.30978442668333395,-0.6119828500446554,-0.7505844505978366,0.5227293723146663,-0.2578136582681269,-0.07964091754153979,0.6407072093106746,-0.6437500751810903,0.5522888557428282,-0.3515945571996795,0.897953498729861,-0.6425005919377962
0.6204483647613833,0.7291209104739003,-0.7700777611660836,0.3037337628722343,-0.7559490452493236,-0.7741280381361733,1.246883508041638,-0.23265012250982195,-0.07676599391837523,0.723318997146651,-0.5023305708071805,0.5423859387166345,-0.3178171677999813,0.7540444271467361,-0.7139785446128577
0.5862193490098347,0.7369861255706616,-0.7653977305420477,0.22971506245092682,-0.8036042302168954,-0.7289277699133857,1.0192865284294899,-0.2418831333335545,-0.08287765688809677,0.4937051190004816,-0.5314584156947886,0.5418881939732648,-0.343521193042782,0.7951595949889004,-0.5201454143764801
0.3411011913398815,0.5073099638602357,-0.5693845277748482,0.08914751703834325,-1.04041473378138,-0.43550995200617004,0.8797042234824665,-0.30170796381616727,0.11359266762336465,0.5012432814739135,-0.11527548231259202,0.4365860455650249,-0.02554958207704187,0.6634481188145384,-0.595021849251484
0.34547579750152607,0.4954433086853846,-0.5371243407193659,-0.0025676115225940674,-1.3789944918451094,-0.4031007872216607,0.7274976821539949,-0.2600862426401518,0.03303354381389332,0.4939071146603167,-0.3543144857737797,0.4205592196649429,-0.09158575504113647,0.5361731733442816,-0.6784464303344033
0.4193089637091787,0.6383420107356796,-0.6591509728631293,0.04525656441162086,-0.7174353206033182,-0.6372219404661107,1.0206953106040049,-0.28870557863319424,0.14279639561764482,0.5818304651070226,-0.35035030910546633,0.47840488643696916,-0.3595036374799694,0.8097393398654795,-0.6845389464538375
0.5448453446847455,0.756033498456137,-0.7557128698195034,0.16749555888143314,-0.8165473817719681,-0.7439535013677926,0.843720823048135,-0.2787852140415373,-0.1004720642613147,0.6201070912355432,-0.40268738899282785,0.5427571244230394,-0.36542116234628363,0.3884246098896062,-0.6220797154989413
0.46538685758128767,0.5220402057444845,-0.5057737315624327,-0.09817158112276578,-0.8490982760502653,-0.38434459620714506,0.6809479607312955,-0.24480293488254837,0.27592103409483515,0.540216399909975,-0.17492164288173648,0.40555263210388265,-0.10939138746287529,0.10839063048720313,-0.7069288175740487
0.29969193973674724,0.3363601969521324,-0.3979278387709689,-0.34319776203662994,-0.817558841981506,-0.22625760713894355,0.4151156628837197,-0.25988345465189644,0.33956192106766925,0.45950800353048704,-0.23084754375077118,0.3356021918328725,0.1287561580886964,0.0672650913922274,-0.7165865452456458
0.3103453435191604,0.38111112037568,-0.43031287746316454,-0.18705578200547862,-0.7574359628297185,-0.31294158565752445,1.0073051631912577,-0.2884997922732809,0.266502274740389,0.39699044279488516,-0.12074939172683387,0.39634233380799916,-0.022522456373574116,0.3123517310007067,-0.5240087086372657
0.41772481424919183,0.47796193461005265,-0.5439408232178741,-0.14180408339587264,-0.7457349326887488,-0.4009610867620908,0.5173152317161945,-0.21802298998163835,0.12455600655973824,0.4480267619560917,-0.321282955603554,0.4438449642418111,-0.09052439156459798,0.46697327630688523,-0.7454092953703628
0.5390297088654206,0.8211584405048195,-0.7251767388103872,0.20530742680531416,-0.9926621375830974,-0.7302303078653093,0.937038229419493,-0.2315170825563095,-0.08116511520025613,0.7192127909980315,-0.39710057729251313,0.5959311556081002,-0.3623825597235719,0.9537816066329788,-0.6879563749968969
0.4658787661953366,0.6516173685417883,-0.7175003695841038,0.17562905800805279,-0.9223768530927906,-0.6118844928427507,0.8594374654524204,-0.1975259701855491,-0.08164871132131436,0.48935722458354153,-0.4145253617047311,0.47053107415800993,-0.3336506641325012,0.5631304093185266,-0.5020227043595252
0.5558809411650558,1.1008964733528586,-1.005664990206269,0.9063766867804326,-1.0456065328952997,-1.099908964923627,1.208506903934374,-0.25855700693689654,-0.30787321280587554,0.6263354542872734,-0.7261248992031131,0.7164878709878575,-0.771603296558794,0.9785605558421665,-0.7409775196264179
0.5390990086709012,0.8562714687899649,-0.8846198125074911,0.43869673880321014,-0.7918702483870905,-0.7859102640146296,0.7425607369829765,-0.2049144220153622,-0.20284844537433547,0.7042940955413692,-0.4965728030807503,0.6076787914870686,-0.4721343742391489,0.5211547631113548,-0.5651757169261302
0.49788969183060944,0.8166526085182793,-0.7958479837053023,0.2640188564154011,-1.3293001273890355,-0.7076998425357051,1.2914163721464011,-0.27719324893234876,-0.17173779825659,0.5064039527002056,-0.5442137535983114,0.5335080370327736,-0.42273584801645553,1.0973957666097036,-0.8298180175144282
0.45450600096941796,0.3108185904896542,-0.3359916445394467,-0.5013972453120034,-0.7209788096451253,-0.12451292241696352,0.78650230367847,-0.2975084947769428,0.39046064225791843,0.3697814403671227,-0.07451554142671966,0.328338401539992,0.05844958037811999,0.4940096856210375,-0.427697099625708
0.35218216095374,0.45184107874878243,-0.5492283671552418,0.10031797901936369,-0.8025074443217732,-0.43650709905265606,0.6611442773178358,-0.21924612456912776,0.1629747992573476,0.4710998105796211,-0.1396971341259431,0.3991712896134417,-0.07508565667101251,0.3855689626053102,-0.6225905291426176
0.29896183703151347,0.48172425058067603,-0.5898763882438036,-0.007240907338486853,-0.7257436013858746,-0.39404099785094426,0.7195396223128816,-0.275688516170659,0.15553327695639269,0.5151364553645341,-0.125701399964726,0.46107425371457295,-0.020219390347820894,0.2615338741428907,-0.6381937381464612
0.4203853912918735,0.12467930196601623,-0.3005142840526773,-0.5208017795916231,-0.5260264888211247,0.05900451546305754,0.49369224834777203,-0.3562367141879535,0.5166527229938491,0.3824317041708019,0.11368861063747411,0.2846565030401212,0.16352089916146623,-0.17699870023481318,-0.4882043492618796
0.19247965190667013,-0.07072947068981705,-0.15262378799050338,-0.701556653560044,-0.6277896533747575,0.11923280960940602,0.4381746925498917,-0.40405332172619424,0.7128148426539486,0.3916730167651293,0.24621052239106994,0.23308576639230216,0.5362766577442444,-0.3864945334855803,-0.5488242431164053
0.19902205964099334,0.04682974214135993,-0.21826841264547572,-0.5709900692924283,-0.8355245696395622,0.039517330594003926,0.5315464278749923,-0.40885411245525066,0.5352539449956605,0.3204469682097283,0.10914358331054361,0.2664694832690838,0.27617819049376724,-0.10463568048517477,-0.5020616421506352
0.20707064276843118,0.041405617640460995,-0.19741100314073634,-0.5679303742844121,-0.5385144666345317,0.1908273288404748,0.6194231865017784,-0.3303599218315071,0.4786080726324329,0.21425315426078442,0.3665889677525628,0.25921116719708037,0.33080856106136475,-0.3458693757970028,-0.5858673000071316
0.29099870539784406,0.016374041532596452,-0.16408869409771418,-0.5316103824261993,-0.7584989867033735,0.09014381481044693,0.5870181844892478,-0.332593937908245,0.5607978112547783,0.2672761189163108,0.02141421323686918,0.2516337557065146,0.42204291756126866,-0.35464597540308834,-0.5167008380194532
0.10000400914661557,0.03130824725722766,-0.14745057653682878,-0.6912889510921975,-0.6746831843754425,0.13248833588859119,-0.12555878560827669,-0.3188261439119063,0.54287481043011,0.16908972796763194,0.013112777131841861,0.22178470833822495,0.31675132775295073,-0.1536801503186886,-0.4069337537379689
0.2557230420332069,0.08867687999970988,-0.2534698478183324,-0.5135346395576811,-0.6894631873224425,-0.0832540463787962,0.3031109994982521,-0.292595075384595,0.4551472887930891,0.3765615450508632,0.05116917078667774,0.29764208724025,0.23075977283484378,-0.42264942809124795,-0.5290041572113596
0.2560860626648006,0.12580914952789604,-0.2811564107636056,-0.54718354185205,-0.7797945373683841,-0.009425668626319288,0.36981009869404863,-0.2891664541218678,0.5735678435272589,0.33258068667456814,-0.06994047206212259,0.3114807902578173,0.3189118323377837,-0.014114928697512245,-0.4699798989461744
0.34958166530127394,0.44715723952377356,-0.4887963828870139,-0.1426320387571332,-1.0071506769022807,-0.3266612929991463,0.6830763785797971,-0.2914804410196992,0.2117002151980723,0.550040148075955,-0.06473600905229773,0.394947556280585,0.01917146349063473,0.47807712487307263,-0.6172414862127464
0.42922746157979136,0.3930379315624499,-0.49329602906105524,-0.20045322551124298,-0.6120759388880894,-0.3868579905394409,0.6821408438110217,-0.33845109943455237,0.18274424674824188,0.4857854997281943,-0.08327533382613261,0.4079450363963317,0.18633896888090273,0.30965743715474214,-0.7208475301287979
0.3311988374818638,0.2631202322350871,-0.4117642887683118,-0.28252048845137934,-0.7719190036914677,-0.2290075361385839,0.7182782012263449,-0.3746319814785708,0.2909936374757347,0.35601085498177537,-0.19870460661595166,0.35414136934459683,0.026854953171162533,0.2723002724087695,-0.6751098840611959
0.3026878149111193,0.39253336312482784,-0.38396272999348513,-0.36877785086045123,-0.6998503706937624,-0.3398891292601893,0.18926079135264912,-0.2869325626837067,0.3376850972637438,0.43896419750121835,0.021625003980234557,0.3606730096478704,0.015539127607215191,0.10543663650230245,-0.6160252676512566
0.37015913819220664,0.6192825500868534,-0.7379686135387667,0.11586910197687994,-0.8704078911000743,-0.6254524546296333,1.0243015107571194,-0.23353127834808712,-0.09347844196097284,0.5633698507191366,-0.3781544636915933,0.5599650358828836,-0.10594732853429911,0.5710293539167722,-0.5713663986822345
0.42253871396339016,0.3954430059733869,-0.4715339756491147,-0.1756687604715488,-0.572849088983269,-0.4121714110744609,0.8489067442631032,-0.33222781811277324,0.19584156322501284,0.5834793473842568,-0.22591402544643893,0.3942949233541285,-0.018992971114128607,0.6871763629509898,-0.671437292480013
0.3743457180867218,0.39107742839468734,-0.5070004613303557,-0.2902844543433742,-0.5447181893419978,-0.2569177733715587,0.8874737291669444,-0.2746032229516445,0.31055633906653335,0.39903896723900134,0.01086184403385612,0.3878321242992875,-0.01616415819226227,0.20806865078438747,-0.7006767554733506
0.4639660675623173,0.43169821146747356,-0.5069089780038306,-0.03557046513692007,-1.2417347382508417,-0.41317783480192893,0.889459108277919,-0.2480339408392444,0.15164427749384646,0.3407810051031536,-0.1779564274553655,0.46732980509209004,-0.11714315500141946,0.4352268089363139,-0.43946767224388456
0.3870615072226946,0.4618572780724714,-0.5827652277308001,0.09184877738810994,-0.5072053919078303,-0.5469610891619122,0.7234396464525731,-0.3061866088175728,0.09414759705223479,0.6608129934853563,-0.28101177329923605,0.44300015330966824,-0.18867144963974974,0.5068880753046427,-0.6482368734712888
0.544594790945265,0.8886395542378275,-0.8678380170104223,0.5028898509478718,-0.5228475938239711,-0.88007809720625,0.6677908169789216,-0.325070266138327,-0.18250990888056917,0.6480784940099282,-0.3975137053264913,0.572556446949176,-0.3950640517071311,1.0107182163095187,-0.5850548076422577
0.5973164350429063,1.1034134422626836,-1.055760075524128,0.7550844212173747,-1.1753151679462526,-1.1330972442142642,0.847896040343526,-0.22694748220522998,-0.3525193391929416,0.8837717638343764,-0.9222142588141027,0.732667461246061,-0.7526452650444719,1.2395014841165053,-0.5829520899663769
0.6031860037859734,1.176960239211065,-1.0843526489670623,0.9718675159472079,-0.8479541942114313,-1.2835278951790086,0.9279595399931423,-0.23713629516429882,-0.5199922898444507,0.884680946274756,-0.9948258384574562,0.8214848323157778,-0.9430908147197897,1.3034859640469627,-0.5753582788603242
0.4345207035070097,0.8475374718036753,-0.8410939828829598,0.503273544148669,-1.0096468986796479,-0.9003274862912931,0.9870983341282404,-0.1941125788528133,0.015288798626905712,0.7173472845083647,-0.5663021288554674,0.5977010157416652,-0.47731292563300926,0.8852305366411787,-0.561990888534351
0.6807900643898513,0.9953451112565007,-0.9378814205043489,0.6325796658095546,-0.6331122101395684,-1.0891612846451373,0.8088941208313547,-0.23125833185025696,-0.35054433958085934,0.6557495685984395,-0.7563205009053654,0.6340627631161458,-0.6426051383289497,0.9983191581458714,-0.4895643462711166
0.4431514306563796,0.8039225083442014,-0.7786625078734103,0.4456803639322582,-1.0769062733155133,-0.752310830893275,1.0645798343084947,-0.20298061485873825,-0.16630073669700998,0.6848194095114619,-0.47626632229965676,0.5819351746284627,-0.4320421924571783,1.0897717245244616,-0.6077192782957512
0.6354671946324102,0.8777303052183533,-0.9096115283303958,0.5097525128661045,-0.8528335585636719,-0.9806741874261983,0.6848794325558314,-0.3394029806554913,-0.22240214232308103,0.7470802766873801,-0.8206319938083424,0.635834728409858,-0.6163007618685011,0.912335282654169,-0.7975261165080847
0.5165661984402284,0.7776405747737333,-0.7970855872969381,0.4764769599418664,-0.8049301876172502,-0.8915567209040625,1.0802488559681098,-0.19153308032580757,-0.16296102341395488,0.7411098241688918,-0.42756289172071754,0.6159051074914015,-0.4400491282170298,1.0514301157471233,-0.6829078785860794
0.506881468333506,0.8086924439190348,-0.8326694125964499,0.46631745867760316,-0.581917669102595,-0.7674467836923164,0.6178937730994726,-0.28657416663060725,-0.16240947064319347,0.5727284749217182,-0.6615632070710614,0.5583128869732253,-0.4833551818372352,0.8407246902781557,-0.5590541173560548
0.3975767490949232,0.5943541359318071,-0.7055487493808233,0.16419253016122942,-0.9344328974664018,-0.5867421084249281,0.8806127978077365,-0.2984720885513626,0.02992715758263732,0.6700898299012966,-0.4363823150841106,0.49119992249046085,-0.10813985323247823,0.8829630244330818,-0.7745023130648194
0.4996435552582325,0.6746588176440821,-0.7229777456010581,0.2906328191757408,-1.1879907316016218,-0.7168023231177326,0.5108624531458583,-0.18313011943648627,-0.02522485327591543,0.6049553661818733,-0.6026884127204943,0.5294197222753522,-0.2516450162559674,0.6737659326863448,-0.6463480855312614
0.6879702484221528,1.0057826154213525,-0.9915407571498989,0.7927920690157049,-0.8380817127551222,-1.1192303619688646,1.058616148181046,-0.30104344099350444,-0.39833207929456477,0.7973869830080306,-0.8190696700207405,0.704896885054119,-0.6941297400858034,1.209132119021237,-0.7984996180676645
0.7296124370502187,1.3822456823389497,-1.2188438034657874,1.4600743498355075,-0.5587049789175188,-1.524003820736362,0.9494773498309436,-0.28893538988542156,-0.638180591315567,0.9602153034175286,-1.1905875415201768,0.9076476058323595,-1.2116080475817024,1.4259502102363997,-0.37934438185774494
0.9214973398136955,1.469729611819019,-1.344216107824328,1.5021493883085293,-0.8684282707849115,-1.5896408109829037,1.0297687073436765,-0.320368786036754,-0.82591851171535,0.964201203432322,-1.4021432858686949,1.0265449534615536,-1.4041275467350767,1.6155963042764554,-0.49201347631105946
0.9352105626841337,1.84988915506061,-1.573286587600818,2.1185172877511205,-0.5291701167484213,-2.017328273449248,1.0861640905790146,-0.45033614391869753,-0.926401271061496,1.1474896776499488,-1.5913963246050473,1.1811336729709108,-1.800648292378543,2.4243125600946205,-0.3542844756692747
0.7813324315586468,1.64508241164009,-1.397244514716713,1.7089764715501765,-0.39431772889093814,-1.7132635762803758,1.22683512918474,-0.3969108465614534,-0.72367689179487,0.9867745084868167,-1.349111539272734,1.0370112048257294,-1.670315273815571,1.809528893161213,-0.47541095028477887
0.9755652841125912,1.674738444382876,-1.4556912805277205,1.961207005781433,-0.812246188120479,-1.8581675064677194,0.9007366011133406,-0.41116059951730066,-0.8912768327679105,1.0703283513171087,-1.7246363052273925,1.0986562505829995,-1.7123384862008353,1.850831920769704,-0.48477967227202245
0.8337000550536877,0.9815519995892182,-0.932644096806351,0.6388994673583391,-0.9392533049060346,-0.957622329797404,0.9161631283022771,-0.2183757665577783,-0.13783561963562407,0.682138296836462,-0.5522587363695417,0.6969619491258338,-0.5214711374654077,1.0328666284457706,-0.6251627148389779
0.8311927826450722,1.3876363387087638,-1.2207402648608874,1.26429785231041,-0.527299529054728,-1.471402012902501,0.8874715788688213,-0.2683210737042946,-0.7500191108235493,0.9516705505913914,-1.170639150676361,0.9138106665092524,-1.3236039184712165,1.4017755308503859,-0.5363520702465814
0.7654437875918628,1.2823608263212425,-1.1750369267283682,1.1866521803630221,-0.7546601965734344,-1.3195922071330137,1.135673125794597,-0.3735911314345965,-0.2592836417600904,0.9269613872143427,-1.0841392184166696,0.8748573084236535,-1.1870025874487333,1.257971262765854,-0.6378702727919667
0.6924342341918839,1.5759366500694196,-1.3030244017687318,1.7725081535198266,-0.449245619579777,-1.673006793217405,0.9608848688843525,-0.2977537693758694,-0.8207894581174585,1.0155729536659919,-1.4822920430714037,1.0275730842144053,-1.47598183493095,1.9467067831476939,-0.5318629929892055
0.9136335114433088,1.597863537463869,-1.3981828020908973,1.836518652176091,-0.541596601260388,-1.822256203474387,0.7279100129039774,-0.4352701626201279,-0.7529349160092521,1.0608320740729844,-1.646517397077744,1.0513013145721013,-1.6741376477354835,2.0337498830790253,-0.3613261040215734
0.9846316814891827,1.528318108883759,-1.3460904080174136,1.5953123938067917,-0.7494550877243205,-1.705194654558103,0.5842411190050488,-0.39627718159788855,-0.6883412390313975,1.0975077189800344,-1.3277461301091162,1.024339239163085,-1.4391456075646676,1.5978644955670112,-0.5181514789224186
1.3165785345139398,2.205997965049959,-1.759186245509316,2.771028442375139,-0.007362264036260133,-2.395998637099253,0.6565876558437892,-0.6076266543820026,-1.0638685785171798,1.2655803789831201,-2.15745997041686,1.4005789784409222,-2.4207094211538225,2.1373951551122343,-0.24347521178479503
1.1469245722509118,2.021239281010429,-1.646200366680513,2.43926799574719,-0.41769643672758866,-2.130324582205851,0.39663659552333586,-0.46049090037937757,-1.1162582413511326,1.1537985584864734,-2.0847821232638437,1.2689508650045738,-2.2097374780609953,2.1990466920528826,-0.2942254163643643
0.7829379713805037,1.2926797899144042,-1.148383270502068,1.1765892269867007,-0.48929928981370546,-1.3985735123912797,1.062339921067224,-0.34980452365765424,-0.4737339160436294,0.9935729500732741,-1.190598101635426,0.8735864767408976,-1.2315208408542972,1.690914146674716,-0.4872870907280927
0.8676300702245815,1.3977458487584475,-1.2559393168052655,1.2629729336445181,-0.7636772726141063,-1.5825727138566033,1.1644250654193302,-0.3351467993074459,-0.8063484122611289,0.9024008574603792,-1.3266236101022928,0.9222772918878228,-1.2876307244579344,1.631260266536021,-0.5494612616517998
0.8425824944488397,1.3171194742466026,-1.2249904749375062,1.2681563654707282,-0.9168857469538955,-1.3687409069184624,0.6123119598325979,-0.2701517341116684,-0.5558087427279943,0.9200739008704092,-1.053594032515074,0.8310040045073693,-1.1432412957441818,1.426152191574826,-0.5523983464722446
0.4380294175697219,0.9719255818563324,-0.9388290676297366,0.7169090901715675,-0.8508726592870529,-0.9674919031159145,1.1261224534357568,-0.30224388120213047,-0.367069457607437,0.6669969283885685,-0.7472111757807252,0.6716484094418479,-0.5402658626850052,1.2310022370733853,-0.6114748442477131
0.508363712478359,1.0001143435196351,-0.9076961952979484,0.6542933956720923,-1.0670449927723475,-1.0181724854592669,1.0830930007008661,-0.3450451785303962,-0.34987283463113883,0.7054238839346126,-0.7189201036881401,0.6793674099896707,-0.7335766275711664,1.1960506973800507,-0.6356192859050317
0.6880684522590357,1.1177760150753904,-1.019513421991516,0.8535864676611759,-0.98268043225427,-1.1339703466070483,0.9868190786623829,-0.2895944851819343,-0.4752569795145023,0.6996436917047015,-0.8920620680666563,0.7647296217105878,-0.9238634547331852,1.2379493171083422,-0.5073709094360699
0.9242872415800438,1.692026182809898,-1.5074003790083697,1.8634786505327108,-0.6643019056070097,-1.8728433120540635,0.7205610913302025,-0.4547478479888008,-0.8095838326913131,0.9801529300978973,-1.6843114909573786,1.1120745478772593,-1.7339623012349863,1.6016501394355138,-0.7099743621610202
0.7010927771615126,1.445526261391842,-1.3000645321681668,1.4103929081813233,-0.5444923984139358,-1.5320360585284547,0.7836923990845582,-0.35295209890605617,-0.7686070076743139,0.9789723182744527,-1.2452070261108201,0.9287002651173869,-1.1185697924825513,1.3846867332068478,-0.5938984865458445
0.7661921621819967,1.3732736067155042,-1.2417130764609718,1.3672594405206138,-0.8831888669403076,-1.5810234057740005,0.8182560410570847,-0.2770360187957783,-0.5544538997397865,0.86242961070748,-1.2165410271605508,0.9277520920253268,-1.30377937842858,1.2943400311520508,-0.5360179144361765
0.8915026958103394,1.623713678025866,-1.4111400120235542,1.873392401969669,-0.7098324726246817,-1.7769449370612516,0.5362638804825569,-0.4318660910983656,-0.8743682606365907,0.9896924985676667,-1.5731422431514819,1.1115664093623194,-1.606520859127273,1.6319925208085255,-0.5041990287711132
0.9489799542589546,1.6235758490867769,-1.355585064969576,1.6557803317677056,-0.6035181124211572,-1.6586054296018267,0.8903159110111384,-0.3474099368992993,-0.9592119938253647,1.0066531889923203,-1.5156204585935515,0.9852706018748599,-1.5360235417058943,1.8097027947920563,-0.34427922202589756
0.9515868565369741,1.671280645005863,-1.4394644977310573,1.769041847866113,-0.43891432159289456,-1.7512065280920437,0.7040146820538632,-0.41044983226577453,-0.8581341451153339,1.1289541125449882,-1.633712305486471,1.082226608549067,-1.6493989577326242,1.635798209902832,-0.4786454302717259
0.8924289270950976,1.7302702561162173,-1.4771038714287565,1.9696029887645785,-0.35257567744477486,-1.891652757275115,0.7368295198249449,-0.36901462001908136,-0.788891244311123,1.0457188779994848,-1.434441525701413,1.142655206713169,-1.8571223107614765,1.7388383395001872,-0.3896161700873725
0.9614322862246368,1.4407409362335302,-1.3253391637342615,1.530418024072364,-0.4618658736565647,-1.6389212764260304,1.2346609700645232,-0.3202158467747629,-0.7289995822546179,0.9279515617040025,-1.2194003261155075,0.9733054375181929,-1.3340001445099428,1.8417320653665348,-0.6867237467566927
1.0726395092703473,1.8831678040499893,-1.5426917681793872,2.1752837040796535,-0.3128654584487133,-1.9796716528224731,0.8097912918196188,-0.4620143250367203,-1.0426001069051327,1.0754543402156123,-1.539863864953201,1.210233276944327,-1.954646692646052,2.0413712017631953,-0.4058014126451256
0.81969232941375,1.4881198763783332,-1.2292731389362839,1.4553942803695346,-0.6656529822808832,-1.6036839188704788,1.0436118324397783,-0.31499083897147595,-0.5997867408763065,1.0482424674613642,-1.4709950048909295,0.94596273578634,-1.458996479676554,1.4984872624709151,-0.5614707118814117
1.1247864972985842,1.7876335532899845,-1.5071882610490344,2.062744482409643,-0.4949269130392594,-1.9110743213275898,0.30697230379291035,-0.4146256452197732,-1.081500134223663,1.168963742305668,-1.57240337675977,1.1688166346107527,-1.912743136955559,1.660186530715189,-0.529575729297514
1.1272039827771652,1.8896478628610633,-1.5959702991856877,2.2232316037442104,-0.3349771217921482,-2.2036430766876816,0.45724244180226103,-0.4248736291778387,-1.064800138026494,1.2371609132058037,-1.99252720486475,1.3163117964043831,-2.158801688647657,1.8330040038084343,-0.35605786384469124
0.7801108015949746,1.3456275743647577,-1.1283907175644867,1.1256073955617245,-0.7764929336481567,-1.3099708345015857,0.96071824948709,-0.3099831815535831,-0.5691255273182894,0.8369135620019665,-1.0973135806669403,0.8300581301613502,-1.1082578455707768,1.3512295491146615,-0.4567687213854916
0.645437355709426,0.9237004443235416,-0.9172987477347813,0.48481114971345274,-0.8162866502795273,-0.9290243337803926,0.6117795008864318,-0.27942854572309517,-0.2273312089055987,0.6783038840051442,-0.7525299180639061,0.5852640072928218,-0.6130452389130441,1.0110584946374268,-0.7230956119974149
0.4858103369083631,0.9058865564316506,-0.857669690188226,0.5371151968294332,-0.9517096141934003,-0.8474160583801311,0.957421558236991,-0.20075788620990997,-0.2245894673769537,0.66873981767901,-0.5817978857023997,0.6155432425448876,-0.5345705084401039,0.9699484248370789,-0.618873416970176
0.7263581085810572,1.1430193331188567,-0.9836191768692654,0.7427638434401576,-0.9018245773806473,-1.1630992118607093,0.6863572549295223,-0.26071650882505243,-0.2168366852844731,0.7747453598259447,-0.8409113049726883,0.6863772791470999,-0.882259928180773,0.8789660551194831,-0.625098759835082
0.6901472515894523,1.2348856926622833,-1.0661788397172838,0.978431566777109,-0.7062685539035045,-1.2591097624362237,0.8208481560206655,-0.28715385785514225,-0.39018023953716036,0.6768487391461803,-0.9105340684775467,0.8033454685287064,-0.8422867760751069,1.1276298939037637,-0.683186024773119
0.5741207368900496,1.1216807429714315,-1.0116681919020782,0.8152024229121659,-0.8846511185039947,-1.2299282694605456,1.1557012718533892,-0.29329022941380756,-0.31698028697332375,0.8517839526689813,-1.0407476098261619,0.7481732875901328,-0.8786568298476924,0.8122094460546924,-0.4300129868747192
0.6361649766144146,1.103744679837802,-1.0041661321721858,0.8972659035942334,-0.5677889068895365,-1.2157368391234344,0.7800052261150064,-0.3623679346513629,-0.30935237288478606,0.7523801622551621,-0.9202332849894272,0.728702407573653,-0.8642955146113944,0.93965088518277,-0.4428840409070591
0.636538730108863,1.1593702050438623,-1.0011910612439,0.8074478081183937,-0.5640027760166414,-1.1016926824994036,0.8734987520072894,-0.29935757660695234,-0.5377891205938551,0.8029246903395607,-0.8044021838492129,0.7323512003618406,-0.8457182515155487,1.073503960112672,-0.7063604254919726
0.599187648432565,1.0190788012213876,-0.9872840909638821,0.7740103780656846,-0.7437686058042825,-1.132124288415565,1.2628260967021867,-0.26050592151579166,-0.3055094604553465,0.7830116687776637,-0.9233883360587215,0.7392235646164063,-0.7619809969597751,0.9628485573916067,-0.7096394443318516
0.5859827709075347,1.0233650099601488,-0.9992105471421467,0.8514002367779472,-0.9825929352424018,-1.211629250274922,0.9456904909747493,-0.255167735478503,-0.3758666090893004,0.7793537261374243,-0.9408584018858046,0.7162330547489799,-0.7619810404345145,0.8455328079118813,-0.48724933589145647
0.7997874714874357,1.4309429168287355,-1.2368067671532086,1.464249571239964,-0.7672215298503293,-1.5570677742144334,0.9324256562616828,-0.40960416059859495,-0.5824486337511158,0.9442048795780422,-1.2202240861847744,0.9769130978810853,-1.1065949924766403,1.6256182277303945,-0.4053590936427684
0.7762565621159335,1.5363891896469308,-1.2879726267239076,1.4932119754777458,-0.8255826573808522,-1.5893161118602661,1.095757045720846,-0.30205746558111696,-0.6098070815816746,1.020555806572639,-1.3237947873763614,0.9973070406906855,-1.4510114456177279,1.771868762088295,-0.4645726296533447
0.6608466846007598,1.1707488551143723,-1.0816386773768116,1.0988920373237872,-0.8838494628991469,-1.228504497864652,1.0131944643773987,-0.27515831622104187,-0.6131741031015869,0.9605662063914142,-0.9088399127297377,0.7422871037475092,-0.7339834598716527,1.3555489764288375,-0.5371467509090732
0.9132420952412702,1.5068704212564077,-1.3489424601448834,1.6307798395370467,-0.6200264854721722,-1.6012537422371746,0.4683514794335254,-0.45047793664838964,-0.5563369284628223,0.9444195411140777,-1.4653564171476834,1.0400655083590158,-1.4842620516082068,1.5696100302782439,-0.4348855999039016
0.8291988543423278,1.560631258135051,-1.297995003877695,1.6191148750689501,-0.9422251376248758,-1.6930177063038263,0.7078137072895931,-0.2753405754754257,-0.6863360296697546,1.0166887718425062,-1.3349048938386663,1.0074639108791916,-1.5231798844198374,1.5770793442499265,-0.4276659754714891
0.9593953040647333,1.660454326317556,-1.4651948578324803,1.9465651985673311,-0.3932590280503692,-1.8986438713204017,0.5773234276212333,-0.4221907392155512,-0.8846661273976312,1.0365556513817087,-1.660648219119282,1.0759211612972208,-1.7325581659979346,1.8733975566217265,-0.3151428181233074
0.7433955472896084,1.5779431373896997,-1.4072477573497766,1.722877299239174,-0.7812714106666704,-1.7127000530398038,0.7882328808602189,-0.3565659527398871,-0.8645702246617969,0.9265679723439163,-1.5221823385322928,1.0618134526198977,-1.5494406464128692,1.4352177460123114,-0.5903402744511761
1.0561427600716737,1.6587322585023765,-1.417108625698056,1.8002424280849616,-0.7674511174271681,-1.7238963519536321,0.6311026890606551,-0.36795952646958285,-0.7425921681774327,0.9546916111193726,-1.3831221717391398,1.1122805538344738,-1.5563999264078532,1.7358455025039012,-0.3212712769055627
0.7921927439746476,1.156862630518324,-1.082599333260397,0.9440827922279115,-1.0980265451624722,-1.2309795617132437,0.8364560536565994,-0.30207318027773594,-0.46673100120770344,0.7620910566576102,-0.8804999788724672,0.7863003456995222,-1.0545265442052307,1.4060149638511716,-0.686802395478424
0.5255038318934164,0.9724522424042276,-0.9671314179912388,0.7636768645430683,-0.9525383151247072,-1.065581579931037,1.1122170852550968,-0.22172786129832334,-0.4062527028977578,0.897068101855262,-0.5634480705346884,0.6765155225260993,-0.5631581700420987,1.0962343900831888,-0.7011926929578416
0.8203933087680966,1.3678237844910497,-1.1480627732622006,1.254574026361554,-0.7560483108873054,-1.366194076240439,0.9322193485034497,-0.3148527235530541,-0.5467576602395952,0.8545318896411999,-0.90730116179256,0.8526121809650665,-1.137204407860723,1.2597087383595742,-0.5168149141396671
0.5973796447757892,1.1218107708050942,-0.9964263918017894,0.8127053255651379,-0.8300600456400532,-1.0600683051327966,1.0295896660309212,-0.22316036148452006,-0.16587039438934603,0.8239285765274224,-0.7495818649232021,0.7313720674129469,-0.884291242133499,1.3823646856942138,-0.6289869972270032
0.7502162430192849,1.3468915106234292,-1.1140270024936032,1.1779746006106486,-0.6262505440319209,-1.3618933287833517,0.6793566064824372,-0.24398221554978838,-0.38093152435351846,0.926360840882429,-0.8973339712221461,0.7963344160476884,-1.079641304614,1.173211364369165,-0.646350053265837
0.8266262796940868,1.3810824134327455,-1.2706790626680557,1.3063005144898219,-0.8967558859294925,-1.4080073767344317,0.8826727258533295,-0.22538809772429821,-0.6557595245088372,0.8008407836434258,-1.173323211820346,0.8537402399212561,-1.3431990422648055,1.3302239409563852,-0.5445723389718757
0.7487261432457943,1.2022934234158618,-1.1173199020584872,1.1888712639979353,-0.5970676865346117,-1.3288874708704916,0.9652238618405107,-0.27246419377772557,-0.5683692141421893,0.8309566746974933,-0.890566964993719,0.8683292791704135,-0.9564421515824658,1.3966580965442006,-0.4069142765011137
0.6573911260285824,1.345705538947253,-1.1958842601205864,1.16025586434399,-0.9139087953595257,-1.4092980871175738,0.8417767866779251,-0.32141081607644023,-0.6612322439222604,0.9882081690652043,-0.9448812888365679,0.8723424380653144,-1.334559820604686,1.3919557621071434,-0.5781154365559159
0.5717412127292579,0.9995409288772114,-0.9876614413345364,0.7527692971747845,-1.059179701397187,-1.097065524125662,1.0977657507510967,-0.21903107564082053,-0.21756705994614603,0.6323755352521191,-0.8429203285935426,0.6881887206278173,-0.6158246466863503,0.682016346994177,-0.6210401239300037
0.6314547053903822,1.217612679155783,-1.1043362293346592,1.0604908896352416,-0.933931661844744,-1.1396327820734353,0.7361891884676487,-0.22753836320903062,-0.6065103257228044,0.9119826382844138,-0.953718527857954,0.8011701059925109,-1.0025623967608737,0.9534497297652771,-0.4477379921762306
0.8671491363015591,1.3683650164830992,-1.229848818508428,1.3079311755586533,-0.611361442342294,-1.331475732052652,0.5832329178440088,-0.33141243597160225,-0.576925277049556,0.910072798701001,-0.8456673840970657,0.8532565516035808,-1.1517280601375166,1.2920714630751038,-0.6124403594180767
0.8244056393693687,1.4922280334527023,-1.2956850508174658,1.4938097221365692,-0.8300145913367905,-1.5735286215361362,0.6192504087417028,-0.38888289085924155,-0.8467615292370383,0.9515077768398343,-1.1739796508856504,0.9485861695420906,-1.344028556966523,1.3886664625477023,-0.5526928363779283
0.9118201023209985,1.5400661088568224,-1.3224362064236739,1.6153428285119047,-0.3386078853958012,-1.6870274600073873,0.40751080697351455,-0.4445338436159845,-0.7806733941792184,0.9401219457670466,-1.4290978338041658,1.0299999395407382,-1.485076816659781,1.6860113404588213,-0.4782440398246332
0.6412729526314672,1.2066617959382306,-1.090243152237836,1.04779322090182,-0.7712697900938631,-1.331567187276767,0.781669111113365,-0.29327006077010104,-0.43423265666332644,0.9758121902564812,-0.9821406889247075,0.7866566389979465,-1.038417446034072,1.2197966610830195,-0.5798039192303629
0.6005817298163012,0.9532786926436164,-0.9474162315632305,0.6347694340090962,-0.7841201279634531,-1.0716739575164582,1.2555259639049239,-0.26666632445709143,-0.17379631250133235,0.6481692866284136,-0.7452108503583057,0.6926735440673486,-0.6104582553062554,1.0110801770273155,-0.6068342657846809
0.4197350062906629,0.5811923685149532,-0.5542730328308177,0.08047472822103426,-0.8424490454649675,-0.548743935186384,0.6395427780931113,-0.169721824478235,0.1515370413517807,0.6248904780471486,-0.002566971874547812,0.42110499905485804,-0.3313128301542975,0.7239850467129534,-0.5495275708422712
0.31755643899112884,0.12788692411241245,-0.24157950489624386,-0.45688761737068767,-0.8707255722351211,-0.02774663650398175,0.48635980502855525,-0.3412472576781919,0.5245642244526392,0.41983665867427616,0.15633464252160978,0.24085837749783834,0.23275708402449777,0.09658361695562985,-0.4071978683795735
0.17320754588185489,0.28940876348658967,-0.4387356346823374,-0.28561806773521814,-0.8808142805681558,-0.16800379483531672,0.47315678218548035,-0.33715527624788955,0.33847627473831965,0.46849288107163894,0.013730912202183759,0.3116992559619522,0.16721477881280816,0.010287335997262928,-0.7202481070635949
0.28108883653141425,0.3197571099746517,-0.41305020799194375,-0.23191402947279324,-0.9248890708937446,-0.24774059168542018,0.6399763729987806,-0.30019492848586393,0.3262838853770108,0.45528753361997115,-0.09222143041087914,0.3498980340934721,0.240107780026872,0.01792166229473922,-0.6123491210033142
0.40843910077660117,0.5634183910149214,-0.5492456750762101,-0.087621502315439,-0.7563180675817139,-0.47744313510222064,0.5204865813359691,-0.2506552064310439,0.09780243561165035,0.5118699645189032,-0.28603904705371463,0.43825196221641616,-0.0808616166126007,0.510153039452,-0.5776652698913665
0.49961222256613796,0.7189358325402635,-0.7346071401713646,0.16015422763974635,-0.49891234380135774,-0.5737695895271007,0.5875329740039845,-0.19608286025656713,-0.14659701932856994,0.5731535841145048,-0.22327760183741246,0.5450420039194223,-0.25246857199084805,0.8418994739055599,-0.563120224426292
0.4511717275978471,0.7643054631474892,-0.8268302791621784,0.35623027716852884,-0.8925108662697152,-0.7905362462957333,1.0285275940187772,-0.2326662962613409,-0.1948442255084579,0.6959179830229986,-0.5063569657646366,0.6030431363061733,-0.45249705050607086,1.0184527664922922,-0.4045896035024619
0.5725603744886797,1.0475582517430355,-0.9735318277625428,0.7933773777265222,-0.28050716277173005,-1.0549509891388529,1.2585101028971981,-0.23779927408060295,-0.36576815381432387,0.7559416533285218,-0.7591049398741483,0.7048004917137627,-0.7201639556775553,1.2330758627581018,-0.42744650900722186
0.7731442544656961,1.3118038631840494,-1.1361432505119402,1.1612174066263383,-1.2421731600856947,-1.2991344543404193,1.1356492588728668,-0.30862742117711073,-0.5503864634601573,0.8615820776046632,-0.836359128544395,0.8615873740949457,-1.094219167490233,1.53372852578926,-0.43776311359715975
0.7425532785018868,1.2960680433994458,-1.1566712386268458,1.2282434029319678,-0.880063145849767,-1.355409363929748,0.9820308260788588,-0.24269468966379326,-0.42484245667564907,0.9016439346092472,-0.9625066579526022,0.8529955169640436,-1.0407572052691114,1.7096382571725357,-0.5643488491761921
0.9006708455978358,1.5633754409174117,-1.351000981923133,1.6533897489309692,-0.5367066162082447,-1.7746772565550906,0.7869512040745441,-0.29929229936230134,-0.8098277678847435,1.0113623345345788,-1.5406753171972476,1.0244733583773098,-1.6449956444485292,1.838553545072515,-0.4872782429751391
0.5839021404213061,1.2932007522891005,-1.124040084528703,1.0584908902412151,-0.5884779272256807,-1.3914006831004826,1.0611824901914577,-0.28035670724954176,-0.4610957792186625,0.8471877051242866,-1.2056597511475469,0.7619984737694477,-0.969329349563146,1.5987908295069095,-0.546366626747879
0.8275379503033329,1.4532707951765778,-1.2988736682952773,1.5191504785769552,-0.4842677790459161,-1.648801211685447,0.7313368925933137,-0.3725116358558503,-0.6590844414675551,1.03008001545486,-1.2659330649551788,0.9600295207829534,-1.4474581151952344,1.884599150343336,-0.5228948192528581
0.49800277246637337,0.7558375410106182,-0.7510852672012376,0.1938270877890072,-0.811785197276991,-0.7187972647218583,0.6090385234727661,-0.24534985253246688,0.06416182030579114,0.6063274871496703,-0.5276571207188833,0.4965772619853805,-0.1686759696069433,0.6865453741961923,-0.6974937417739562
0.5757030080714742,0.8305616391976185,-0.7832235632456771,0.4019592590848357,-1.0125354457928897,-0.7836526409822819,1.0207847573397644,-0.23752999521077323,-0.1978395512785622,0.7410503959939128,-0.5843533248494535,0.5553654445613923,-0.4397759722606789,0.3709906420073258,-0.7233410107605723
0.4934184272526239,0.7981356083532141,-0.7706460794960107,0.3538266886495474,-0.9875255114121675,-0.6884199772230349,0.4622885829887378,-0.24467147752886134,-0.1643399039470448,0.6478017915892648,-0.4534194849762186,0.5367612911753895,-0.4555947520414616,0.42532235256637885,-0.5445331114016629
0.6989705612305142,1.0412146923728287,-1.0047349006775042,0.6554869453518734,-0.7800456693353757,-1.1055981742031282,0.41837260678149085,-0.20059121110347947,-0.3196706438676987,0.7934255999776321,-0.983402949153485,0.6970671549653525,-0.778448650372226,1.2123762998810699,-0.5780999913266065
0.5151929096021666,0.6073942020005092,-0.6481597061400809,0.2022925138934519,-0.8357399391621285,-0.637013886341789,0.6535135127180911,-0.22854287999594236,0.16330293543151675,0.568153101524314,-0.3080414608504811,0.4528392582810573,-0.2870910823944711,0.9820653136444804,-0.6218303148386337
0.4182060684230273,0.41568318612364447,-0.4361822950035018,-0.2026352074225225,-0.598489939173083,-0.2969477174489391,1.0390978318540585,-0.3320959534700113,0.29266954992014393,0.42113279382214514,-0.09022582045196577,0.32682127506660585,0.09031702127934023,0.35555817459442335,-0.6254313533336175
0.2154750662607502,0.28023598162430674,-0.4239825857448156,-0.3109818503785413,-0.7083330111925631,-0.20517852235578452,0.5557849588913354,-0.2765346786332351,0.321199963572724,0.4670830312577894,-0.12045046574887754,0.3741895098306651,0.06359494754447916,0.7586904272734231,-0.7277422485564806
0.4376603571739177,0.5818301341200891,-0.6494512873532814,0.020180006210656,-0.722978714413299,-0.5141078563991286,1.0954617213691848,-0.2590834811893422,0.12505840721244132,0.5746628966861566,-0.2864872984446413,0.46330228017034725,-0.28739410905264473,0.8051037822487715,-0.6945460165116462
0.2607394309444984,0.4827380863377131,-0.5502711100216714,0.06161134369615522,-1.1643094824073774,-0.4008982306109737,0.8906123423019201,-0.24128844823184864,0.1665071331966588,0.37079575886206295,-0.2564765364722781,0.430403502230699,-0.21186991871256855,0.4800009165911273,-0.6831377149540271
0.4260956296705664,0.7893872003045612,-0.7769801532449464,0.3810547833878462,-0.9715854369909468,-0.6414173387078042,0.8489308551410372,-0.33466187000138387,-0.09424809456183895,0.5983685657696111,-0.3930061216601748,0.5868536102320931,-0.41279989402860306,0.7761282513482234,-0.627176898088624
0.34348101089118366,0.4415983505933929,-0.5338725324583297,-0.1757074892212988,-1.250887637317143,-0.31412895374234107,0.38162443566834614,-0.2967884130848827,0.23900618356218067,0.4762956431723233,-0.0862301021516573,0.4096750055321991,-0.11192245829767404,0.5051738464263479,-0.47782545695846695
0.40182969825774817,0.2342621720728003,-0.36016328811671205,-0.3422085290239243,-1.0745599551855012,-0.2742408339150385,0.9158068458146803,-0.31184075984296145,0.2991810829322181,0.33786863902532716,0.04070334604874946,0.3276362895844638,0.1703261363823794,0.1688389728264788,-0.5340053330656145
0.287378227501209,0.24163066704953748,-0.3271696788061023,-0.42243735648030833,-0.7242279969000186,-0.16030300940642428,0.8133081984455416,-0.287031105243744,0.3808174181591759,0.5190588919444699,0.14006566983201243,0.2718276459022905,0.16479989098863546,0.03290725384188133,-0.6385955477455921
0.3495338457231036,0.7228098737580413,-0.7349686110214066,0.25412486107373516,-0.6129739372213076,-0.6506890729872365,0.9810260280791517,-0.21992777111390877,-0.12921634471575702,0.6210819132977322,-0.4928475997628654,0.5894405025420345,-0.35700042144424093,1.0750079673357376,-0.5541633503385616
0.5820041504397059,0.9448084082648041,-0.9366644695623723,0.6599260193053172,-0.6460179888569169,-1.0121111114101011,1.0044933070034021,-0.23226471892575393,-0.3261190198278045,0.7728312681644507,-0.6804149257052511,0.6204475110075498,-0.48432905090911554,1.073913406488657,-0.6059963582703243
0.5237369843931259,0.728806476894207,-0.7948087535788583,0.3981745414794472,-0.8930223610625981,-0.7351778929411542,0.593082246011837,-0.26388659999002967,-0.0837309009378295,0.6369179124458803,-0.47899252238976997,0.6328025568382858,-0.25384672012440923,0.9846149474257228,-0.7048941978729792
0.5394938119402636,0.5002783566904303,-0.5554745302463644,-0.14923891994468716,-1.3204591613243764,-0.3648846249550837,0.7741891511946212,-0.3048696135013011,0.2327136780518723,0.5725203523707841,-0.2409960409396826,0.40188468747939254,-0.004622366461544646,0.2777214548052905,-0.7134951203450896
0.2801847162587121,0.24140872936543395,-0.3331656281792219,-0.420687087077262,-0.5758038848284801,-0.1859785092814353,0.8004096761458576,-0.3095048881054911,0.34598742602639415,0.4070845716967473,-0.04866081175440398,0.38336913871354855,0.17041171499361935,-0.08771309025586976,-0.6846697695792032
0.3949372723922963,0.5526686045302687,-0.6466774184974605,0.08174516296274671,-0.9023982201936782,-0.563898825764969,0.7467860874566024,-0.1473921117151871,0.12212422756006173,0.5679158685307394,-0.3339547336562903,0.45477485362927794,-0.19063281494779058,0.4030793433137174,-0.7539951456750761
0.4439295176870627,0.527764545391721,-0.5539689353287857,0.07401486587827652,-1.05982945977153,-0.40217497507791305,1.013413871300775,-0.2480814651968123,0.23558425405301128,0.5826662535251604,-0.113185962982465,0.3941360232200418,-0.06968094642189153,0.4666442080524539,-0.5866042158379046
0.33155162573751656,0.31420660593859606,-0.4272911807859052,-0.30422596850558214,-0.8586147917348942,-0.18261082529233932,0.7499711149964432,-0.3175568504796037,0.402964114630632,0.48912373827652317,0.05009753775229087,0.3288844599063425,0.11454788077671223,0.37260690663159024,-0.5555721100103957
0.40541987386159695,0.5734471333760313,-0.6434509533068031,0.23168568295308573,-0.8958407098273184,-0.6650884191505182,0.8098912580299951,-0.2806090237912624,0.09711705270456163,0.4992132913688522,-0.26489185628044576,0.47835528587955684,-0.2163748856291282,0.7203054075279909,-0.6925099839808293
0.588239006309178,0.638892103508888,-0.6364807405563795,0.07251216549779901,-0.8832526018568216,-0.5484285225587554,1.0283553036798219,-0.2195984010960075,0.05610602198282549,0.4817686376756548,-0.22007209272721465,0.5190004983889372,-0.1024924297747257,0.9488956167964098,-0.6058847873430214
0.4374105939535726,0.5184716178541126,-0.6101851945218421,0.011444473531951842,-1.0961760412200867,-0.46285426018534975,0.7932110455928014,-0.26243218653653344,-0.026373231191705496,0.5824098562700635,-0.17189826234564842,0.46602811817899575,-0.1932561372430428,0.5768558460600576,-0.8967260528362788
0.49289307721031256,0.5850565019279406,-0.6428178402138796,0.03726863561053428,-0.8241270922780543,-0.5402850295763642,1.1422413873254358,-0.22020262415144512,0.09097039237199787,0.5168060643312088,-0.31629170183481253,0.49090830315828377,-0.13879056762478076,0.6920027287670276,-0.5930055146602702
0.7231032762725463,1.0736319773181842,-0.9684104515161458,0.7727342114042782,-0.7443733503359453,-1.0783555891311656,0.8251867384207237,-0.28435916235945113,-0.2673576669726745,0.829837124736756,-0.6354686750328088,0.6985207389988933,-0.5362352437902282,1.1188999625736609,-0.7401258276898384
0.6478719706727886,1.091128468235739,-0.9855400328179066,0.7933167120785862,-1.300349513813661,-1.105023391911926,0.8460830951977749,-0.18572432153816848,-0.3585349227406138,0.6835260924596195,-0.785418346379637,0.6607611798578117,-0.7833041625690943,1.2841545907429137,-0.522580957467643
0.7191366321983992,1.0926023401177634,-0.9571439037832851,0.8127698780033521,-0.29773821276974977,-1.132953274348445,0.8086256286515393,-0.21785384309767955,-0.44696468332983014,0.7098868816335901,-0.8527473048701536,0.7107442006179168,-0.6906405151842682,1.2682764082684297,-0.7258535945923136
0.6356505677692862,1.0190641268998173,-1.0468408901623996,0.7918641497431352,-1.041241773805671,-1.0971027657040568,0.9637270128557823,-0.28259883588538043,-0.4202823994689526,0.8227091756761712,-0.9634305675119326,0.7642504492499226,-0.830339870407003,1.4231875189066598,-0.608994520494949
0.7376342957168947,1.2340763014298415,-1.1118395299528587,1.0057700043323181,-0.40945861112700777,-1.2712528261010634,0.8574237725162847,-0.2481939730464506,-0.6465949659001365,0.7187907080864199,-0.7526229194174958,0.8348352523458425,-0.9405666333950768,1.071200300862868,-0.5704950067577682
0.8342737783618681,1.2952551046877296,-1.1430226371384609,1.1988871446000204,-0.9876517316920803,-1.3772106375841193,0.653169432775207,-0.334360796224225,-0.5973712521605553,0.7823371219129408,-1.1889728767729448,0.7903446889425724,-1.1145817778560076,1.2241342707439045,-0.6781975422860842
0.820983561870788,1.2997170191620133,-1.142058562974041,1.149137388619297,-0.712654598854081,-1.345960515404138,1.0774256500672128,-0.3110349533297489,-0.33647332528333734,0.9331034561906753,-0.9490214993058009,0.7975670494134501,-0.9526156777793755,1.2905276268471093,-0.6660740093305979
0.6399868454624126,1.037495289087356,-1.0105792212189382,0.8727585378026856,-0.7490237782306509,-1.2325539692320746,1.6247213123936433,-0.31595714579519774,-0.3999028485345463,0.7789291709118955,-0.7606111473918864,0.7312168525400765,-0.7174564623361133,0.9941409198501043,-0.6899265248825521
0.6970301878279569,1.0792022841117286,-0.9771525420000058,0.9050026642864457,-0.7635429389106995,-1.1284275767928418,0.6717905514493615,-0.2616980850735856,-0.40361840668996,0.9832949443197297,-0.9012929154696746,0.7526039163155901,-0.8607041470728352,1.691876093708271,-0.6541349206250726
0.5701210534068114,1.1988032937709507,-1.121136628151789,0.9640941903879189,-1.0388370371168998,-1.2581855463113587,1.2081259383763652,-0.24245961004605557,-0.4454935429652708,0.8217528597949605,-0.7777057580673008,0.749842727291361,-0.9827172474972545,1.187442421483467,-0.46181738160074537
0.5545317386921362,1.1655531418331873,-1.0819424050186328,0.9079730249262478,-1.0082813817968732,-1.2147301099141394,0.7634640573317593,-0.2117608974171862,-0.47386634646896464,0.8110222907789203,-0.7436599088595287,0.7552169598880532,-0.7258926686293652,1.3703637098618742,-0.6424782148678617
0.8333874687396472,1.635931406385364,-1.388391225247475,1.7152918225011289,-1.0210204224225972,-1.8036029815144838,0.8242107231000333,-0.3683621670589486,-1.0108188528008366,1.0755967692823196,-1.4471527903671217,0.9898319988412155,-1.7624705087458177,1.7635785564548037,-0.5172280662237129
0.7984098379350973,1.4047994055400645,-1.2810763673381302,1.492084148299192,-0.8332604472636365,-1.5031494454178955,0.8254053221685319,-0.30404289851628663,-0.5833866554277902,0.9593303422357269,-1.2493999300557161,0.8894359477530213,-1.2229137020377725,1.5707147067517928,-0.49233287787653707
0.7720559841449794,1.3647467628895833,-1.183804520569343,1.4414240947585402,-1.265634287997741,-1.5085355831981806,0.9127482336223846,-0.1507907768150567,-0.5234953929989316,0.8091667118637289,-1.176205391876894,0.8833076327051145,-1.1026658065456498,1.461196895520896,-0.5876881194030339
0.6538161410820102,1.2638362077036132,-1.1305212061848895,1.1227677594510994,-0.5284287961203171,-1.4078059214064627,0.9646027740724494,-0.34346754601134466,-0.5782383723478338,0.899553874452117,-0.9776552918154602,0.8799528458215548,-1.1762765909296415,1.2866552906213093,-0.43638058769893184
0.6413608645701541,1.0434074794429453,-0.933404556392338,0.6860710634470336,-1.0934313072483675,-1.0823980773647184,1.0468610088539096,-0.2223022401489124,-0.28027131855712306,0.6992155879158118,-0.630098089060708,0.6952036805076137,-0.767922220775573,1.2822689610892928,-0.5805754261234672
0.9732022631968376,1.4418436501800203,-1.3481957894132652,1.4921128199794924,-0.44179110229962343,-1.6006223361854506,0.6298218420617567,-0.3165004157005918,-0.7742273595290987,1.0615301782638165,-1.2532581635720579,0.9109927902640332,-1.5737996471711304,1.773350253297748,-0.4275032425330377
1.22764493821778,2.09756214377315,-1.7043623635913567,2.572454640119749,-0.22203913603488526,-2.2204934579838684,0.33357504457913506,-0.4725454880064734,-1.1783655976338716,1.2681970326909169,-2.16859137209243,1.3106533895380028,-2.276880751913086,2.0791630610120557,-0.30659473935312126
1.0755261698688454,1.851179413343484,-1.5717512375237883,2.1384984337775506,-0.261326698911267,-2.065057966324814,0.6252294819117595,-0.42820708326115664,-0.9883900354852753,1.2085382691732127,-1.7502475169718814,1.2137732647384882,-2.0242773514870547,1.8928675114390616,-0.5616922959154955
0.976436255843444,1.745690253381923,-1.559084793655111,1.9902673158876827,-0.3603800390470872,-1.9183874032507593,0.6911834208462618,-0.4677214141174629,-0.7839563399578067,1.1703352723519147,-1.6308482873744987,1.1188301722322573,-1.7465675444534137,2.0383444016569685,-0.3919223405480131
0.9345470246394132,1.6101597037389135,-1.4744792056634675,1.8090111892542284,-0.40923512768115733,-1.767734196262883,0.8156784482100328,-0.3368330554902614,-0.7862403348941314,0.9662102623110811,-1.398814633052282,1.046940382449131,-1.7500344498148988,1.7058558978446106,-0.3001161048347824
0.9721891542165302,1.6706286306181484,-1.481466735817136,1.8746657166931815,-0.2587677417145521,-1.9165286804505195,0.7971700080851094,-0.3970192129969444,-0.7954587281073983,1.2145000230921235,-1.6510517643768394,1.0916863423302605,-1.780653307780309,1.8473693785949883,-0.2956672062991087
0.7999803594329067,1.4773567859370238,-1.2977559235547995,1.5198479131412383,-0.6961988158385668,-1.474421272910627,0.9862899582415857,-0.28517989074403555,-0.5736676269454477,0.9351581612970379,-1.1656999007650424,0.9616612404170982,-1.36392493212301,1.8097422684184503,-0.5380523059383776
0.8260093935565876,1.1580352802349696,-1.0353643133445347,0.8559115212181851,-0.6026668699016638,-1.1655085316882814,1.0137623747049875,-0.2749297532423066,-0.4123399144209964,0.8790500646500443,-0.7679156714740795,0.7546803758887303,-0.9658023416713731,1.2616551501399291,-0.5049746263618442
0.479899823597838,0.9985009559716899,-0.9076810820351244,0.6716256599806062,-0.9431938447306193,-1.0003924727203326,1.045109105341151,-0.179106601310539,-0.2620507540237914,0.6251511118239044,-0.7207440433618016,0.663260852808712,-0.7129028392067787,0.9490382351205632,-0.7705467658738113
0.5888411115239499,1.009022582289543,-0.9085065108124969,0.7602038923711184,-0.7070103389414114,-1.0117118010545354,0.8395730431775829,-0.17735702707732381,-0.37219848389787535,0.7995464415170466,-0.8020287134721026,0.6895952427816542,-0.7511911035837733,1.0014998229011083,-0.5372674175028948
0.909311423385341,1.547317337222473,-1.3118434434778143,1.7266668515918047,-0.8588920742840529,-1.652910201116303,0.9348882516514196,-0.3473723871425172,-0.811760022217869,0.9283800674177245,-1.4091996180393647,0.993505177424234,-1.5851705096415953,1.5752769821819608,-0.6583953342218941
0.6705137474337206,1.2580599791082419,-1.164225507896692,1.1700001118175618,-0.8768435386721869,-1.324819109195481,0.9973974956456408,-0.25470131691614406,-0.5180573367545024,0.8741204651990694,-1.0523213351536433,0.7894796826301881,-1.0480329917085214,1.6201761243055424,-0.5766118461329551
0.619005319242648,0.8642000367498316,-0.8640444334295591,0.570988747675097,-0.7240653279309691,-0.8723579237912332,1.0024060876243497,-0.2397956263793622,-0.25601325694283805,0.6752337502730678,-0.7566954726022571,0.6775183409345537,-0.6470296615239246,0.9458263558472909,-0.571889944332077
0.5515181284389177,0.6754046521413197,-0.7616783136541182,0.15964245250185385,-0.9640923682029313,-0.6813645495254067,0.7929452248188473,-0.2750406620000435,-0.06784139209833487,0.6373670043005114,-0.06893510978440441,0.5224399360928256,-0.46697320796509595,0.5558871932312718,-0.633148067061577
0.7684040497102023,0.895479312504209,-0.907710983942365,0.5976370906879112,-0.4040379350969914,-0.987537861212239,0.9770352106504107,-0.3077133070432372,-0.21739340024859338,0.7110967296950913,-0.5544255113515736,0.6765510902053579,-0.4028940611958924,0.8521458126885484,-0.6348233035560331
0.46446621633420504,0.7769605890310151,-0.779700698164716,0.2148900460497818,-1.0056185687515082,-0.6525153988805998,0.5829886698108905,-0.2533784539723865,-0.07157763356099449,0.5969060495772075,-0.520031257252672,0.5229120837563266,-0.27672612452932294,0.6711184852654645,-0.6025060577670405
0.4088000363701956,0.6342952023976082,-0.5957122068768275,0.05286990789221506,-0.914556316490671,-0.5044598765567293,0.9214293598188081,-0.23099989037353086,0.08002743751908925,0.4025305733591019,-0.23827079663696776,0.49022653980542547,-0.009084925742400572,0.3223773055593093,-0.7449208649902257
0.36157251319243766,0.2663883538888874,-0.30882008859474647,-0.459826275299678,-1.1140867616382848,-0.10256164719706182,0.6330347457753683,-0.24215264051904176,0.3930076373238092,0.41153457116120246,0.07195699532818171,0.3205181246774279,0.277459593475915,0.06254336657491862,-0.7595557130578837
0.3761415492615139,0.3922555782867595,-0.5101346375568842,-0.10066501879723272,-0.6733820429792258,-0.3252935252152698,0.45534006094281376,-0.2663203755834731,0.2529636606146516,0.364288209240515,-0.12450423618154252,0.35883046960872084,0.009412710948774196,0.27993187323098406,-0.5840846140723893
0.36801828937460873,0.42623225122437997,-0.4904469551073951,-0.10847268415638837,-0.9981747987030579,-0.32557102762712087,0.7466006090403445,-0.25738066542565485,0.17240838457679014,0.3896842742416538,-0.04101411046438801,0.4514208943187086,-0.030235263227054297,0.3692273059275689,-0.6653833557250858
0.20810082600079677,0.29663151334205284,-0.32936149201862647,-0.3982705444530076,-0.8030779008038776,-0.1182483195341943,1.0427139373234096,-0.2563942917367807,0.3704855273990645,0.47622194983380334,-0.014858128476055903,0.306846439681426,0.10477988899395518,-0.10755653120654296,-0.5964652516630683
0.3288165963094463,0.26372346023112153,-0.37007964908502955,-0.3931530042023023,-0.7037217411867436,-0.03567830319429166,0.7912960218540749,-0.25058542505258286,0.2792731286787,0.41668599384767435,-0.15121924690536553,0.2917444395326214,0.31785585306261394,0.42142719485648866,-0.7111238855737305
0.5385145528252261,0.4560945810655308,-0.5339297835878121,-0.06013018166884852,-0.8358479291574489,-0.3960542051860793,1.1837323722666402,-0.260410706662981,0.1371292904230649,0.49132578715051495,-0.08357087249712446,0.41497009738555757,-0.0922287888672487,0.6402929948501183,-0.5807440928765047
0.3021323469491937,0.3768682440489855,-0.4882679602751962,-0.2507056001240775,-1.0365802776288873,-0.2942647249173008,0.8128405155171684,-0.2514923328588632,0.15974176387864852,0.43555518530775994,-0.12666649404571725,0.36493774062787104,0.0758402713616736,0.5168420641919084,-0.45109293548086304
0.3252208333057039,0.26903559343293687,-0.3610055955886312,-0.372192860054306,-0.7551506847021294,-0.09693488542822218,0.6751088641902983,-0.2625665133230672,0.4445273163386247,0.3709174829897507,-0.15018144240005513,0.33561394736308947,0.0752514736474583,0.09561812974207279,-0.4881033093675691
0.2867771298558551,0.2503117673133537,-0.30046689826015305,-0.36819750857143924,-0.9335310519579741,-0.15162371337390207,0.6160603230812237,-0.2992531003362123,0.346623444102818,0.3987609276114164,0.04284700363863694,0.298605119916507,0.20279007237817026,-0.2494503615573639,-0.6265001109642636
0.29418009896618535,0.16739798483500123,-0.31609986081048475,-0.42336288207898876,-0.649026166779704,-0.04135976144598003,0.6273530361764289,-0.32419847289441134,0.3375022095807809,0.43407676111968846,0.0673671294846277,0.32345676516713745,0.32882158842073095,-0.058734486299043195,-0.5537430595420425
0.3531093362095583,0.22316054981932795,-0.30505277616153376,-0.30881326961022904,-0.8605232662758183,-0.21377973635521383,0.693445212847697,-0.34699798784614483,0.32452913477588413,0.3717624688998068,-0.1734311251544391,0.3114116934171311,0.21030296266896747,0.10277716878502688,-0.6769404746236094
0.1280442572574955,-0.06786628805766676,-0.13210176023910575,-0.6867292776327274,-0.31544939991128457,0.17324007928978155,0.14835593351169168,-0.28998825358746066,0.6345778876399687,0.3064872496940734,-0.06081348542271398,0.20245561910810095,0.510246727164827,-0.28713614402546933,-0.39942326537832273
0.3702317175350885,0.10848650242298549,-0.25966900912663904,-0.5126213220540612,-0.6381851236480652,0.020228977130191558,0.5750840702573138,-0.31841855553121334,0.6513678477867774,0.39472644875578833,-0.027085066098322088,0.24063779583638306,0.21969017025379553,-0.15263291922467656,-0.6029242001306789
0.37099371575223666,0.2509891197084618,-0.3636897361335659,-0.2639517672242626,-0.3207300403249333,-0.22483269349518406,0.4121883794073988,-0.3046039134388271,0.4326242904426897,0.42634136260216315,-0.05889745137253457,0.3237726527160377,0.12470110044939257,-0.09949984680834946,-0.665897216986034
0.19450307167538253,0.2523753167989693,-0.3938871979412529,-0.36024942208030686,-0.9590593631165817,-0.09612626574061649,0.5797578124964722,-0.24467651219210165,0.3944334368254164,0.42099104810599075,-0.19102145981499333,0.3020115169470071,0.20671478981898686,0.039347964501584,-0.5890299992398632
0.3511733613741486,0.11402691504439606,-0.25447430362116646,-0.4865353232639643,-0.4189496696683471,0.061994518522660275,0.48479643313624193,-0.3142635736192024,0.4983543171952611,0.33793523907550377,0.21718976529949036,0.24480963710429723,0.21364754909824887,-0.11665227528932394,-0.4711146870620732
0.448732838938483,0.3414506406029753,-0.4514300333128397,-0.2042824772696186,-0.8904513681059297,-0.2779535684332039,0.42965145802901583,-0.2752877571163567,0.32745435094458114,0.39525107853697017,0.008405943370194914,0.4168575397431417,0.09529427380493338,0.2650781685629326,-0.5876117340591678
0.36887500175648835,0.6190089409724697,-0.6956105041355307,0.12428539284114654,-0.6363969405696073,-0.5615291831157841,0.8601430514193644,-0.2276962097647692,0.018769506712159576,0.5139715629589594,-0.38312066340404227,0.47109151770842655,-0.08264399385902894,0.40113744971078336,-0.6391278224567517
0.6233604850908314,1.1275369602619298,-1.052216639482689,0.7864481647853443,-0.5877652264236088,-1.1628351955331053,1.0689857455870606,-0.1802411198862547,-0.44869695767384316,0.8976976906179707,-0.8353619015952986,0.7541368538876607,-0.7467599611730144,1.3228846034427237,-0.5515343780236727
0.604707207525931,1.0600281985945317,-0.9827310576196722,0.7121459400390415,-1.0726813867111005,-1.0475689949319953,0.7476529266384261,-0.1990911623355432,-0.33653159188920895,0.8068415885275905,-0.7034259924893008,0.6988252197631205,-0.5712293790901201,1.1677048594879307,-0.807838418677905
0.7879407588785393,1.2542138599719692,-1.212423542540299,1.2639143253391374,-0.5813202098185299,-1.319272227950411,0.8861293815914424,-0.33786664955219226,-0.6228616886376741,0.8237195514295688,-0.9870951791273394,0.8222295968548573,-1.1730354713414357,1.6418409835303,-0.49993418325561917
0.8347648759283143,1.3630543931000183,-1.2460531905008545,1.253845007502861,-0.7769488471618593,-1.4661059084680317,0.5289786555119669,-0.3138985250070103,-0.6456311590163599,0.9374896118837059,-1.0260828413934409,0.9015829562650014,-1.2807615394008043,1.291596686749072,-0.5336378850704112
0.69363535457987,1.0714236073784902,-1.0462189427474373,0.8613969016189834,-0.9646968011009157,-1.0618301521558966,1.2194863111909868,-0.3099646161352651,-0.39672848556219154,0.8465750263095475,-0.8087692788899232,0.7946259162532866,-0.8389389899955932,1.244018054416452,-0.5614681003468571
0.7597701142165121,1.2292167610056,-1.107260418749135,1.1088042008100683,-0.6212496907644589,-1.3050201376891553,0.7559228438611982,-0.19480062604331483,-0.5881144646363585,0.9395939209214642,-1.1472166027841226,0.8621887876817167,-1.106734299910419,1.4640372632665963,-0.5559598385868159
0.6898111353593609,1.2229584783034302,-0.9811795627489732,1.0016643175000963,-0.9791241447958988,-1.204173982356554,0.9983988101405007,-0.3176809428705173,-0.38162908591521094,0.7276680802901003,-0.8704451039339105,0.7746909725252256,-0.7254718597084914,1.1848172903867575,-0.6571817137890689
0.7615144682038313,1.1932162574073601,-1.0980495493038906,1.1421971969748659,-0.8033656502339189,-1.198147731532397,1.2688065599454184,-0.22361272125317616,-0.5219272307475146,0.8687834021970158,-0.8284089112618334,0.7615636430759029,-0.9123782862049379,1.2426068249852917,-0.5442756419730553
0.5365864674425262,0.9609038444081162,-0.9514503349521606,0.7159125265066134,-1.1817300815596328,-0.9317509989014516,1.1814417463920506,-0.2878732498005886,-0.17764600129406985,0.8408967517563296,-0.5106866438054941,0.7226111578098607,-0.7146195311227368,1.2671231448356264,-0.5939669534340128
0.6026322185443485,0.8680051041138767,-0.862516925792971,0.5454769784154616,-0.8413743765753781,-0.8814741057509687,0.9826306886131035,-0.2767166955157086,-0.11922013256177265,0.6213182089601146,-0.5154746206964244,0.6580643031085969,-0.4372720583133113,0.9912161495243286,-0.6958078380929822
0.6526660098184557,1.0279924450914846,-0.9269511942333332,0.6816329562715346,-0.9274424700703555,-1.065792254848477,1.0399067129291089,-0.2462055808015319,-0.2364009758223079,0.6516347066797123,-0.7911430611419613,0.7057335016488278,-0.6596392500174271,1.1212168742741202,-0.638824127422711
0.5967953881879791,0.9701219628557105,-0.9393330087690727,0.7159846613142865,-0.8610595235925826,-1.0138865843006586,0.7942102734082063,-0.244179599919741,-0.2916217351894104,0.8023144247753808,-0.5413148303913445,0.6556997703616197,-0.7599448908026682,0.9720013110205389,-0.6061557776364631
0.5073143547802059,0.7495257749181519,-0.7389906104077392,0.20160581184191348,-0.8495524888289249,-0.7158717022355333,1.0394439916983478,-0.2802409315959959,-0.128436524257586,0.6757474562339514,-0.30504459379848725,0.5061326661087363,-0.326516344161206,0.7472256909507444,-0.6950343845325784
0.5217176981759748,0.5756875608921102,-0.6527212496347216,0.2024499551382331,-1.295499553694457,-0.5828440016465769,0.829851352328943,-0.1940330537364673,-0.1654942170697238,0.7108223041527841,-0.35116943649547844,0.5132473509399151,-0.255885218960895,0.36927882200867373,-0.4139522590824597
0.5924692073512697,0.9381443285625038,-0.9130534082643191,0.511055118762195,-0.7570340226543785,-0.9104944140579451,1.001348563040223,-0.24656903164142988,-0.2202343547126017,0.6396796961070971,-0.7179882052813333,0.6714740109258565,-0.5003351127016525,1.3276148291725893,-0.6962892347105255
0.3360871489330461,0.7584795402896535,-0.776433075645159,0.3072944904826841,-1.1948946270953995,-0.7753139460718234,1.1639490770575658,-0.2805049974164381,-0.02072843486767182,0.6278347714348034,-0.3928176749054019,0.5304382024367816,-0.3897154109370193,0.5535084727986889,-0.763413536298169
0.5441361346524952,0.9464908648721327,-0.8869006025004033,0.765725690921577,-0.7299684039669198,-1.0116359604787204,0.8756005284818769,-0.2482959740145499,-0.322382872460481,0.7125990191509887,-0.5669467081301343,0.6446617030515095,-0.6713896416751889,0.9632281076365793,-0.6490792193863562
0.5909700207908727,0.5916353424408696,-0.6589565854015019,0.13591000681253415,-0.6289368303722921,-0.5866951836234724,0.7262727815483332,-0.3233241915270357,-0.07240400316503544,0.6246997604265647,-0.23706507333784213,0.490258507901072,-0.21637156071273228,0.6049982055345664,-0.45052882741925393
0.4077369623698718,0.4150964274576491,-0.49886437849553666,-0.2995358555741864,-0.8180838510174232,-0.2725429561895861,0.931754488184122,-0.25717619590641266,0.22887423351567773,0.4116479396036751,-0.21156269039666753,0.3982640019268479,0.0058067135290834375,-0.019173750527911,-0.7138660987417779
0.27606111131775773,0.3392344389666156,-0.45544907077947455,-0.32892978707600484,-0.9967951984831678,-0.2757049832292142,1.1591052921224434,-0.27624127215661964,0.3313291902097657,0.42619952460905774,-0.20049334354856363,0.40373076983487755,0.21279401522118174,0.3303172127425337,-0.6452710940604722
0.3853952745281365,0.24813359070779634,-0.458263482365028,-0.32282631967916053,-1.0649778371609346,-0.2062573223334215,0.7397183438132453,-0.24021972232672975,0.29011410306407087,0.4625834437912339,-0.10553003338912001,0.32917562584338683,0.06935893986323596,0.04553833647781503,-0.8569473596809905
0.3470423650517326,0.35677213644721933,-0.4021737689986367,-0.36590710796039494,-0.6715563650756959,-0.24583803633824733,0.8572782546056662,-0.2911788425849527,0.08714155892135242,0.4638871280825721,-0.05123179134338829,0.36909404313498756,0.1541223282348528,0.12565705786870696,-0.7571875825005601
0.2303984151965365,0.23861890575308278,-0.28943880486913903,-0.5004491350084852,-0.814617551197577,-0.0023283552717651475,0.44125533821568114,-0.271618188105968,0.4775090147815324,0.38165342772830035,-0.034953947505863205,0.32380190732539227,0.2379516418272182,-0.24949054610171228,-0.6343146832335931
0.30706948705371634,0.3059944519632836,-0.38785418693286733,-0.37838598785850563,-0.8669234092904173,-0.14375415736132233,0.34780072100423,-0.28831896711247645,0.2885147225473645,0.429564182602977,-0.1525713437786017,0.31702925888788785,0.138367613738472,0.03115156228397989,-0.6363084773389437
0.25775599565007157,0.19229282465292313,-0.3124343254927188,-0.38376489926203855,-0.6289208317861203,-0.05047626872369787,0.34858875592659666,-0.3130996985852586,0.39030162016465764,0.39150950658500994,-0.043145849963961286,0.2665859571880646,0.1842119599343771,-0.014736416627288938,-0.548796682856336
0.2591314377910335,0.13829544536921148,-0.21500938285743604,-0.4842164396326866,-0.17153107883630347,0.07828223928996172,0.4763620707154614,-0.33137182020483974,0.500075340599278,0.3027710549226688,0.12656075661243382,0.251088041347359,0.3922622931333247,-0.16585145093607376,-0.46986228025695026
0.37925691369155073,0.18254661737852124,-0.2884439169084667,-0.5267912526285553,-1.1750971745893493,-0.13588073365818729,0.8851868617833051,-0.3007587722346681,0.492163284269118,0.3803820040852207,-0.20185305826080815,0.3316275510157524,0.21467196033323355,-0.056146571723759815,-0.7387072793333808
0.275517794680624,0.3137523663221231,-0.4113165403070533,-0.30509787828747037,-1.015120485945061,-0.17479535802013504,0.3957895351317293,-0.22479990482825454,0.2559475096084449,0.4262706415953216,0.022823610233628895,0.3387778168048156,0.19839776169972287,0.07353279691504971,-0.5720618413292344
0.43406447139165155,0.4583716759391143,-0.6053572639580148,0.053597188226735794,-0.9377917299540023,-0.43250384653238527,1.4386265909081335,-0.2913139372143316,0.31859724421259955,0.5603259361991618,-0.11411450500479138,0.478114083122061,-0.100444950895971,0.43635359368446436,-0.7130717736128307
0.4212000686496145,0.7035773400366482,-0.7593303806738044,0.31479140317460347,-0.7968829590435826,-0.6840565745255224,1.0448152117668787,-0.17195218037466273,-0.11472222738637276,0.575247401810028,-0.6122637908816005,0.5277513807952362,-0.4668466243302011,0.9303375666577812,-0.6774595297971515
0.752700387535051,1.1911980947285916,-1.057297243982418,0.9558435050595467,-0.8902009654399565,-1.2142220030467012,0.4204209824729342,-0.24431904799138235,-0.30377732198198587,0.8368726739874905,-0.8175735373403029,0.7312666505352952,-0.7717128347128783,1.610536043888971,-0.5980146259007221
0.530521505148006,0.9396599510051664,-0.8527354350934251,0.6807670996131465,-1.0772655022628543,-0.9620550349456857,1.3333304630399623,-0.3121178328339156,-0.2880182440098149,0.8431518019129421,-0.6073549567892691,0.6688115053298439,-0.7296595669435589,0.6132177782695524,-0.5116433836029245
0.4795658799867875,0.4437064245267691,-0.5624325871241491,-0.04896888861048982,-0.6463194150535139,-0.4833423324770294,0.4939515235886648,-0.30381484338304826,0.2817763333149812,0.6145649796765102,-0.1924414341162306,0.47976311012235123,-0.05949302283945817,0.48276615212133545,-0.7003053342927262
0.3649188372604429,0.28343953676168737,-0.3489029447388832,-0.43586079891185,-0.8054474557296242,-0.020718003260300395,0.6410884990953427,-0.30071527864267295,0.6114698069931757,0.2937571479574889,-0.07390069378704338,0.29181238752695693,0.32635041088491906,0.0336638567980024,-0.5203796985308555
0.28923010003116284,0.49121525375534303,-0.5910725672905248,0.013661124850174452,-0.9497086120520424,-0.460262908987305,0.678682060262693,-0.3055250626845219,0.04963315404883678,0.4314663788031088,-0.07673460308775594,0.46364771961809137,-0.08945898033862248,0.5568547970119013,-0.586809605443516
0.4150262644066446,0.37387189118089087,-0.4457192801880847,-0.20637384597952577,-0.7490872860218324,-0.3189282289557749,0.5679217665439372,-0.2418950799463839,0.28006478133851376,0.4449393306784311,-0.05448028568416618,0.35841997256250574,-0.09938388771957099,0.3032772107218215,-0.6796531434417917
0.16366070329736104,0.06654744728600577,-0.3166680223235559,-0.4431720117804834,-0.7535172926365991,-0.05517873753074113,0.5792051154636569,-0.22583556513120573,0.4611269399384383,0.21284283990058234,0.12044690806506918,0.3185489579978945,0.31036345785544506,-0.0026244814769547297,-0.5246764495294909
0.29890832741059364,0.1494347510655672,-0.29205184147235047,-0.3617654093613653,-0.9778816072830357,-0.07461332634241671,0.7495486987230682,-0.34583742983616134,0.4908152421260783,0.3681497679300001,0.13508188228344398,0.2981372855457341,0.3793705950889875,-0.35362831948181184,-0.7708749907431208
0.27140729506107114,0.20383325018803963,-0.28825135728108225,-0.5992129061747411,-0.6223000774366628,-0.05436485566861402,0.49457284373057914,-0.3088745489679143,0.5087296700659307,0.42706414330234216,-0.0006938738696989358,0.28765552179863757,0.21792861730953153,0.18708400773126851,-0.7264579448794765
0.36133788379570436,0.5907472689585173,-0.6295570071450275,-0.03699405475566541,-1.113995976230449,-0.4792267986237602,1.0274663549216205,-0.20385785342033833,0.19018886545690336,0.5374759530998756,-0.250430959833358,0.47397595999261183,-0.19388753327819125,0.3401906052736192,-0.6371843992309988
0.3323248346554307,0.5022647737402274,-0.5788594606969979,-0.02443220915621206,-1.0851994456170868,-0.40764186800899144,0.7820237598407038,-0.26925010129003185,0.24294744924949122,0.38947850996404654,-0.24671893728974745,0.4532159475503243,-0.020964352251392072,0.5709854924623524,-0.6298397120628351
0.38913675587477525,0.7593607143111784,-0.6736994702139272,0.2619777790215803,-0.9999862029696235,-0.7156709362321904,0.5969645670697875,-0.2651599885427887,-0.1447328465993614,0.6980578055852497,-0.4451728379373769,0.5010948544774174,-0.08433958493742476,0.2904616797662534,-0.7024965754968161
0.4370640147256952,0.6469640456413368,-0.7047579664373251,0.09010409344283885,-0.6768617688804313,-0.5833284690884414,0.7402200887465265,-0.23497899072339315,-0.06495186038214547,0.5730030580132253,-0.35973569383849774,0.4739980019614796,-0.2923650955806689,0.6315445311133974,-0.7210198502015244
0.6250205947522748,0.9944712826274672,-0.9347804869038739,0.744526301084097,-0.7328739641756604,-1.0641105939469386,0.9179630354743511,-0.25238585414974574,-0.24798799058271895,0.8855241412690187,-0.47904440837270224,0.6286976686485194,-0.7779113953961968,1.341176171193357,-0.5481676234434076
0.5898275854386725,0.8722466497855822,-0.8454181870726931,0.4059436051529144,-0.9168167222104161,-0.8108037286571511,1.1830156840281274,-0.22380508778070157,-0.07961918201116111,0.6277398869155784,-0.6849372937795247,0.5255419164089338,-0.2857548995065641,1.046587172558079,-0.548288451149954
0.3925513212317665,0.5073767075839273,-0.6473569209007926,-0.016632631782793884,-0.9488865418777179,-0.5685677199666829,0.8487758128867058,-0.2802892028915738,-0.043702768452512517,0.563520800770758,-0.20288085246190043,0.454599022105464,-0.18134725017900097,0.9412207702843133,-0.6779857806730619
0.5688504676314196,0.7448903205667261,-0.7726570876914803,0.353543863181291,-0.9284022296798676,-0.7422690492694632,1.03988256463531,-0.22507722794429677,-0.22874930893023973,0.4656264985359522,-0.5122082645348036,0.5177072347481523,-0.31008695475982667,0.7578505666496792,-0.6064160082236644
0.5955136850736745,1.0418783369898104,-0.9252536347544386,0.662192249962629,-0.9372114758391641,-0.9928376975927079,0.8937566931573431,-0.27981614983903863,-0.3391293252329091,0.7800444058593272,-0.6959144454697634,0.6963763665380881,-0.6372185634946836,1.5803080372574494,-0.3583315527497854
0.9570247694219943,1.4946176546674166,-1.3487779002300422,1.6402979490706566,-0.41177093634124456,-1.5885945145368299,0.9547060251875809,-0.34581741894760065,-0.8257009971527567,1.0279437845453732,-1.3260769561776495,1.0135205682399602,-1.49477740418449,1.6061530255389995,-0.5590727387421361
0.8542912984479502,1.544373275029308,-1.3586528213949527,1.6352120177999958,-0.735447390474462,-1.672042541953648,0.7840079363817803,-0.34682021753976583,-0.848619755620505,0.987527799177607,-1.3812014801953412,1.0086031089021388,-1.5930824539362283,1.4445376978392845,-0.4879429203763139
0.8662121308563553,1.668256908611684,-1.4405001749241189,1.796155370538951,-0.6476318446710001,-1.800035695851903,0.8632617058412142,-0.40756281600694105,-0.7863716704663476,1.1242603654831271,-1.6642527543657735,1.0491666370884636,-1.5866081068905962,1.7564955057650649,-0.47943678273318197
1.162593251173419,2.0940850637038735,-1.7246589438801698,2.590240838172262,-0.09338648310936021,-2.3727698744537085,0.8693646831384898,-0.5131796578514419,-1.1162229100343601,1.3721046935398105,-2.0158943837293246,1.3596069601795984,-2.372382835607481,1.9880684076250734,-0.3726429603397501
1.0317433754420835,1.8128080067178953,-1.5470362263162365,2.1170958735557814,-0.3052800683776014,-1.9773024989107837,0.16196417402699842,-0.44720569255249715,-0.9750256839360913,1.0792788647207792,-1.7343667406026508,1.166019069291555,-1.9745415528275214,1.9204160547486198,-0.33113030909676433
1.0988870045790862,1.91042417183229,-1.6171350105455755,2.2112285735466024,-0.1426877017140252,-2.082031400321601,1.1162457761864413,-0.36023148831206725,-1.0711206472804706,1.1553409514117035,-1.8059898073775582,1.2064659798003334,-1.9067609034372752,2.0197087863203462,-0.38194743359490474
1.285336745499892,2.0409138326386675,-1.753353073922194,2.659551782253983,-0.12134887365027704,-2.3925708478287904,0.3617916202331013,-0.574466680991294,-1.2430983883456757,1.2448018771250102,-2.2210518341155083,1.3808662215975978,-2.348907449160807,2.2078308914599787,-0.3119035070137905
1.2059518662520716,2.2490274427249277,-1.8374493905435771,2.899661994313634,0.20900165290673015,-2.458133725385471,0.5427913903360023,-0.5648544163151948,-1.3424108244256905,1.3365164547575266,-2.3182771508439117,1.4253935407751916,-2.5519639526361746,2.257849266308583,-0.25621100626835186
0.9370477417799439,1.7771235287812936,-1.4941263591306626,1.9036315520010796,-0.244845482164826,-1.9124384230995255,0.7859022860225264,-0.4485454749325004,-0.9550063928862668,1.1850150825120966,-1.630784111745497,1.144760907583491,-1.853972221426041,1.762458907481254,-0.4362243417984478
0.8538649922443734,1.5489909023211879,-1.3187338470072314,1.5507478457572679,-0.5614428745361365,-1.620724992885331,0.6008674583054656,-0.3030867536893308,-0.7023346466363186,1.0107196373413647,-1.229995070958086,0.963358286448339,-1.4096012548622343,1.4528245806195974,-0.43181868532580225
0.8351786714567776,1.5608164610353725,-1.340027427064982,1.472270294889033,-0.747282756230949,-1.5879481677178608,0.7908927057180767,-0.36492596748206446,-0.5948018961489762,0.9087869808236894,-1.1893809355092968,0.9321843491832349,-1.3333853936911433,1.7237455226816618,-0.4292635600741247
0.6854936907543823,1.256978713716723,-1.1384399405848606,1.0593468532234442,-0.7177802971853086,-1.2225394407914776,0.8378975269882178,-0.27582950818620944,-0.487252212254965,0.7685747283137543,-1.135152953448413,0.8387618468709005,-1.1752487502025146,1.5927826436548203,-0.5328438139507808
0.7450175949284416,1.5630622904218636,-1.36268495810925,1.6196787669421764,-0.7453297035079226,-1.614215467361514,0.800630062989568,-0.3989195332104996,-0.7008392987798829,0.9907363844630462,-1.2526221929158843,0.9775711432511449,-1.6243104999039877,1.2842599161521495,-0.6114726492644403
0.8851505386644385,1.3787891023045495,-1.2469770632540007,1.459855912161717,-0.7098795571442261,-1.521964497645215,0.7628022190669308,-0.30139475093705403,-0.6079214072055459,0.996734775466445,-1.2727113142876865,0.9792269645280791,-1.3261744352631604,1.6059804082150901,-0.6922517078193294
0.8354242043188983,1.3905441248175023,-1.210328172341965,1.1375283058195045,-0.669316459814171,-1.4167183011058249,0.9458840951836593,-0.3495989253531944,-0.5073459132405677,0.8807770024000691,-1.165051649953765,0.8792367351110465,-1.225384513292019,1.6100639750409125,-0.5826409392437619
0.9139273039072545,1.4276043997311847,-1.2709151085113268,1.4478006061396345,-0.7557001984439312,-1.5082671837451411,0.844024202590098,-0.3491706644393067,-0.6724395218349355,1.0299271533591314,-1.11693551161389,0.9704470390736533,-1.2196616068506891,1.5133219749961961,-0.508909422763347
0.7956795235200879,1.2893464334004778,-1.163791010353553,1.0440705888901858,-1.0556577110727925,-1.3038123282707188,0.7564158648670585,-0.2996785182812285,-0.5869482260834005,0.9116661333839553,-1.149800552905926,0.8730363949542603,-0.950878624269756,1.0590046595768392,-0.6393725919613277
0.8872014518090028,1.406424480118094,-1.236872717960277,1.4973287953138683,-1.0189077458808793,-1.5611640019049693,1.177277929491948,-0.309810223697035,-0.6994078491756047,0.8739860625228116,-1.3571302189659988,0.9409671161143319,-1.2728527954452327,1.8775810537348365,-0.4928897120266753
0.6478830685180121,1.2348059586166724,-1.1432307205432355,1.1923967393123964,-0.8580067295600844,-1.2224310121157231,0.8997865644566672,-0.28314305455791744,-0.45675307413640653,0.8685999328320545,-0.8317274485634304,0.8512472249230787,-0.9437641263498051,1.2757059741485348,-0.6063568762106624
0.6854744831189136,1.047805330207938,-1.0094785064326963,0.7889717927667869,-0.49733421318327015,-1.0976175800590808,1.2776825168181074,-0.2965546448300088,-0.27166855810719676,0.7484887833296037,-0.8934616747527738,0.7483746966720716,-0.7690195984417567,1.4300587721985902,-0.5743855835283709
1.0414373505391192,1.837918891861813,-1.5489092611396742,2.187333778865022,-0.38978891895927903,-1.915972465415047,0.784159599561842,-0.40997003623951045,-1.0451673333872555,1.0493479207364653,-1.7783175752582845,1.191219239574291,-1.9388345916270733,1.8450773052979592,-0.40986281795936585
0.7120377677011641,1.4182110549593123,-1.3030496712180586,1.2780797264178594,-0.8567060777535159,-1.4319496051252751,0.9953911687744245,-0.29771567026828527,-0.5817905274067939,1.02898124496604,-1.264001939411866,0.9388265702990917,-1.1842933453551603,1.3605850091159493,-0.4703529478132891
1.461160963048662,2.3424658365806175,-1.8414283170230668,2.9265593271254016,0.08999088305590679,-2.560873606450429,0.5277917051460713,-0.5988492308186465,-1.3431646088119307,1.3352571366880985,-2.290462557739554,1.483362049074024,-2.7482977687298815,2.4601581731966347,-0.2934460746515481
1.4028258362212929,2.4336372140873728,-1.988186618124671,3.1433286823340567,0.18835519665890452,-2.583702497480765,0.22138752834374473,-0.6619499367245398,-1.5212010066897554,1.5334704573575948,-2.3403787764905206,1.6369390047665173,-2.8300897115182315,2.7667578080149426,-0.12534124014024411
1.0886919489996383,1.9963919724840742,-1.5951940115039915,2.326062255467319,-0.40481561476777456,-2.0919479408377573,0.6199127947549935,-0.4920876998423226,-0.9967922886956567,1.2294798368756132,-1.907001208555629,1.3015886948081623,-1.9796349510962314,2.189536349935594,-0.37592480815797785
1.1685664090801706,1.9438313915277154,-1.5818388840945645,2.4262632751659123,-0.704986531995607,-2.02352076307358,0.47327854591919793,-0.4217753162007511,-0.9554426021082411,1.2371395244052612,-1.98339256539224,1.255244451366671,-2.0055264956318233,1.980151057160208,-0.31721693124091344
1.354121377130664,2.2434704127313925,-1.9198214026061893,3.0741194210271456,0.06489792061055058,-2.561455047904934,0.46840271763775276,-0.5678178081667137,-1.286763296739775,1.3696779349668233,-2.4262705055801375,1.5705562818909633,-2.755173811291308,2.2820506048831337,-0.3393171324274107
1.6759838172947061,2.5989623869470737,-2.10858498112041,3.5615251177340395,0.30563743578784763,-2.8108860439527366,-0.14823912865007435,-0.738382735840585,-1.6217264110769083,1.5346636628087957,-2.9368972842924315,1.749895562269806,-3.2267280809119,2.490546132114217,-0.09944630356187892
1.259483974471817,2.1010319449326844,-1.720454690082031,2.661338471611275,-0.11291831264767754,-2.334323534311416,0.46841382976128,-0.5432135183811877,-1.2244202416273942,1.322280432160003,-2.203451321638133,1.3954418591988769,-2.3490824214713006,2.1202824443655124,-0.26646291985549964
1.6233494140978988,2.653475078667485,-2.1088134072398486,3.7062317614089895,0.2882194140705604,-2.872478119224879,0.10775145686999874,-0.7788411561412218,-1.5832328409462337,1.5118981314843143,-2.9458921926587522,1.7606094775628938,-3.244349405904227,2.517091210777816,-0.1074477492443219
1.3381173122548047,2.128344276489037,-1.7396192679648719,2.5982740953138506,-0.07179116513326733,-2.2636829753595795,0.7334669320841225,-0.5415707773447727,-1.16183902751527,1.3313210682406376,-2.0306897002655537,1.3739065663938537,-2.1388150323774715,2.1137268591190534,-0.2889391291466117
1.1586083545430406,2.078655463749937,-1.6834737194751723,2.4568764728511785,-0.3233454292556811,-2.2735566550456685,0.49943741970109756,-0.5285206301161767,-1.036586645726254,1.28745984685626,-1.7758297995100296,1.3010555483965551,-2.1216822306775267,1.8116183403861763,-0.3957899019790248
1.3322129541493892,2.383678232904394,-1.841339700401116,3.005434505934929,0.42245120492744537,-2.606621813017336,0.6650734843793858,-0.6788419419184754,-1.3265571932111309,1.456140245944275,-2.385811380259182,1.5374241174224734,-2.7118196760621482,2.3522872627767293,-0.02080517649251608
1.5120341815833835,2.353537143661523,-1.9282653371515515,3.137073615791343,0.3173098747734509,-2.70612421750908,0.3534646482601518,-0.6485889901921029,-1.5103843923480884,1.4303776461344135,-2.3294722281576368,1.5229224574282683,-2.908478943832224,2.3653700285814683,-0.07691336467134022
1.5139636740943776,2.5786088900610196,-2.094880286711148,3.624831128539609,0.4900345507530267,-2.892551995471591,0.21135986483413516,-0.7822018702704182,-1.624958583782061,1.5913053519774605,-3.040147096309892,1.7065330262017326,-3.277235337179267,2.661433200951245,-0.1367574801566501
1.383691684161823,2.1709496942182644,-1.7951211284736786,2.761723206669101,-0.020184179764018945,-2.356947880554553,0.770243671622581,-0.5494246527622022,-1.2724473142801862,1.2746203474083184,-2.300261200869688,1.4047113750821765,-2.5575429014885662,2.598996053056836,-0.289347709978093
1.0199142915490669,1.8341265296715539,-1.5165388936014015,2.0955607277827495,-0.4031690862792951,-1.9230611029079163,0.8744023495605738,-0.4127789063951882,-0.8586457276418547,1.0691855137206243,-1.727100027999406,1.1985174312623779,-1.827466127545522,2.171445037853694,-0.5681971314668406
1.432527610006238,2.3339877795984894,-1.863779253555796,3.0929278680236627,-0.14085215033728057,-2.512739338286195,0.4351109920058865,-0.6064757790240225,-1.3872925113157188,1.5037701336898535,-2.360750606775228,1.5155946931478945,-2.7447755882929017,2.555487361013697,-0.10638584507448398
1.478848033157366,2.340395305588776,-1.8993080628913586,3.0457536165881516,-0.3337209685734759,-2.5063992695001533,0.3295141074498588,-0.6105312459575932,-1.3669573492764935,1.4244164005325288,-2.436610559434212,1.5625701787067106,-2.7225585622125847,2.3868898408349026,-0.30248587683146827
1.4325274666266568,2.5808182072793593,-2.020219828696858,3.4337468299514757,0.4868374685428978,-2.84191748390404,0.31210593203839576,-0.71955757818056,-1.4857577936930026,1.5401783629955035,-2.4668492040923513,1.6744434150343726,-3.021361914307527,2.5101409066182807,-0.17693023769995775
1.2269651090202185,1.9512868077595322,-1.598732560709116,2.39431213706098,-0.5250696355339757,-2.124394752651217,0.4567910187983702,-0.4066184853293684,-1.2295401027170378,1.1280783781906871,-1.7052775876945545,1.2409379532569536,-2.0470301335085312,2.2230695321863263,-0.35464545613093923
1.2753957812685086,2.271025369056214,-1.8326500025869732,3.0352158986899496,-0.007565699023458729,-2.5173359454234006,0.6366830485147722,-0.6140161935160996,-1.1863588183817761,1.3263127186822221,-2.304750916302836,1.53219576216886,-2.486867166023183,2.254058303606662,-0.2193637018704311
0.8668057500207725,1.6544666521190925,-1.4137871022724222,1.8104572302326787,-0.825730746402447,-1.7233633677447433,0.5181248366555924,-0.3704956432272883,-0.8117712963836629,1.0056804596155342,-1.6657419560454225,1.0409865654492467,-1.491477646893708,1.7434837244460752,-0.4593294722130023
0.8527314171909073,1.5736932059257651,-1.3660132125257485,1.6826235752603866,-0.6661463186782908,-1.6350089604015277,0.9364978943679801,-0.31147541064645556,-0.7212828459881142,1.1067460024835922,-1.3658987313746904,1.0273723851227907,-1.540779696617621,1.449134185943448,-0.6728650504731565
1.0769735201390986,1.8703956237553225,-1.582491500361141,2.2442586011084305,-0.3636098280330635,-2.121431065043444,0.7155767259794161,-0.5336048042033557,-0.9676466886255035,1.134041949683806,-1.8005204719940384,1.2286969971214017,-1.96991662843892,1.8382966872095372,-0.3937776661605561
1.1424250832325564,2.037785070415363,-1.67205604938147,2.347042922156355,-0.10335150535148942,-2.1923862162695826,0.6753319387194635,-0.5677361078833719,-1.2275765017146887,1.2238389448724631,-1.8280057877510056,1.3335108114699674,-2.192125533682627,1.9540683396186098,-0.2424324645064278
1.4353428425160957,2.270159846302074,-1.7307060421573943,2.7460274873463733,-0.22188215226375463,-2.447102091483346,0.41407714223404773,-0.6081257265629983,-1.135769844239549,1.2890442330661327,-2.1741075995247754,1.4304669665561596,-2.4153224587095536,2.198754335604298,-0.18220579529982486
1.5702179749787275,2.5409865954378597,-1.9920494907251138,3.3162392337423503,0.4501596846644469,-2.728671819707337,-0.04860570296284078,-0.6985174542051288,-1.415467592205839,1.5647641473722989,-2.744524497718875,1.593550935392,-3.018561536645386,2.500582836612037,-0.1401996318605875
1.3792408304004438,2.2624934493810214,-1.8598100938641466,3.087940096803182,0.45643270292835064,-2.619961575818195,0.5922324070257878,-0.6383220428096367,-1.4705827532340683,1.3538452368502327,-2.517933034663192,1.508611330177359,-2.777560619258984,2.2493438945872577,-0.22129811982453435
1.564528391910024,2.5672582366635193,-2.1144260069556737,3.572899450668335,0.6261461730280958,-2.9355334751001325,-0.056052320476745465,-0.7883370340410447,-1.658289887248396,1.5316459112382974,-2.825244711554069,1.742749649992204,-3.4002346928891245,1.854623696064106,-0.23149338101079084
2.1156957419701397,3.3449103770618356,-2.544729448467958,5.133323580635096,1.4943582473748123,-3.7136691509746345,-0.4513814791898851,-1.1788889037879695,-2.0938186752409362,2.084194414831276,-3.8985627858549394,2.2584001992800706,-4.481702386679908,2.9625864710211087,0.29972358736514093
1.908133684693275,3.264950938224266,-2.5467772914940343,4.757537276304063,1.1848112295234463,-3.5791454181297615,-1.1111063224139468,-1.1239374940838782,-2.2386445076027592,1.9908151917873451,-3.640187084400682,2.2300870370214376,-4.341331437664747,2.8328767539502726,0.11270304554383219
2.4963282915224423,3.817423691983726,-2.839446754983518,5.990588284538487,2.4465298233655646,-4.143940349488623,-1.487883092619225,-1.5004281967730158,-2.3917204042865654,2.3904526231936853,-4.734865393403872,2.626198906023036,-5.4457734335427,2.831855472143463,0.45231047300945504
2.565004254562717,3.813592237640223,-2.867128569615905,5.99939250597735,2.1425999611411966,-4.216721446908607,-0.9062091603514625,-1.5281656147253264,-2.4805603796108247,2.2454643353587125,-4.718906486481328,2.6720714496201188,-5.314380602011418,2.9143362265009403,0.4732887805330786
2.6923907791008244,3.984652215649473,-3.0119015337302537,6.291002604265737,2.499811625839507,-4.342014603615985,-1.7469911067201265,-1.6031968055575987,-2.4550512876850035,2.444970078999726,-5.052417164114835,2.6608529000550885,-5.627954111456818,2.91432259781066,0.5018479417809029
2.647865416937929,4.077491511605247,-3.0512364436202573,6.447398823585408,2.412982961759791,-4.521229072292378,-1.5141032916260824,-1.687455564616604,-2.7265185841101958,2.4616602469864333,-5.143336857236317,2.796385432507988,-5.730948945352286,3.3121157521013775,0.816861881159059
1.6699367037940611,2.8777631792040372,-2.2810887983645647,4.222626506519783,1.0548260388483275,-3.2920190049835805,-0.24234509338958812,-0.89789491863181,-1.8388356000653887,1.7714083394971765,-3.251029050852816,1.917324183020326,-3.7606392871583654,2.631182703702636,0.06766581542140214
1.4332682621876742,2.6852316925084843,-2.118163980391456,3.6863186508453336,0.8021878763712541,-2.9453097410116835,-0.017861387373431556,-0.8217263906546377,-1.7490002145548635,1.551464200135645,-2.872105940062249,1.7648032952020463,-3.4006188968370066,2.5510790647149792,-0.17185653495932834
1.3131641065551132,2.374835340631985,-1.9653032599767286,3.297403077218332,0.18929163505478744,-2.6899502394134105,0.5991327894858366,-0.6916011821884014,-1.3420515023148356,1.4584550867157555,-2.668364621029338,1.5839659136571638,-2.8684617867871647,2.358447363957404,-0.27590645912263695
1.8213815655314094,3.021018394025157,-2.2682103082985825,4.255673959740184,1.4397769337310842,-3.3106215973909445,-0.16325652136094423,-0.905545883548233,-1.8739539281073534,1.8086504741521565,-3.388356406825245,1.9899476305618278,-3.800640119773891,2.8750111582480304,0.09163428807775455
1.7318230438766293,3.0182849768708797,-2.3191713880574913,4.4635431419772225,1.4379635359584424,-3.42167123308664,-0.18116462371423261,-1.0145838895699077,-1.8716864141294416,1.8642059745231239,-3.514418200682803,2.02397999908826,-3.9514210960108627,2.7109206772770618,0.04008688415905231
1.6829349123577046,2.764755126703185,-2.150912372644542,3.8400000334439475,0.5871445141114119,-3.040080771795683,-0.2190796287692222,-0.8119494616761784,-1.6594356901728553,1.6824563954475917,-2.986195217342285,1.857626689636981,-3.480434080052921,2.375752070265674,-0.09934406944238676
1.8562117589489937,2.9825899189791523,-2.3083210421103497,4.280324251352921,0.7032818352591232,-3.3549559766947987,-0.19906398072033987,-1.002407478466595,-1.8886766381331435,1.7390808781843763,-3.314473328345271,2.0112703159727237,-3.789481802772733,2.486983579320238,0.0219054906901205
1.5286674762445909,2.5309252402018325,-1.9415381293970484,3.31053036231447,0.21370177503291535,-2.6795979781232795,0.3682625147843298,-0.7173567080282958,-1.4503455000941825,1.538256483680717,-2.62826270081287,1.56497717451616,-2.949971421138857,2.251126793508826,-0.11692005412279553
1.5685547964271656,2.7674077098900516,-2.1472354757998997,3.812733748212323,0.5793391597690629,-3.043471735828972,-0.0011494580746792635,-0.8336090527890431,-1.7321010348934356,1.771832252797208,-3.006732559973527,1.806279285684707,-3.3878799680257727,2.6603277934895604,0.12781986654285846
1.4722428256885824,2.7108238835004346,-2.129254102833592,3.845498006514867,0.5714530596464018,-2.9559235037624627,0.06269891050754836,-0.7887329064249967,-1.6960555417659104,1.7953334886726373,-3.1583387380485397,1.782604493161515,-3.3588462846383136,2.4875966226464685,-0.17962441913588068
1.5748141920118186,2.746581752332339,-2.199501101944908,3.7715142772005663,0.5576325495409081,-3.0241438630990625,0.17236836557868995,-0.8288037523906859,-1.5915702486114722,1.7873801677352683,-3.0867798183421673,1.8590446387759707,-3.6548716945534703,2.790242565337434,-0.10711403954351587
1.488117491634175,2.5302146098595792,-2.016233248124039,3.4148641602910352,-0.10037522871130532,-2.850184670522247,0.6048741986095577,-0.7772998622902277,-1.6195543285309393,1.6299186415322406,-2.802051583991452,1.6831031867429562,-3.014645004204471,2.7203536515546545,-0.15600138716834455
1.5571451200027295,2.5857320120303755,-2.034888513213146,3.649855565345541,0.7400682463780142,-2.8408562454376813,0.2365992264452432,-0.7846681423364255,-1.5472998634463766,1.685452769989112,-3.018318016861547,1.7758609993606689,-3.035813375329515,2.0370734986733496,-0.15624136325337873
1.4914074683212595,2.5956881692018774,-2.0460984211412097,3.4775020339237637,0.6885811928046031,-2.7803722625101246,0.2963713083836082,-0.7469991708560647,-1.5048014172204571,1.5452783891121424,-2.789749373897942,1.7141244162855862,-3.2320660528032668,2.565067800477148,-0.17161096093986408
1.6270175037014143,2.4583826863006757,-1.9485613043118504,3.4010492999703614,0.05516776336107606,-2.632264233542542,0.11538176433508139,-0.6432085239605818,-1.546464240531643,1.5079920101576465,-2.674220281042868,1.6629286508119068,-3.0067532326684994,2.1779951606856804,-0.09411386098529348
1.7548228199092208,2.6457769563456166,-2.091920083850586,3.706929023421879,0.2865141988250517,-2.890103045616864,0.21931467856443612,-0.7719379701189618,-1.6697302472502333,1.5949001132964862,-2.6601430814002214,1.7401562366573853,-3.19572705349271,2.4651798239117646,-0.02125290334321853
1.3519241890021936,2.332964840929418,-1.886958388879478,2.9733131017841923,0.6090629015301078,-2.606402446286837,0.3660875912941827,-0.6269026989738894,-1.2893449831044292,1.396598564463734,-2.291352163535029,1.5027227554543308,-2.6302818064540023,2.383919630075309,-0.21696206438444202
1.123364464508709,2.095976835624578,-1.7250879061669742,2.593993469328128,-0.2893664225639993,-2.280949461544576,0.6959708529329173,-0.5633298057574225,-1.091974493701987,1.275118556245243,-1.9650371391431796,1.378937783405457,-2.19318419473185,2.128375111872689,-0.2581515933264626
1.1580114736151128,1.9698644608302565,-1.6073041960694023,2.4103687669809433,-0.26136516451939024,-2.1644126352027304,0.5230635546760307,-0.5149159169522476,-1.0004765496493946,1.18506935319107,-1.982945011512081,1.33299408029777,-2.176431541025184,2.00870143203098,-0.40109267108095725
1.2946854344744976,2.1313813419825935,-1.724043217612553,2.5239801519221796,-0.37167816437763573,-2.204485015232484,0.13820274439357927,-0.4713881903962434,-1.121035818714374,1.381482561545814,-1.9658562122786218,1.3057249123291894,-2.303971395637812,2.181412477855241,-0.24514425294533324
0.959594986316907,1.7128597794472595,-1.4994326478558941,1.9777245870975848,-0.3194318804754331,-1.9210942710345305,0.7987950434419555,-0.4005932382429213,-0.8934316137961451,1.0151081558971728,-1.4132835672780129,1.1321485949146508,-1.7066030974417088,1.7234486290541575,-0.36619017075142596
1.1106237775631413,1.753905232847719,-1.4187064632685287,1.9442411998934583,-0.8301227455634039,-1.9336776335007348,1.0045193175935496,-0.43758260360363055,-0.7582188009696642,1.1366204758922749,-1.637689782826269,1.1121590998408577,-1.723633047039969,1.8379817341394664,-0.32788392771511643
0.985105328769155,1.7093326233637296,-1.5050722978544426,1.95547744063062,-0.668179049842914,-1.8668446249139243,0.7874492527785363,-0.4681005168279715,-0.950019558649688,1.2007719639650158,-1.8390539504410666,1.0947350709325567,-1.614584769373112,2.1750077963634253,-0.2992012893247132
0.7952898936386612,1.6394900954369112,-1.4117141428011308,1.8197446580904244,-0.7585047264932719,-1.7084667933522,0.7772697025085249,-0.342946284251776,-0.6508864649220957,1.0691854006594363,-1.4763033981456424,1.0199826625231971,-1.6073932184081032,1.4931235386466422,-0.4766087221769185
0.5546086351275614,1.0659907617709863,-1.043010125902805,0.772737484925746,-0.9223843286262761,-1.078788877476681,0.7499612764380035,-0.2508849088072705,-0.394584362658132,0.8435898666007775,-0.9109749179496294,0.726650099585974,-0.7670279175109244,1.5577138208427435,-0.6523119139760959
0.8318636340868969,1.4423067621422423,-1.2537037108728892,1.464866243001018,-0.6648640455265821,-1.5474172511135835,0.6789282432651939,-0.3351730303610609,-0.5440961458568362,0.9312333647187593,-0.9629641296778851,0.9356142506785857,-1.2665258470526337,1.7028774980359762,-0.6008278960871856
0.6193444370690265,1.1350280214849096,-1.0994338651156537,0.8047077154991563,-0.833907762968477,-1.196766481648259,0.9914614214144991,-0.23794369772981352,-0.47056718492304717,0.8652218559885152,-0.8188862689890213,0.7660263946796635,-0.9354543133620812,1.1721572493602805,-0.5830181136938415
0.907621642111617,1.639411026384462,-1.4371708153690672,1.9185474074751574,-0.4703650985746934,-1.7358832314782542,0.9122131547683286,-0.4111235245331846,-0.875074849956319,1.0181811559633467,-1.5116566495622183,1.0678147093680321,-1.5132072326608212,1.7550583523455516,-0.6093349511351194
0.744695258376818,1.536920235496457,-1.329487109878775,1.7272778062262597,-0.7342237189507066,-1.7066205938708219,0.5554825096314927,-0.3109585791245728,-0.7803411500744708,1.0274326173015578,-1.2132943627200465,1.009397904442253,-1.5269715378732458,1.7049940471772043,-0.6794378826934512
0.5074345000912411,1.023019100058374,-0.9918131928855486,0.8164465575696509,-0.720506273607969,-1.1010885346119257,0.8501457040411842,-0.25276095615995026,-0.30463069710328,0.7317888364987885,-0.7360934793956878,0.6373689353444534,-0.5969073169066954,0.9552328866438732,-0.4311987876709681
0.5812715614543452,0.8685677998788087,-0.8557828602027175,0.5487567050767023,-1.0178453516542636,-0.918633573396197,0.8846614533046261,-0.18324641738862024,-0.1926107965568064,0.721425181208763,-0.41648177051942803,0.5935536538745435,-0.47223484032689633,0.9890069564707233,-0.8303063976341413
0.4781132241128165,0.8310095466447054,-0.8389410040227496,0.4385987738371747,-0.6662024748776584,-0.8220275147455938,1.3164399403321416,-0.1918376563214512,-0.09723192390136282,0.6740910990901624,-0.5769267996728189,0.6074035606000509,-0.4761385780509707,0.5122675573764682,-0.705830010146143
0.5768803511421284,0.8971838391938588,-0.921722038752667,0.5197540781774788,-0.9600884006273807,-0.838400426176579,0.6385070429626221,-0.2945454847172145,-0.24005493648636694,0.6802676378763963,-0.6787195707838776,0.6771673632251006,-0.44305780863025385,0.8854901382838087,-0.6556114543668219
0.6364677263236828,0.8578383754749453,-0.8588498179117869,0.458533723963677,-0.9708792135690835,-0.866901621121631,1.0909782640241799,-0.21900479035607584,-0.130030066556113,0.6582822326912923,-0.6116862619374643,0.6698095693809359,-0.5218942108873451,0.8802630708108042,-0.664392574955627
0.4414748535163806,0.8803136432772554,-0.8909918934702158,0.5545106857056182,-0.8545031683340151,-0.8991717012317129,0.8034170206510832,-0.24747027194972038,-0.2798635245783364,0.6386787362321924,-0.5944639172047972,0.6246640031943973,-0.33902576946494445,1.0428785227592006,-0.5651789114338197
0.5877123624817959,1.0897300115370663,-1.0085314509008885,0.8324218459942306,-1.0347902259830293,-1.1216851251918505,0.8479189042534444,-0.32423299888296697,-0.32190282035693424,0.7606709585635696,-0.9313733425600779,0.7241260263017703,-0.6453721316210379,1.3131023191104392,-0.6643185747002618
0.716818531076528,1.1510354954021105,-1.0529726997715376,0.952752244712333,-0.8019292354194014,-1.1544511369108963,0.8625049958967901,-0.2631138849931182,-0.2597326417999193,0.9212085508398836,-0.9057771435995161,0.7349804663331683,-0.7840900536142263,0.9334060962729681,-0.6218594298309491
0.6073421452075739,1.0436574605936118,-0.9451169214889614,0.8349669341748495,-0.7730722832967796,-1.0693120681631292,1.2403473271714378,-0.30453365345423067,-0.25351354934274806,0.7038330815225476,-0.6206897470579591,0.6872137280726134,-0.6979980878403302,1.276760240872191,-0.564360977837337
0.5985056001078103,1.218903318247281,-1.0936536830838586,1.00491335343516,-0.8330111672503272,-1.2298657861950142,0.7812653885803488,-0.21791977744605925,-0.41414331048719893,0.875966339646395,-0.8087770394371163,0.7903604661951856,-1.0784421454535027,1.5376867643803676,-0.5452476888201829
0.7654937947846241,1.3734122590288909,-1.1643778403811271,1.318399510428381,-0.663780168930314,-1.4583833381668256,0.6691660636542188,-0.2993292610775112,-0.48454645792435,0.911202002144739,-1.0145059762408977,0.8482635656288535,-1.2203237072295772,1.2767690362640354,-0.562409290017342
0.852197728993418,1.723253617461614,-1.4833998828807515,1.8900602080835267,-0.5777406959043725,-1.788254524274065,0.9784965158724798,-0.3862891765203362,-0.9845999599255073,1.1273121906754342,-1.6464581881070608,1.0831080991385162,-1.8571276415938425,1.731024161589384,-0.49800753889962585
0.8012378052357304,1.521261643288011,-1.3387084699312644,1.502453465995315,-0.4802593734683392,-1.6626195052584654,0.9339276192699909,-0.2731919956660978,-0.726079665785662,1.0385132188300628,-1.2979948143441005,1.0399220983426187,-1.294036067556255,1.673678322062087,-0.4746742675571469
0.7909912712209085,1.2332115676352355,-1.131172290836792,1.2641134501288565,-1.028304915319425,-1.4077826259558326,0.7909971324407393,-0.38860211999477284,-0.5427252887760178,0.8159891166843073,-1.0406103016108497,0.7999304425305884,-1.1584434827350072,1.4060046460593743,-0.6094132356140396
0.778764993198637,1.1282255608929626,-1.1475930213665957,1.0367438914244518,-0.6335569660063742,-1.1727205663542775,1.6891503282499667,-0.20405656328986915,-0.4255519450231636,0.8055800349709323,-1.0184112549469093,0.7941791899073019,-0.9191050614901584,1.4195624627953436,-0.6336121683290917
0.5499751484271305,0.9011619906396089,-0.9601349649451069,0.41857563158876376,-0.8215724509098342,-0.9337909372436283,1.0884500425117145,-0.24248684267482476,-0.24197903628192455,0.7382547985921785,-0.7771203999497724,0.6604472640719585,-0.5295562774642432,0.705588715133364,-0.5201876240488561
0.5248656893119578,0.8731516192121563,-0.8486477870772721,0.48851156652028804,-0.7748196238246948,-0.8673285991891192,0.7065891214099252,-0.22890651214919852,-0.14441899534374647,0.6886704361582262,-0.6909741747304311,0.6166830914490494,-0.4986126958090729,0.5993677866701177,-0.5144678474191489
0.4307534849509454,0.7543716236991839,-0.7841274072089295,0.34315788159846616,-0.9092608375920451,-0.7763960420592868,0.8402661248408542,-0.243744374998745,-0.21457929896080857,0.6499187950202375,-0.3659437820312591,0.5673518694913082,-0.27713078602575836,0.5913456712426003,-0.7124978336332691
0.4112717593898815,0.6711426868911043,-0.695980841028534,0.15877696882378753,-0.9799450619886235,-0.6426748498677252,0.6486638967115322,-0.3527768854128075,-0.009380569784461007,0.603144535286634,-0.559579617265882,0.5089248676259989,-0.35725857298999386,0.5419072577087658,-0.6397902957792418
0.43753016174240705,0.6788107901898073,-0.7227250543511614,0.09714450353566388,-0.9367697387452288,-0.6601695305567721,0.9666911309400158,-0.2787774773867763,-0.03270267852357459,0.6653739433569961,-0.16976220576906342,0.5191863188797932,-0.21305932065450905,0.446784978438103,-0.599024345310488
0.4292574307151011,0.7833415221881008,-0.763828194342484,0.24143300523825462,-1.1061872606537873,-0.7839526199709619,0.6009559894989159,-0.31088825928106717,-0.15631054135588573,0.7640410657252387,-0.5422477015865151,0.6065540859857428,-0.3769991748868041,0.6685479991192765,-0.6471906691535018
0.35263892644052486,0.2869721588882281,-0.3984063289763542,-0.2723448776579397,-0.5940712041772003,-0.236453569621771,0.7959598271627122,-0.2617131746069761,0.2569025105756449,0.4433369520487961,0.05393517831130018,0.2897311107940082,0.18893076682265356,0.17125947062508523,-0.6626919788524531
0.3778694173489951,0.3729193851023858,-0.4583807433965658,-0.20859944133202957,-0.8908359767168296,-0.2971139752012683,0.7089664756831807,-0.19487340131137676,0.170349848751361,0.4453227691557452,-0.07111395577342575,0.3825895846264917,0.07886338428276936,0.5277640876709495,-0.701934629881082
0.4135470387320249,0.4860093093677572,-0.5961317232796939,-0.02303572071184064,-0.9949974181786334,-0.36402453657028744,0.193215797846518,-0.2646507223618147,0.005362958256135491,0.48511185340320756,-0.20454212037823694,0.40926612447752303,0.09615762351224294,0.021560371104459974,-0.60462837732976
0.2589433763170002,0.39654321541177934,-0.475712826981279,-0.14714977992057193,-0.9322075525913597,-0.2890124951737181,0.9382041834560318,-0.3160719977499559,0.24203917846688836,0.4441348800206626,-0.24554703718086615,0.3816794941621905,0.10401373830684874,0.23532923411007978,-0.6364064738576308
0.35656414610352766,0.34428688627981213,-0.4224527602310173,-0.3036238952565642,-0.9760205184577208,-0.28866018318539083,0.5454485318938764,-0.2675235774178405,0.10252709239356356,0.5250202037040737,-0.052213319176051244,0.311675282578455,0.04837579174428854,0.1528290190951025,-0.45768185863908567
0.4746054171788718,0.654745965662927,-0.6908000182797971,0.1973843355699673,-1.0020345875378993,-0.5869018224548771,1.0260096148653268,-0.18046231425905382,0.12070734099796994,0.6121430560169426,-0.47768405300495126,0.5433443449455465,-0.17843515154767245,0.7916831710201918,-0.4600718694414216
0.38469093080121813,0.3567096468336325,-0.5155098934761158,-0.15382505052181117,-0.9845011724137754,-0.3261773718418285,0.7168256758724995,-0.22880514627331566,0.1882031586330194,0.5818372284550796,-0.050360294156840325,0.4125886063507977,-0.025745890482491332,0.3182470976923156,-0.5642797478696671
0.2428943294578476,0.44586090919876403,-0.5097276198698047,-0.27691286369701335,-0.998101891217934,-0.36658362030785424,0.30473347492550457,-0.25278117462104865,0.3648244171152454,0.48469647352245243,-0.1886993825441155,0.33814500786588997,0.0074008406452342555,0.6194641138150591,-0.6460868193683873
0.3265514215069753,0.6468891812640671,-0.6389787761163959,0.08870627964514163,-0.7589304907507312,-0.5171785832689297,0.45525948273327566,-0.23214439670637343,0.004114855385028573,0.5664163805634955,-0.296579521710057,0.47788621147662325,-0.21018787824998017,0.7277208835373487,-0.6907136186102699
0.4688014456848432,0.3312119611521719,-0.47523590434063934,-0.2569663306523894,-1.0490989074119257,-0.33702240945102524,0.9600424895424504,-0.2058514291281727,0.45261921485446543,0.4009643834311338,-0.29594869620687875,0.3676407318478319,0.1826538681100976,-0.019923895056062523,-0.6064477965215918
0.39905027329864495,0.249437291262701,-0.31653268298873277,-0.42510728022984234,-0.6868241459648434,-0.2192809300835762,0.21914975812023263,-0.35379260097833215,0.2990484091091932,0.4299768947169991,-0.1127275963695811,0.3409545757047784,0.11192552799879499,0.024006405672648296,-0.6302133516164863
0.40679304560896784,0.4297030899467344,-0.5262956619244606,0.05507397096727198,-0.6921569538258722,-0.39026377412116753,0.43687365690299385,-0.38343111824213527,0.0903681465638163,0.4811001299543142,-0.10561802427637929,0.4955250658087318,0.0634775631642621,0.13384921094414765,-0.5952105417210837
0.24516430236841585,0.1718402857298126,-0.25261197920145706,-0.5139804166085951,-0.6711216487729382,-0.06154093947083184,0.6770818942354858,-0.35274632905360803,0.24267383961139596,0.36038808970506564,-0.13632553685935092,0.30344291570602,0.45608262815800105,-0.33150301921850656,-0.46441493164969255
0.3394030060141987,0.05494123279715736,-0.14059400889448823,-0.6131481146482652,-0.5227276952255998,0.0658601670072272,0.23066365123923113,-0.3261055664282418,0.6423217621163181,0.3409394853880179,0.29421585200940087,0.21488746795487845,0.30964815988955074,-0.13852636087385184,-0.47136642748708735
0.4090487655898795,0.08966035475221656,-0.16805066995566567,-0.5465146323435786,-0.6388707151908388,0.06482658534335413,0.14011393073508127,-0.3832165238982458,0.7013409813905547,0.3400944976291343,-0.018426177085718615,0.2293337857120951,0.21840316944568947,0.10119099125274243,-0.645922453605987
0.10913698113187623,-0.23655881291747077,0.058816976553030594,-0.9371058247059427,-0.5483840188050412,0.3253750211337805,0.19404161208638634,-0.3754832658221377,0.8374744969552423,0.24424497846860155,0.10091517038731054,0.1432526787011402,0.5283792149219506,-0.893662773273402,-0.42759733693529095
0.1618659351837802,-0.2598450782872892,0.09686706305901671,-0.8295579986483358,-0.42594764621591447,0.419153401328112,-0.06494252070064152,-0.41782363311532394,0.6631837373440325,0.2353089767111525,0.05989662732532097,0.15482906499634153,0.43496567275565307,-0.45389853478431896,-0.47395809653232834
0.05471209738152388,-0.15300440081841538,0.04643638566291552,-0.9938535816583645,-0.3857381279907393,0.36309006476768557,-0.22221625474214804,-0.4031953495203564,0.8431104107776412,0.23736331900140226,0.11348925236770026,0.15034201607206538,0.4064211761534459,-0.46206820724023995,-0.5647917013224959
0.3443914500323897,-0.14198350953672068,-0.03685427310645544,-0.7067887041965971,-0.3451323537681958,0.26623800834629907,0.3678357334627308,-0.34289170689974935,0.6160373295210871,0.19342164200986833,0.24213823096684303,0.21398535552978584,0.3420045472649892,-0.6136597989945247,-0.48112645429444006
0.16787276186854563,-0.18992824923571575,0.017920610888864912,-0.7334546735456807,-0.08109872509095849,0.26661819010705584,0.26469148265361636,-0.3564019382280315,0.7208486805045887,0.1854887345244145,0.10242434855318647,0.14295299520008475,0.44447428638913106,-0.43520480592129074,-0.4277746322881117
0.16730880079479002,-0.26517614183700416,0.0898713696199192,-0.8071251263156191,-0.46928985606580503,0.35935553186598257,0.15681449100014383,-0.46440706549864275,0.9240143697476306,0.23031494169617647,0.20071542020875646,0.08856242949190972,0.3981539981251015,-1.142844555264309,-0.33361840069591675
0.26430850209749523,-0.31302967822851524,0.09652307470037788,-0.8642696675593587,-0.32527527304787884,0.4459780724821145,0.30212562818471184,-0.39908248407932573,0.681047612630261,0.15857237496611562,0.3940435866882255,0.1172432644241627,0.5339751339031196,-0.9800138969761562,-0.37773561059780114
0.08244958403964942,-0.08276539383878659,-0.005376966887781698,-0.7318250587476501,-0.4380987077886246,0.1994188389910474,0.00525021124777925,-0.37327674179617265,0.6853063279854716,0.12317817429817669,0.1874467551794163,0.19340895920383755,0.5127447446956551,-0.5832603672831572,-0.5486220117581139
0.2411385926705469,-0.1143767230280763,0.004242783061571583,-0.8542167327568606,-0.4017102638486239,0.31842428926837957,0.28820246890597323,-0.4216932597711744,0.7430498449588909,0.23900544426598064,0.13091297812062033,0.21734964703553147,0.5168227804079558,-0.6783589618172997,-0.6409990915288163
0.2466344302860719,-0.16196585818454087,-0.06762803491869533,-0.6999816789055866,-0.4656250641830429,0.2444646422315312,0.0698776076839849,-0.40729855091828976,0.8401661316560634,0.0961080573450904,0.12729016594270662,0.18706526002589974,0.39051197121360487,-0.5949307078350591,-0.45685023348472936
0.2508336822129732,0.033427277128726306,-0.1719384098550196,-0.6380153821152192,-0.4569343306791769,0.030272964442790765,0.35474031746962925,-0.30586854729792834,0.6718245068823759,0.38388969940668916,0.1513153553170241,0.2873504758465606,0.26755627209343175,-0.09501270417052092,-0.5862719841157641
0.2823566967255592,0.3636125831831717,-0.4901354371734154,-0.16764221723679368,-0.8243705988727619,-0.3088265624642771,0.6010077635627142,-0.27157569961161887,0.37030282017083704,0.3280445888490309,-0.15838309324789562,0.3605640249035797,0.14608155620861984,0.03749753997355744,-0.6809545170994785
0.26876704588519273,0.27935288043421796,-0.3526280054934729,-0.36904280485885477,-0.7136946814851013,-0.12521600161549773,0.6352510212886953,-0.31064135690481876,0.27325126681928524,0.39983303746043436,0.09682537511075566,0.300496981370147,-0.030970954638813976,0.030811862910796052,-0.6874624639625423
0.403936754737198,0.7665428029076675,-0.7769181814794709,0.2674635202629298,-1.1936241330435116,-0.7809118122476632,0.8024085333065425,-0.23252773315528757,-0.05270129462767515,0.5135561009240994,-0.5310007562760389,0.6174481242403544,-0.3329994213589141,0.7859310960672709,-0.5960160995219494
0.6413115193922684,0.6507128787425707,-0.7319787503819275,0.24813248011748387,-0.7708989894332893,-0.6036809725673279,0.6442747012992923,-0.3084346564975507,0.10044792980738591,0.5817048156324028,-0.6407388352727948,0.4989618396863069,-0.337538788515731,0.1925918085026785,-0.6571776943032618
0.27540593070230773,0.8320501447580737,-0.7823920776211242,0.41906993437159373,-1.098247133389353,-0.8258907136145364,1.4724834194662595,-0.21255007135585754,-0.12844721097148282,0.6095724502852642,-0.46652029785725363,0.5775332044416673,-0.420224420589889,0.9526316260835962,-0.5591023726958197
0.319520033291898,0.5123621843827426,-0.5146773518847095,-0.03420590799483959,-0.9216835107294628,-0.41912471384187816,0.908470681992327,-0.2565933617668926,0.07309055696806666,0.4300555975401782,-0.1988151605068928,0.38245753143131717,0.04376999896200851,0.35002762319781994,-0.7216984146138046
0.41574551839081403,0.5169399570874651,-0.6238096034060945,0.03126474808278491,-0.7549770512216123,-0.4747083915085459,0.7692415885391827,-0.19593248714634498,-0.03561566893851143,0.6498255886811009,-0.3654551020145169,0.46988708212111974,-0.12162487467029326,0.5753488480073224,-0.5660445975000632
0.30107263418293234,0.4040544927588201,-0.5817496171935947,-0.15743180354806077,-0.9983979039011701,-0.2968899304285137,0.47652532849884005,-0.261617503009673,0.20331757134047224,0.5005017126720801,-0.19375993010979445,0.42395442577352954,0.05833830096112073,0.5966632759113997,-0.6420890202431941
0.48421054619788556,0.47391633273100203,-0.5911838268332564,0.011454375037592111,-0.8125787636129421,-0.46890530585689627,0.5224832068564877,-0.2644474614194773,0.13669016999519953,0.432257797764626,-0.1662670104204469,0.4272723322877611,0.0723297355727332,0.6238456022403785,-0.4482726842345517
0.37795948902935905,0.47197102866726126,-0.5416765597610054,-0.174431056823006,-0.9304829357001386,-0.29365165104978047,0.9085074406582624,-0.18386064868081214,0.06382365966367118,0.5643468544106381,-0.08348659656589578,0.4535084983855317,-0.02009480361703757,0.583955032906649,-0.6628906192734271
0.30291940471266776,0.33436842443731524,-0.4596072112397961,-0.2798247638482892,-0.6910617517052737,-0.29309064381523464,0.4664858684621895,-0.32376739900686596,0.3690460655410823,0.4056665967797569,-0.07771148577764461,0.3631247528226725,0.12283639540025527,0.5086427327952927,-0.5441942753160647
0.3170017986391838,0.456626822560037,-0.4293282297922336,-0.05907829615785598,-0.7542411486485123,-0.2595989305435909,0.701682494881027,-0.29297717591242917,0.2872486952655572,0.44718954442745623,-0.2620013032242263,0.3862957609071113,0.08051530590263288,0.4334503825517845,-0.6465121475007741
0.33984940942919023,0.17437619221814213,-0.3772475777526295,-0.5188255665447192,-0.8398982817891953,-0.12590183388956322,0.49489040190603684,-0.36147172197873595,0.41779008493838626,0.49564565396330584,0.006741708836602467,0.2508507132036815,0.26334512522668324,0.06773902875230053,-0.5121459942485934
0.34467187351908735,0.3654583311408665,-0.46178443045140233,-0.20494814766594296,-0.7866124245280929,-0.3026251070627335,0.5478687739976642,-0.3638472318308878,0.296401870294626,0.4898866583018923,-0.05420471666918469,0.4224930163624896,0.009273904247439974,0.3336774940240603,-0.5882156960299273
0.3001489269496015,0.32948465776721064,-0.4486904390057301,-0.3285891677713563,-0.9586696818386363,-0.2211795570099304,0.7136260797912363,-0.2605195026752039,0.31135872740855536,0.377982908979455,-0.17474129123074456,0.3691152545414416,0.15026082955963926,-0.34075288289160904,-0.5568671751038486
0.2954815114486486,0.1471859899921601,-0.20699420823190717,-0.47919744345744025,-0.8121994669167197,-0.05131835004101506,0.4091455893713283,-0.3857051126344362,0.506512355672761,0.42268773321142683,0.11002705910573729,0.3183608256946651,0.2528719450860245,-0.23293944189364088,-0.6319702230497746
0.34000733127048477,0.04653182236304983,-0.1447966734609195,-0.5381931794325383,-0.4945332041013899,0.02253765005430151,0.2017449084643081,-0.32640794086198477,0.5378707469593004,0.3870808703151383,-0.12858028794815088,0.2430703065064398,0.42238822385939123,-0.14828550159146558,-0.7057974200051323
0.1693235688842258,-0.25777075819710454,0.06023115982232682,-0.7871131844617171,-0.6487592078334724,0.42762168828939817,-0.02389732866378566,-0.43939508662367277,0.7686811145480215,0.20438895533645035,0.2863647408259823,0.17212258037375264,0.5399455395991293,-0.9109635301700314,-0.5572058665850261
0.19062612722350697,-0.13179336634200958,0.002797779895178591,-0.7240896149693259,-0.11399963732906378,0.32948968067748824,0.1614640690634559,-0.3889392332565694,0.7004617961190385,0.2671962141854358,0.3579722913896922,0.20887707552525206,0.36327437674303387,-0.23530043767258638,-0.5033034285149558
0.031247244574898986,0.0285911896943785,-0.23762699617266092,-0.5107449906469388,-0.5038200376070954,0.01692525156499754,0.44696204077136326,-0.31439448452306595,0.5183577432628288,0.27713165390527633,-0.07030317619463758,0.2443057123857584,0.07931768269119754,-0.25646020895918054,-0.44418115133153396
0.16779202044862862,0.2907705757174418,-0.3552291973259876,-0.41019181222142453,-0.6702786499247703,-0.2078937457206852,0.8115387344343457,-0.29473493173814613,0.41276960396478024,0.2998125568189398,-0.12457468572143503,0.3702256157448014,0.1783034172720623,0.4496809007460868,-0.5687735910977306
0.2582787582318551,0.10874632689485841,-0.2863208875294452,-0.41030827890594124,-0.7835904726876753,-0.1364886404655295,0.15576341118757625,-0.28335810616886603,0.5024030092617899,0.32767106121406464,0.2212759781373833,0.26757326212251786,0.29709296011425296,-0.030273568880294883,-0.4553270641990635
0.18116989641040043,0.06159857305243196,-0.21759273278324223,-0.5679936779065629,-0.761728569491973,0.05070398183805542,0.35075397972579136,-0.3046906032395478,0.7110758560949384,0.3638785114322276,0.05575660896438464,0.2673960366969188,0.3796494446457685,-0.20096627810364975,-0.633497794857805
0.28715887209352137,0.07941790809738407,-0.15929060888833607,-0.5575271106270647,-0.4158381172324984,0.0017667723310826231,0.6471641621972481,-0.35831882394234277,0.5480791684154308,0.3035777806446747,0.02925517564648682,0.25145039093711186,0.23565913307118572,-0.08748121182030205,-0.5387209234471734
0.36981145175563923,0.27121488828940843,-0.35160984162413317,-0.4096217659518865,-0.9165706366398523,-0.18089644994121107,0.5501934046852407,-0.28423317337767684,0.22308065233287888,0.35154600219083887,0.09913219192516322,0.3282598594404887,0.20531708386535794,0.15634344091166327,-0.5037699226890293
0.21492494945475124,0.09769241159578063,-0.20492695828397967,-0.43399796613699754,-0.5859209076564863,-0.04040137619859489,0.28578663956276384,-0.39115929523400095,0.5833596323835648,0.33880300763923893,0.10067320750868979,0.2548535809202691,0.551090308100466,0.05814097026429585,-0.6240916909500318
0.3649372860058573,0.3498466832980955,-0.4339797511403525,-0.3240869974029903,-0.9058367106590597,-0.21184294934445408,0.5859406813769484,-0.28663722036306005,0.2921414887061378,0.39612048020092255,-0.13921662345027846,0.32447887082230725,0.08583820620627741,0.3173150307908546,-0.6790921176874131
0.229057924646906,0.0946799751612029,-0.2523252673496423,-0.49842337913799334,-0.5673473074021602,0.03631629763111112,0.5856416318875032,-0.331640175388949,0.4878606810889588,0.36638996839535737,-0.08384332220814217,0.26033272512426,0.2487117077379542,-0.6244902986653786,-0.5883236054839367
-0.12462011524960488,-0.38241133681139783,0.12128059549154262,-0.9507855316514453,-0.19601670971856822,0.5332728899608056,0.02516250399135616,-0.486976406649826,0.8560852807813034,0.12745769911714927,0.21894161709850476,0.08484762705481846,0.4044791045900731,-0.9914883887730948,-0.3388880671759122
0.12894227206571163,-0.3814186054569707,0.19911219612957,-0.9903258140035415,0.35482385774542907,0.5141617896108529,-0.41288174347608847,-0.3947826744468347,1.103094906874795,0.019863210048002813,0.32110909333073046,0.10817755048656204,0.5937044664196856,-0.5251125832364215,-0.5032125279472375
0.1338339118204436,-0.4098554207877955,0.2729045760228389,-0.9419416950356764,-0.10391077329859108,0.6352886012862387,-0.32691041243272406,-0.46613011421631945,0.9052244234120002,0.0641143833494576,0.29229632845961345,0.057817512312795055,0.48717847110967427,-1.1565701545584248,-0.22315343271488017
0.17952674739932678,-0.2976014836158189,0.1994819546681064,-0.9122546779984236,-0.28870488883389916,0.529383473255791,-0.1202279205749112,-0.4454630997797072,0.835890418231475,0.19797257841670174,0.22085615521045474,0.15476851189463034,0.4881851791743434,-0.9410955578273513,-0.46797200408816986
0.27052077851382605,-0.15340236921905165,-0.01743868860054676,-0.7910304826028877,-0.514399032665516,0.2307896344757856,0.22531769018007264,-0.32931346407996454,0.6375780914493643,0.28647986992056435,0.17990819748771228,0.21684157163603818,0.41490253418480505,-0.9224962787352559,-0.5101206345233091
0.1703735875377466,-0.043659997298545694,-0.13359005279987746,-0.6327972848076966,-0.8824074572208391,0.040138613732697344,0.12131043440113078,-0.4766779841785851,0.7202105700702598,0.49678066543270094,0.12621875587458162,0.23004457980942603,0.5371369690525665,-0.22705293874103585,-0.596952624889298
0.3969161541927375,0.20770498053181183,-0.34028353552784246,-0.4948288882348337,-0.5357326582937675,-0.08103173444203912,0.4051613050499532,-0.2628662627063286,0.44314476278140297,0.3937092734376859,0.0016989861872544047,0.2794288951926358,0.1205258114961346,-0.1316811533983146,-0.6397261842645068
0.31364680470987955,0.4848052394711228,-0.5282408737859835,-0.054648960001571614,-0.7537211220349902,-0.32169666252762674,0.838573102261488,-0.25682832991676824,0.2966943183623774,0.513232735566087,-0.3937107767905146,0.3880535088515067,0.011318569025721025,0.39325276081456884,-0.6704875424674612
0.24110012476148973,0.13363145873226043,-0.21062767780173447,-0.5315209381263882,-0.7353032789043292,0.0925801913322304,0.7868027697763362,-0.2989154960411688,0.45629036694646685,0.348298548817598,-0.02051650133692353,0.2747178443639768,0.274654165081432,0.09191546585254282,-0.5259392447111955
0.32135950246078465,0.13382026359133556,-0.19777993929004334,-0.5511354849309135,-0.7093550181656817,-0.019384698539509332,0.04015729764762589,-0.31315059897965547,0.4944449892798661,0.3460378484316148,0.00651386426906903,0.26141787953688517,0.40105498386791405,-0.03339375034314195,-0.5152088343916871
0.28159999145525755,0.016101682215082198,-0.14221109041429533,-0.5681178462995174,-0.453137790359208,0.12063562105309326,0.6507603794964443,-0.383445897817881,0.5927900009250282,0.21980359691781978,0.09166491020859406,0.24422316783679404,0.43003529725338785,-0.42378239788827116,-0.5539566232828794
0.25743416765557053,0.07016215096896151,-0.2117627237620276,-0.5745997390052785,-0.5453784428183558,0.06928059875975974,0.40136016001529184,-0.28972010520032826,0.32909058248683004,0.23268781708800426,0.02993268693511508,0.28958653357243386,0.29814595946146033,-0.4872321663062868,-0.49873761995507
0.3711133098550275,0.09565756895901986,-0.2932181540211848,-0.4892366592523007,-0.8406786407034773,-0.01863417482588903,0.39338289941761756,-0.28506214905536326,0.5610449605328729,0.39418297820781484,0.06080779744869159,0.26591261426843327,0.3328508287658031,-0.2333606891230571,-0.624181790548925
0.21520762076858005,-0.0524878762918768,-0.09740004038592152,-0.7276590690040652,-0.6614894837700341,0.25573903606128834,0.16968335193740797,-0.3917505934885787,0.6542036516697592,0.3237202581355011,0.16687706972167027,0.19749374929568522,0.31158174904485314,-0.4878481279829707,-0.4442191004113777
0.23709489711769346,-0.062390442384739786,-0.0868710768389945,-0.7403427149636983,-0.3417297403641348,0.08490090211902053,0.38037319798323865,-0.369734187340204,0.6414667272550703,0.2603327813413092,-0.030763388153092874,0.2574173331530847,0.30075868396725247,-0.3315075996190307,-0.5872504903891518
0.26447863747297784,-0.1611059753872768,0.014715158284508157,-0.8539349476401277,-0.38718242835257016,0.29360156786482366,0.056253720476636807,-0.4295804241828134,0.6322000873175635,0.2236504900710603,0.2003186291397393,0.19680838383924074,0.4140561571176148,-0.6564362099000337,-0.502261079498828
0.30485095610181906,-0.009575453282686441,-0.0578800138007092,-0.6515631609713862,-0.479411534727744,0.24429435912929243,0.47366763723386274,-0.36056938455116594,0.7203538797723179,0.3866803091411053,0.15208119546304538,0.16433024645476446,0.3799147133994222,-0.25275879529571227,-0.49451468305158136
0.30759643522655356,0.00420429368798342,-0.11312493968940228,-0.6931211754169567,-0.3762194480419928,0.19080629871927252,0.64671248060241,-0.36989780048767146,0.6493923738580056,0.2012535030541727,0.1975601016796891,0.21731517918888937,0.5066456583392578,-0.4314628850215648,-0.5887871940757214
0.29825629667494163,0.24531244157124305,-0.31768122797699727,-0.5378488829342027,-0.38930739287860733,-0.21889359518296495,0.5889209763089677,-0.27819822912073244,0.4228138095833791,0.30433117273356586,-0.001738238346915366,0.2639788583207928,0.11778052999345846,0.47006687142383696,-0.6259350325278467
0.3996492133229674,0.5866475003862441,-0.6330566863575914,0.17500859453999093,-0.8651085649804895,-0.4971986098426451,1.1240970241406494,-0.2440303483757136,-0.047078280902848865,0.47757222430287355,-0.3635461290950406,0.4534260218955386,-0.16138605964161043,0.5534742536738398,-0.5401844512755065
0.47068058827477993,0.668305236925329,-0.6849380638951033,0.0869665606436859,-1.315052180414774,-0.5920714018132864,0.777772442986077,-0.26362773836775366,0.04196258616699611,0.47254768041147294,-0.3975539118227017,0.46990870018859027,-0.148366658344484,0.6814001264768044,-0.6337324134173233
0.4757691530171502,0.6294305619081866,-0.6418861298003329,0.1017965523743713,-1.1216646752802508,-0.4853796726087888,0.672394833881919,-0.3213424995272147,0.16379274051691192,0.6032736565223341,-0.2378373797138547,0.48105187861755627,-0.31189670372253214,0.4893486028450502,-0.5645244615016367
0.5125999496445088,0.9138187785697258,-0.9064961667247151,0.39624682465514466,-0.8926964189392903,-0.7493710276880721,0.6603191449178675,-0.2597260753692195,-0.23288144954173506,0.7582619574821047,-0.7345479881635756,0.605902594409465,-0.5471566385488349,0.787780222499358,-0.690566001653926
0.5649982171850235,0.9111464806747311,-0.7986875643756243,0.4600565327789178,-1.0939811935951924,-0.8569731893772462,0.9504661884404995,-0.2226556514033146,-0.20593698462990234,0.6108037994574862,-0.7139705011836113,0.5790964332305933,-0.5750942342223437,0.6154235891274903,-0.659878110279441
0.389819086404984,0.8742018855166813,-0.7987622605159527,0.48974557773955474,-0.9769129530496828,-0.8399303622647064,0.873468796230853,-0.2571656615434672,-0.16646267924585656,0.6650232719747218,-0.72087553548563,0.5969276056910033,-0.4062963193581469,0.7004249548495236,-0.5684982995167063
0.9083700496819279,1.3491913942278078,-1.2001691091756619,1.2348765575321488,-0.8006934531434768,-1.40286252377287,0.7801021803378021,-0.3228785274310741,-0.6336457840383949,0.8447030183845575,-1.061702859297152,0.8519744542019301,-1.1845452439099566,1.1141609277352227,-0.6251779245431927
0.9075534253045207,1.5838890777511727,-1.3681023050212813,1.6027675980214855,-0.4652215633754243,-1.5966214260641285,0.5635025073695814,-0.33556748916136425,-0.7185773983881201,0.9532993254880087,-1.3428848334680958,0.979229476437437,-1.5539002280477265,1.7713329167688472,-0.5712722860029205
0.7069459424069275,1.4046363250556317,-1.2579922111940145,1.2429391508992857,-0.8801943446780695,-1.6087492656142588,0.7522465263440772,-0.3693943900272604,-0.6639927124870614,0.8903541200418689,-1.2505042389149552,0.940323719464008,-1.331803818548743,1.3610848356431904,-0.4484175522740726
0.6419344620446629,1.2140353573197833,-1.0977810867489983,1.0410934247416834,-0.5648300737717618,-1.2607778528162967,1.0099492121299294,-0.2667579877191369,-0.4929519142390571,0.7798625051570957,-1.122541001843079,0.8307295533135255,-0.9495570691772015,1.1355846774635883,-0.5172799675953537
0.755521806068945,1.4683910682773962,-1.2603953044234137,1.55192341611718,-0.4524545720406468,-1.5900409864713394,0.9674255894419365,-0.3234585662766181,-0.691140849750655,1.0908619702683058,-1.3002293089730255,0.9758054936811607,-1.2869417028523418,1.461963273956402,-0.40885074952922495
0.8888746365013608,1.387082317083161,-1.2266011887480173,1.369592276029267,-0.8995778027736516,-1.3885037101166544,1.1957853133014567,-0.31955437609167875,-0.6884678591213418,0.9761758050661651,-1.1496787668155224,0.86406875137206,-1.3891287720298169,1.745452281146458,-0.5926425863068986
0.6054129239733147,1.0198390033687936,-1.02427064186272,0.6964110143599826,-0.8680359419384025,-1.1310557511932793,0.9494067869903187,-0.248784919160335,-0.3672225291030883,0.6466361524403699,-0.788761963394036,0.7018255603419156,-0.696687084097687,1.6693572951276037,-0.5582336974187697
0.5578271207320539,0.8379767049710823,-0.816650474920054,0.48630507761704206,-0.928616976427716,-0.8031552749418603,1.1608387122423283,-0.2492140461423107,-0.31538805247930213,0.6330552244340419,-0.5807455186727369,0.6064698792902132,-0.4492018049743618,0.8505610443437948,-0.7193166676304884
0.5220460951650273,0.838293995667665,-0.8239524512356062,0.3869352477002297,-0.4990724544139207,-0.923321926455471,0.9978450574289959,-0.2280779582065981,-0.037181199900361145,0.5817876047692301,-0.5294210289471394,0.5701481640956302,-0.3949754485784839,1.0726251364835493,-0.6610964814959424
0.4450898435776828,1.0407161775121871,-0.8959637012038091,0.577038817690866,-0.9436329384307981,-0.9940035454768053,0.8324325325665038,-0.2747704563165964,-0.24870973583255412,0.6810866402851304,-0.7285435149320196,0.6129047835553032,-0.4931973620673263,0.90978365898624,-0.5809874716327391
0.46385379022894885,1.0885292545376193,-1.0185144470236764,0.8069335198190098,-0.6227899137330549,-1.0975152001000765,1.0527811748743412,-0.2719571147341189,-0.28600555909911957,0.7609678420944785,-0.9581663132148195,0.7394288566592032,-0.7107303562027546,0.9955050830788045,-0.6263905481684445
0.4056364348466038,0.8743797238802338,-0.8842889173849091,0.5460606111734148,-0.9623331336355936,-0.9431013701830668,0.9748203786407825,-0.2570039024929733,-0.41496227056736873,0.6271035041252403,-0.5439593612088048,0.5931335628047031,-0.528979995374889,1.149423562684656,-0.5024744648007136
0.49522358694149693,0.8379075359029405,-0.8417884226680702,0.4444687447665209,-1.00361956862457,-0.8857080268211397,1.203291582899914,-0.21423936414516045,-0.20519941422030688,0.6159408750006576,-0.42966727488385187,0.5851726350184246,-0.4857644699924978,1.285538789122814,-0.5671213798726048
0.47096742450069734,0.6561843910605181,-0.7314555421191331,0.23768613412946735,-1.0485523354259842,-0.7276081377180893,0.6598768009013449,-0.29151076171674106,-0.030024078386997298,0.5302604740154155,-0.3371756739432447,0.5347145544939987,-0.2624716254577999,0.86725830561331,-0.6325345997500279
0.4109935875851204,0.6517912412660488,-0.6331712243100943,0.15591487367283904,-0.8596740942957831,-0.5437936925237719,0.37216235211576365,-0.2994551178825128,0.15592399605249566,0.5917979623420333,-0.24321708874517883,0.48044445371935185,-0.3656446789679924,0.8418306401754356,-0.7287383538175275
0.3402868731320161,0.4249045862116594,-0.5199925196696322,-0.14782012161408462,-0.8221392114215832,-0.3772266067839199,0.7005006195231489,-0.2157948342067191,0.06978905123449966,0.5198111063117218,-0.002314141293921607,0.4021883622896058,0.07367497152752131,0.3371029033264706,-0.6147591313919062
0.29756204959588645,0.40770423617083645,-0.49015435043342187,-0.0912090127005424,-1.0109035144992644,-0.3067667157006079,0.8100527789960154,-0.20075290568621548,0.03674411287596692,0.5082579061031961,-0.12746782496400566,0.36727374283084374,-0.0557644450825808,0.5765051119003868,-0.6694018085127411
0.258259030711378,0.22581269112212055,-0.3474761680529159,-0.36469953540765326,-0.6546006803422583,-0.17451418533158797,0.345408863719421,-0.2661086178394904,0.3613886150571462,0.42895894963547254,-0.1717567252589879,0.3037134259013084,0.12127415154866647,0.0823349626393617,-0.6403738059118389
0.18212795128152248,0.07970986620987104,-0.2462962816568904,-0.5337246905363976,-0.3979499951090019,-0.04124415039674422,0.4445488982651257,-0.29077505727528125,0.5386257603424726,0.3413222690604135,0.030121085503614996,0.30545119410607036,0.3948717061430096,-0.02291839198126277,-0.5660463589407139
0.36769417935729687,0.17133821735663568,-0.3352282424829383,-0.3700115825402727,-0.5719713391178288,-0.044947532385197136,0.6255136295034119,-0.35474030368891385,0.4788666481284946,0.5278312106844167,-0.028549911128106363,0.31495994401005273,0.2906743171195865,0.07895052763906306,-0.7408076922087835
0.5039972867220603,0.5869035316777031,-0.6548887709921735,0.06505666929042081,-0.8640638002192386,-0.5729163017647892,0.8692250725284559,-0.2194848245883862,0.10926940364202843,0.524886329671282,-0.24681078655788352,0.48616634521086605,-0.22839027893384672,0.6233484486624565,-0.8309202518077368
0.20375882513426194,0.325083718263301,-0.42083946735400607,-0.3566864642275816,-1.0843259910296343,-0.21300601577977382,0.5683049772559,-0.2816598300870772,0.2691308120270851,0.4330382774145358,-0.029087574056203228,0.2936808380209457,0.09578964920724246,0.2676513232913511,-0.40601638433758624
0.31990583943539913,0.21918568463765403,-0.3570103253616133,-0.4018451537682131,-0.9384893074547005,-0.14174360946848544,0.5712617556789358,-0.3119480226444754,0.5221572111931784,0.30321131149578806,0.009683887267765114,0.32842924488096154,0.3686963246377853,0.20801539096797494,-0.6583127747159794
0.6169465907166413,0.5770958619865451,-0.583224338520505,0.06430033184006635,-0.9902653931292309,-0.546827905589899,0.6480675682055045,-0.25819708330017865,-0.040931721997238324,0.5311484892415143,-0.3618081791151219,0.4395853583364457,-0.1230210442767849,0.2136106141661683,-0.7071126142182036
0.49861363665867187,0.7106637358420734,-0.7037228100150379,0.34998229029831013,-1.1213430822272403,-0.652393562490059,0.6977882656362464,-0.22529071716522917,-0.13579872389635128,0.7046627055929902,-0.4626388398210771,0.5085662107551447,-0.25839607351921695,0.7600822760335619,-0.5864622003432296
0.367247160473054,0.5646657975667133,-0.5895059275409087,-0.08616183369825044,-0.9977225994156969,-0.44818143492568774,0.6867844626589718,-0.2700383049512473,0.1850635779572447,0.5217771550788621,-0.26415464593067883,0.46577642731119007,-0.16467535645958248,0.5260037547359563,-0.4742094472314662
0.3630359074452301,0.5515759604352172,-0.6092649319179337,-0.035323298849884915,-1.2282056998560227,-0.567013096431308,0.7271011138635499,-0.2090580278995473,0.18657395171548785,0.5983928161226771,-0.09539952908884855,0.41739756710968495,-0.020690891617439536,0.5838783442807063,-0.5362115003030469
0.5596425588353979,0.6160042316750532,-0.7060910383319652,0.11447112855827002,-0.8789761925427839,-0.6520464942573732,0.8826957133507477,-0.2284095079403927,-0.02390826877600381,0.5994795638020589,-0.5068185370436424,0.5256328094330665,-0.2865168511198918,0.7522088015099331,-0.47125638611532855
0.4133217561979544,0.309677820772128,-0.42413726421150744,-0.24109574109704102,-0.572745587558403,-0.3126351624221559,0.577773453906228,-0.33434542260875655,0.30630709271754425,0.5849945624546659,0.09088309840400845,0.39463850423380836,0.048427456366289055,0.5319637723320877,-0.6033527940196391
0.5023538507984013,0.5985819439305433,-0.6488417275214579,0.10199634845178995,-0.8149378679088709,-0.5184261850718602,0.7286956197364746,-0.29479048801783164,0.033026442191655424,0.548512967196542,-0.13109352055384754,0.400911026520814,0.06197257039933651,0.5922495139641986,-0.6755352981008742
0.38948800298720365,0.7416174663726823,-0.7370542841157736,0.2625075902949122,-0.9849146030584599,-0.782441109509616,1.12290040332442,-0.22068568887764828,0.16217770564673564,0.6582703744353499,-0.6529515172533179,0.5808004655584822,-0.25243578853521786,0.5815955300782046,-0.551324062486318
0.4960859450155896,0.6751742370660005,-0.6957302436309675,0.12494868769183647,-0.8459620636657981,-0.6896992496299316,0.6872484078944328,-0.30027975518236155,-0.020073771893079562,0.5471359850742933,-0.268337470785345,0.5733840241863966,-0.17355144114164528,0.8668955294305343,-0.6665880595133868
0.44316769929222355,0.5813020797830458,-0.6556252651925354,-0.03284035924126622,-0.9382270103141633,-0.4773654142285827,1.2014146403988892,-0.2966689403716265,0.17841389857828371,0.552328577258537,-0.07330379804038481,0.46494365398647347,-0.22029477440565265,0.3053498355091475,-0.6025705794096472
0.2700708207653216,0.49689446133893433,-0.5302621068981929,-0.12663525410275908,-1.0131880043872263,-0.39495281614869754,0.8439932533176819,-0.26653116699971124,0.13202474214556512,0.4837939512996288,-0.11221463528594056,0.41427475384715307,0.09508314949261472,0.7338555778973108,-0.712094165582401
0.2347630081910961,0.2922881863811407,-0.38801216005970696,-0.31417948465569245,-0.857584898910376,-0.15312297232304742,0.5772975828976412,-0.1921048632621617,0.32220909992850366,0.3202421438756638,-0.13075181433085453,0.3476620887640017,0.14277728591173244,0.09477992286720371,-0.668899561205552
0.21645201713122447,0.24093123569209937,-0.32857675340506504,-0.43125312044611286,-0.6919949324819652,-0.14145101475609492,0.8172966022571416,-0.35200130577810684,0.4922439415846804,0.3550891403009381,0.039385443770836005,0.3491685076707036,0.207337565528686,0.46870098514301756,-0.4670862856350111
0.35672581451546453,0.1710305860118778,-0.22974160072921002,-0.4768257032809732,-0.6152889581496682,-0.007275573798476635,0.40932463800430285,-0.31140454848649884,0.4064093764578129,0.35706549577897134,0.0036586272129056924,0.25604304615293005,0.16225658368643778,0.11260663036961834,-0.6833076670336659
0.2891582923884867,0.1870022514191049,-0.2837899677916282,-0.3407235663498771,-0.49400994599395875,-0.14820278420355606,0.5709790549124825,-0.24827343393312323,0.5309117896580736,0.34561451802179954,-0.1596037606882142,0.25546297763483145,0.21718809171642542,0.21109455941770577,-0.5919543415788745
0.37921187675342194,0.2010753031917576,-0.3257093753544168,-0.496968948368941,-0.8554748782053403,-0.06910676754883958,0.4475645844833102,-0.3327618452980833,0.5854201046940325,0.3510184616046867,0.10793982378810092,0.28003230285835456,0.12983135021210013,0.058293110760519636,-0.757738130128887
0.34795907333885073,0.14924117208540083,-0.2428425544926872,-0.549730784836813,-1.127145200671207,-0.08049379593696382,0.842816457551271,-0.323627542962597,0.5968254080907721,0.41383908715248785,-0.2166787280254065,0.28959431904113897,0.2567504912138298,-0.2115441847708549,-0.6716540046190335
0.2995957522709494,0.14614663651673812,-0.26255043793387234,-0.5640825049641188,-0.6466056795965857,0.09391544670327902,0.21873525572501684,-0.30112397625181503,0.47435694705080944,0.3205528199705968,0.17161650361004022,0.26676607701418925,0.09852312191530536,-0.3374844214473802,-0.43011836986415714
0.19591376824738926,0.012788236762336763,-0.17344860921531677,-0.7438743403109056,-0.5044939069426028,0.14971744398896636,0.7859948668605413,-0.341937002536759,0.7697607358638955,0.2752151295568392,0.08299241832694508,0.22102748510571996,0.30193257215585234,-0.12243054945007831,-0.5329920049526243
0.2339545835231868,-0.12535309051644264,-0.05399185848804904,-0.7639512259699667,-0.7695447896049378,0.1418760225897793,0.1364990239758324,-0.3474216124750169,0.7999296477905887,0.26507794133868623,0.08338944536801139,0.19041088887449809,0.42789157902286473,-0.45015044953048966,-0.596036222128024
0.24725436835779435,-0.1121308625059139,-0.06326546994742906,-0.7221728677857405,-0.2587080252327039,0.21149995408903977,0.19968139505830917,-0.37349694488127555,0.7730706447560961,0.18916097413892327,0.21310413223379596,0.19822529768390262,0.3335058002403098,-0.8424603198816882,-0.36086664444356314
0.2821581059007788,-0.06698117269136443,-0.2195276266416861,-0.7370515723417904,-0.34243029552536347,0.06938444615910337,0.25871857104835316,-0.3078070280761671,0.6253568820579538,0.2972905820413051,0.16453353393841133,0.19440361743778117,0.2696000484716069,0.29497161944210604,-0.6144913696016213
0.2753024729375041,0.0006200741684137408,-0.17575158655599923,-0.5693778774303373,-0.4860359272790307,0.11406366413240723,0.00900991343246824,-0.41277113981823554,0.6752877502837595,0.1889509983204171,0.005337191732687381,0.26693381457234544,0.2603729473844294,-0.27124492475022416,-0.6809618973616649
0.23656526207241743,0.020362650675063,-0.1881254933422748,-0.5733174321926623,-0.5194830252255392,0.16684057858009504,0.13830234317925655,-0.2702866356317867,0.5798635364025733,0.452469102492376,0.20981763271134904,0.28238485492373827,0.2159736265503729,-0.26176820043894256,-0.4859739766657425
0.31379964398704896,-0.03574585618341754,-0.1286191091829402,-0.6376777663385723,-0.27801767893042684,0.18402776147066016,0.30577913501873344,-0.3558864963702585,0.6840270534095366,0.2818977909316944,0.12274072773378925,0.2020875547830706,0.18157876757710573,-0.30632329355923626,-0.5374860777546466
0.17027251639231264,-0.31331137097940365,0.13820961820242955,-0.8945414140475568,-0.1818735905107573,0.4855425496024931,-0.2047463292408869,-0.4553536192812646,0.9672111721643418,0.17632043636939818,0.31310851576894555,0.1229358078369751,0.4480142151225407,-0.9202218224496161,-0.21476766367052183
0.1989005519739833,-0.2202238317010919,0.09459151265803768,-0.9458947441167987,-0.3835787891025075,0.4397562311968969,-0.16100123266345978,-0.3672580532192216,0.6409219698510675,0.19160340339830995,0.15560879062174884,0.1423589753737452,0.5477136864981706,-0.6289582143000071,-0.38210951010779404
0.16145940500045916,-0.31969898576074224,0.10036591434663203,-0.8260184280687983,-0.07284484172098066,0.47388571105077304,0.0604644821313941,-0.3672672028283892,0.9383607060910609,0.09981519592784036,0.3618270285308811,0.11475328552370907,0.5398991674790486,-0.6800655567896223,-0.4182635785172604
0.148647210820267,-0.47544656642928707,0.29559989217181676,-0.9903449580481939,-0.0007798291863304409,0.5935235469206577,-0.25812554136681987,-0.4481162399443075,1.0046207051549318,0.09858150214202599,0.24564974530477632,0.13817856530569542,0.42561165815754776,-1.167449628675175,-0.17519289349103143
0.20931373154587363,-0.4473681246390476,0.2978267009520198,-0.9370438538234841,-0.0777137282231513,0.5720484412083325,-0.30477348878764476,-0.49462403263242455,1.0879025983654085,0.08060887126689215,0.26997353014467607,0.08600664014572945,0.5603944829006113,-1.0390070271630194,-0.2400765590774949
0.20331030169766298,-0.7897796249782134,0.5507955541925659,-0.9626160240418726,0.40082870749136335,0.7507538033247576,-0.34305640218091504,-0.5660827987704645,1.3617048885416227,-0.062297341162470876,0.17619292728662142,0.012808992430376783,0.366754858829396,-1.1285201529859246,-0.0023428299676908266
0.053130910433867626,-0.7121050197496062,0.530616669748706,-0.9990825399171205,0.3203324015302083,0.7448765742084184,-0.3160500960188403,-0.5104355100267188,1.1105149687958058,-0.02131420497529769,0.14350977484657962,0.027571061241331237,0.3139138510903686,-0.7596118278295781,-0.09620500184791272
0.10887521270621207,-0.6401345588115763,0.5319354344170699,-0.8564615048647289,0.8191388143193652,0.7812657948829286,-0.8429733591296329,-0.5447415283830833,1.0471893356717077,-0.15979671059377723,0.1527559619778078,0.021655451091399946,0.37331469297480757,-0.85421981711908,-0.14301116509033118
0.14447580045896113,-0.5946327668514629,0.4318616786314926,-0.9234882129254987,0.0010460661681911988,0.7260502875796522,-0.6447441610211988,-0.5472464076516069,0.9958098795587798,0.006206270476665794,0.21589294972431441,0.032391535612548934,0.4811306145368982,-1.3799640861093694,-0.2602010516700278
0.3039484647883841,-0.5609456159223566,0.40585472452570287,-0.9124539671406796,0.12265152444497977,0.6233065722679095,-0.7747128609398883,-0.5561610594113809,0.9140621444413844,0.03119959737148987,0.17591066273402392,0.08337415650147503,0.3799266210560929,-1.0296065267364347,-0.27928496718465334
0.11109042625825785,-0.5405424521311237,0.376248109773428,-0.9544944974442943,-0.03995440076703348,0.7806011275630272,-0.37911724013306847,-0.5693114764275166,1.1028553790397626,0.015826511442675363,0.17917368635638223,0.07055846261763785,0.4256297001546487,-1.1613966993875684,-0.24792820963592327
0.030933399572780816,-0.6223417288462698,0.5281894878530371,-0.9740691787520667,0.3229364672582731,0.6872833735329514,-0.7005863337566156,-0.5080159531880037,1.0656854903490776,-0.16042541830647786,0.4390126069906053,0.0045936950143858485,0.47160533185916526,-1.052487475663444,-0.1843619941962518
-0.010547396404980725,-0.6952085883216486,0.5465862837484412,-0.9667280692428433,0.3369436427691768,0.7398486165751088,-0.7794389555221805,-0.5351927048698407,1.2227912700249879,-0.15907385835580926,0.3112976968157859,-0.006029808318453333,0.3761196926797596,-1.389425764825091,0.04058801867428868
0.14303813603130433,-0.8018260960904574,0.6910674476561098,-0.9267401754543287,0.9337457255095909,0.9395608763493066,-0.98900236594111,-0.4879426783629967,1.1133092729130802,-0.24321419252228008,0.04497289853559031,-0.05836400831306545,0.31100245847697716,-1.2494938498907708,-0.026919332941522246
0.17881697810243977,-0.8453913689898935,0.6767981643779911,-0.9298773071922319,0.7247652567387726,0.8567219470568304,-1.2986219476618732,-0.6100620775266623,1.1698804224342516,-0.19577041720222768,0.26520929137798976,0.018999302034906365,0.3631930267790484,-1.4065296976524306,-0.0754659071890595
0.19159555903743705,-0.752462544295333,0.540441619543145,-0.9258678688538949,0.7868735713861527,0.8613603962064027,-1.0461178745763284,-0.5964031524371762,1.153414306885085,-0.13036007116423096,0.23402625754184658,-0.02825266604141494,0.39245622782207795,-1.4810552267660373,-0.06030655189927315
0.11479678519530752,-0.9998121310942393,0.8344186628966239,-0.8077477196220619,1.173016004242074,0.9846112958242583,-1.3915727650753102,-0.5079155163440856,1.0980342421075804,-0.34397921840209517,-0.0770298289045236,-0.14580090546345753,-0.011585775179854877,-1.3618885668281284,0.3529794648987427
0.10993708323973941,-0.9960529051225289,0.9234650934994094,-0.7499121353241917,1.1558990361113308,1.0661310263214376,-1.6428044608892796,-0.5145303220128018,1.1104657048751518,-0.5391257669218491,-0.13630646689770157,-0.2018480458301929,0.15460063354378192,-1.5291495806573496,0.44310390059696225
0.1176937426166016,-0.9780288183305138,0.799708569888724,-0.6969284408237645,1.0317467957005149,0.9751543703367819,-1.7034338943891603,-0.5772651375121486,1.010821493263938,-0.31807075591612927,0.0665147458858203,-0.07200965151839295,0.1539117276877913,-1.5047054281239731,0.17465248061352887
0.10834446122848745,-0.9272044503145667,0.7402535678268014,-0.6955926343450832,1.1182469172160172,0.9767559448010239,-1.3321523683612266,-0.6205640885921588,1.0160936832845024,-0.3165136142315212,-0.055175752969854115,-0.07375873613396694,0.22684221201295385,-0.9913101841866425,0.09170283011657929
0.12922174322398616,-0.7832204454369489,0.6465431307632558,-0.9966905054284732,0.7057601332411423,0.8826141823054438,-1.1769022542237333,-0.6095295240903295,1.1174981873326297,-0.20490378907742646,0.2277145040136702,-0.06040576691746383,0.2879121818698113,-1.200953498317263,0.014115451247419615
0.15468106008235716,-0.9398517961019358,0.7430170931554639,-0.7725852456856048,0.874119897713979,1.0044543220526285,-1.3058875370017522,-0.5594306893563128,1.1109973247024065,-0.17260837001005488,0.3485398272477601,-0.04856521512700651,0.11317655285850114,-1.6153496439428212,-0.012751436935203008
-0.017691405128583453,-0.8230546242203809,0.7104297042815352,-0.8822600104581739,0.6340375767707563,0.8445289157141184,-1.3073263052488424,-0.5793112510372851,1.0688353360683935,-0.37247619702752205,-0.043401154084366025,-0.06944625261428485,0.35878500891587445,-1.523093440139137,0.0284751185700674
0.10342484692086977,-0.873703497965074,0.7244020648272786,-0.9153995384264086,0.6832180760117812,0.9613608830339169,-1.0342657605330376,-0.5944878486355097,1.277500750243345,-0.3140423213636604,0.13888945967585822,-0.05087034325406852,0.178880413108805,-1.4622070494803394,0.1614010871651506
0.161490402748667,-0.8534928400316031,0.7318512492909865,-0.9031989746545317,1.3188893164574844,0.982138602723893,-1.1453244503598836,-0.6443980072578568,1.2706645730659119,-0.31048252790999975,0.11513208747669029,-0.026510170844003353,0.42879955692071886,-1.3904009749380875,0.14691124211936563
0.019272557162398934,-0.9139391998791524,0.7342845147991139,-0.7615992476402629,1.290076452628004,0.9435920321195175,-1.3147082702388637,-0.6091365931977368,1.1795251448651056,-0.3036255507113704,0.03639392287031434,-0.06480345785512627,0.26243593104781515,-1.4748254352142827,0.31012617786674945
0.09096007979740126,-0.7603792739730346,0.6700426558140766,-0.9271142645072769,0.9353008625186404,0.9582546445761054,-0.7589645831419941,-0.588354749653364,1.1735066416725768,-0.1292533961763842,0.26404441770796877,-0.0682060691974892,0.4170565750971855,-0.8364168085700876,0.07674469372393954
0.09720577260270555,-0.6856273966001348,0.5420257821189732,-0.9316616459065703,0.740731309898476,0.8612660340735835,-1.0129102694368797,-0.5190183445812157,1.1916780434841776,-0.09887425389821677,0.24296118285036797,-0.030573431480614643,0.3674030734856813,-1.3010404662049937,0.03722440340895352
0.14374165405803027,-0.746810159704494,0.6138771104903288,-1.0251954360072197,0.7625434534895336,0.7391439518000918,-0.5790302378977183,-0.510024470341146,1.0415183393682108,-0.12447114993233345,0.19802952712293256,-0.009533438836473283,0.37494372261907866,-1.3690920193656244,0.05159806266855981
0.1302691690376657,-0.798942207331258,0.6237389301228459,-0.9462035352609962,0.8120056849484388,0.9103073629042375,-0.9629116482302837,-0.5315640961142037,1.2245585393297826,-0.23180195996222128,0.18128367654411767,-0.043558471296610154,0.3358245630480282,-1.1510234758124727,-0.08459785998294639
0.07780073968501698,-0.8739875894121796,0.6142473972536183,-0.8782096836671708,0.8177696439815574,0.8790564999929487,-1.5943672000864286,-0.5178671045999426,1.0747739442256063,-0.07104041709312214,0.13682812318061308,-0.05728848304501298,0.35111095739410864,-1.2102133455649653,0.13359547965660962
0.10566086233608228,-0.7496501527645484,0.5643788368270317,-0.8829517977113954,0.5414916616343789,0.8665616505999179,-1.007237434616303,-0.5250722505009642,1.2472706842576724,-0.030376815389741477,0.006630794353741906,-0.0690295632154728,0.43796243037384275,-1.135664114386958,0.00604710725983526
0.1500966534256343,-0.7978619931074018,0.6337493836968483,-1.0069368890781134,0.5008388280258661,0.9275194282569829,-1.2148688055116952,-0.5829921834610954,1.024085142495033,-0.18434661744705838,0.03687432200834408,-0.041848658736882614,0.2565975884760664,-1.2026144007686281,-0.030041859255077526
0.10636555815870949,-0.6665185503792501,0.5456824126382205,-0.9795514529933951,0.26258600569568474,0.8617549888660246,-0.8731005006115534,-0.5187069164090927,1.083249328435149,-0.06026881908388476,0.2530950572703262,-0.012844868233046584,0.3796736057547296,-1.6301821655127746,-0.04635016750600635
0.12608317468664698,-0.7042163438739293,0.4766764416561862,-0.9857198662126511,0.0020650616902124033,0.784068361381392,-0.9009526290259354,-0.4709281926649345,1.0037061334987025,-0.10013275904311164,0.2721143208463295,0.04758823753576683,0.3476891508995999,-1.2512237488392786,-0.2482308014650318
0.26531841103828147,-0.5728840419659484,0.3353567058346374,-1.0128073937061364,-0.006230966771839298,0.686211233817689,-0.386110001222128,-0.5157725254671401,0.9181160114035042,0.01296172784071794,0.15204637888952646,0.08726748977727322,0.5122313343593999,-1.0368419459033393,-0.1853449427857781
0.22647712952380267,-0.691541067768624,0.5279953813782737,-1.0646806673115574,0.5998150190012369,0.8365774531281845,-1.1228834891167527,-0.5188875842391312,1.1471444186640247,-0.08957524437299821,0.21138729468524872,0.011583690127947688,0.42475387884230587,-1.1562925655533887,-0.1623540711534756
0.19445175844450738,-0.7894109995636911,0.5420666967539907,-0.9053354443716923,0.8702729416565849,0.8791415994189425,-1.1290196174633214,-0.5600443745048561,1.1133001009899908,-0.05515884787540806,0.3201634751648488,0.0018427944145378511,0.2811869551049198,-1.4841461131725073,-0.032488794365778076
0.16971351868139853,-0.7918184418794125,0.6785796020899081,-0.8467796209187555,0.7207086083895899,0.9034300578429036,-1.306692895382693,-0.6254325039488291,1.1258682558413655,-0.19385450841528692,0.16873375076814356,-0.08671146081017132,0.3305300995985145,-1.460711030010377,0.18315904056218377
0.11965175616000619,-0.9787500444557117,0.731102777767274,-0.8690822685763873,1.1817315527802574,0.9737994238794044,-1.435219951732609,-0.5581167232241007,1.2223055435171712,-0.3112011299237926,0.05043384378341094,-0.09911626070188806,0.12106339350079734,-1.4237289318685067,0.22566022227678315
-0.22163108224394862,-1.1405497617080798,0.9892670440998188,-0.46485158879982114,1.2810605215611734,1.067001666130467,-1.8267896357989304,-0.5286228238055399,0.9539535400834427,-0.5115757905376445,0.04014623441199895,-0.19176372679590065,-0.18596955810166194,-1.1144819675321902,0.6986082467663544
0.14067054751824004,-1.045292097277331,0.8481056562933033,-0.7314200470411378,0.9139051058070632,1.0591351630275765,-1.3345766056507495,-0.5518051448315852,1.0629816565965662,-0.4187375451314153,0.13887278447806986,-0.11724158742406104,0.10487233012274635,-1.6079698971802796,0.39356183007330714
0.059294022248177015,-0.8897490411156564,0.776153780274142,-0.7654292700464467,0.9414195774881211,1.0363326253542022,-1.6402327907515077,-0.578762013020204,1.1491950409703684,-0.19251227269133633,0.1024529796591055,-0.13028262695770365,0.13380243998227395,-1.452535612595782,0.21274527872706891
0.2009214987234589,-0.9234771502443722,0.6854025814511016,-0.8550637494422128,0.7311495555241899,0.94356312935337,-0.967379014925805,-0.596766462822598,1.2036655746380465,-0.2925819587473618,0.15567571785960604,-0.08632966319349523,0.2679033353363972,-1.4800664525066471,0.26205361140837385
0.17558210195721832,-0.8184877980057831,0.6049575905530918,-0.9372530515206632,0.8101509173525219,0.8626381178560258,-1.4357795394867026,-0.5375568274107664,1.0836524686627678,-0.15525554933824406,0.4004656017119546,-0.03427917623163548,0.28566336493173083,-1.3883454799242054,0.13014188633326032
0.19544921395406636,-0.615715770220584,0.5038352273746924,-0.9776380911307094,0.620557853812191,0.8787638026444664,-0.9052344090119542,-0.5694940505182372,1.1013039624200158,-0.07288638529437384,0.2814291878690312,-0.02131501296931494,0.4954918452808696,-1.4903261260393335,-0.07121444963240083
0.21034787104459973,-0.6234322781813848,0.42002044551379564,-0.9251132013458423,0.28796097883706095,0.7421412450416277,-0.8828250860181301,-0.5567713515482857,1.094647442117207,-0.052346457357055294,0.2852098829022299,-0.026005897621128767,0.42543387381881687,-1.5420601562252194,-0.11870335435208608
0.2373133503849161,-0.5014090107401413,0.2881105829725814,-0.9928551093322268,0.14698341387191097,0.598568273189478,-0.4703776284348769,-0.4791264008229543,0.9971958208367356,0.014225999188688944,0.3553134786659894,0.05634140515770332,0.5527181837280932,-1.148448388344743,-0.2653284541943751
0.10808427189266066,-0.5272113696130237,0.336247832457,-0.9781717026498755,-0.03028133550498055,0.6793971671157678,-0.5826595602355417,-0.5086127575735679,0.9303372511845173,0.038217434926196,0.33899404562817315,0.05366802874466835,0.4044643498973537,-1.0697916346356464,-0.3280319577603732
0.05513286092323407,-0.4899791474837187,0.3051648042226431,-0.9882932575084445,0.38871266839439544,0.6245851491980297,-0.514937551122631,-0.43296017201315345,0.9780576935900659,0.12028630075813813,0.39884033096085025,0.06124990076390097,0.46205656370420717,-0.7192343547108208,-0.19753488845926698
0.08306867029220368,-0.5643682388576613,0.4028289310792648,-0.8730217576410949,0.05561560965329051,0.7879951803003515,-0.2655967635561068,-0.5327430915137448,1.0836087760352804,-0.022975011638574072,0.4410641555748915,0.035568153292725724,0.34683074280151327,-0.9314796805747535,-0.45203032095358797
0.03450678654504393,-0.6224263128609422,0.4309100880615497,-0.9322287000797176,0.41936516925623496,0.7864105136130602,-0.60270432257076,-0.4847033557409479,0.9969973422064586,0.005286271140298974,0.13989212828957875,0.03201003416667294,0.3977990393568073,-1.0473285249478628,-0.047382255124745136
0.28021086775351184,-0.6660053725413689,0.5136568298891574,-1.0399385063211428,0.42670066315446126,0.7667023004247006,-0.8031450852423371,-0.5578511365665063,1.1819508242951147,-0.15177249617415003,0.05677332949508681,-0.011964229969536843,0.3880558063345237,-1.052700702352931,0.007019202073546338
0.2224488565758607,-0.6657340937994602,0.46998033527649313,-0.9362520482602067,0.35326347395007546,0.7687219145430456,-0.4972090292603167,-0.5756179990658166,1.1419457522465732,-0.035619682340596,0.19401808627447464,0.025153313089586113,0.5904746933716141,-1.491794709035628,-0.2724422335169673
0.1324570917383588,-0.8269124390666996,0.6613953460801083,-0.9747738545125015,0.9190572122116721,0.9300985108221892,-1.1933542838625077,-0.5659436984135883,1.2616574514452206,-0.2329862251835665,0.24981730914684447,-0.05412037098754183,0.28922290645109744,-1.3309037451720904,0.08137776555640883
-0.002527355033676592,-0.8502370985846115,0.7097629749780782,-0.9855409190279257,0.4662609034873662,0.8855436539280556,-1.0847736667235375,-0.5914124803951903,1.1430857872814317,-0.2066182970308381,0.000494028422125771,-0.07304939293575571,0.2738082356207734,-1.561354966754999,-0.019483293899676155
0.044976393347225356,-0.7032391272602843,0.43642938349789523,-1.0648648775105871,0.7773650756678999,0.7791339225458128,-0.6887098736169988,-0.5034325338651809,1.3221957631552517,-0.11829376014784712,0.10060705777979335,0.0482120073437835,0.35274685794827926,-1.3335112867138703,-0.20252024786916664
0.17953704848581142,-0.5989156289503054,0.37791998479008315,-0.9401160248844266,0.05734503694778408,0.6573350071279445,-0.4837212089393121,-0.5202235802801704,1.0095145168778448,0.02998107556308791,0.43839279625371064,0.09498473234769318,0.4813709413693592,-1.283424770869885,-0.274982580409687
0.07464487077938048,-0.3259414641316191,0.1264922944512862,-0.879856383781952,-0.012848697301054725,0.40764843073403306,-0.36771615135113134,-0.4598246141855106,0.8459312157268709,0.15218812975106966,0.20810806755834815,0.15943086812673515,0.5107201723558271,-1.0591826545435177,-0.3972084004035665
0.2057907729107094,-0.3229014959979468,0.12416851523526717,-0.7888555263317596,-0.08394709495804789,0.4557007168724992,0.052665083804723685,-0.3940895788072252,0.8401052496727516,0.12044911747247403,0.46902981902685414,0.15588618229517187,0.3690423852218422,-0.7838956143627709,-0.27495719260829493
0.2683244648355531,-0.2721821575657057,0.16618788663096282,-0.93612813658789,-0.30037129046885014,0.4004731375299192,-0.19420398084272758,-0.4232860951912349,0.8469327322247499,0.08716622487896358,0.20436676661178707,0.1440007821167161,0.6028046430392017,-0.6433906538798564,-0.35823462664600186
0.17938537433373145,-0.2310466846152088,0.002279016777325335,-0.8694294452459685,-0.15668095421217734,0.397936815993554,-0.2900051470261511,-0.3980690843174939,0.7196431844525625,0.1314684327867868,-0.023724161563504233,0.16198160059094135,0.5967157073175208,-0.5495915923752999,-0.48151863465404027
0.15463514556459498,-0.5047208635174735,0.30627477498590494,-0.8746657115003871,0.013749922951484934,0.5854821040511802,-0.40918022945724425,-0.4287520213992492,0.9122114133818544,0.007699874765790882,0.3403045455906652,0.04014892975518447,0.4603023375762132,-0.9990945286870475,-0.23392188170158357
-0.0020145630086256926,-0.5146325055115727,0.3935042916603608,-0.9615943262111446,0.12416063376656943,0.6387101705982174,-0.5912774870429733,-0.47279376434560716,0.9958228370878519,-0.01971042549746609,0.28919297686923967,0.07123044717427049,0.41149879516089555,-1.1269064372465953,-0.2619872727717164
0.21447579372397346,-0.6067439377927176,0.4807888260868768,-1.0392346859615433,0.24283876909421573,0.7809381835142543,-0.6076461956032569,-0.5253962976294663,1.1396260017307414,-0.018620702758087967,0.11033375285184574,0.04888377464906914,0.4283861251312481,-0.9348693795053189,-0.15874256314673318
0.16498879025344843,-0.5011022151636312,0.27967822584908947,-0.9314699873848022,0.18495060721165532,0.695030144599395,-0.4785386609570217,-0.4410198314894178,0.9497433473323174,0.04520434266267206,0.25614342233538684,0.09413556060458043,0.48444713606389933,-0.693520612225167,-0.3336535464429297
0.37746882773775486,-0.3547570554734829,0.17934015223200325,-0.95882914396531,-0.028264056976076025,0.45793253196826356,-0.5234024334829541,-0.480262723282644,0.9105248822227351,-0.00734911774173707,0.3136978077857853,0.11686801036252026,0.35889590072536204,-0.4673137824891916,-0.35945480107292677
0.17243873814141814,-0.36794155706850307,0.17704099708640084,-0.9542038134121114,-0.10054158672884124,0.5110516347384406,-0.6344178021880508,-0.4495225373517339,0.8988457520519119,0.21384254267182887,0.14689659250662063,0.08163903241541891,0.44354378448840753,-0.9179636113495352,-0.46419431081431906
0.14073456268932982,-0.39504682017643855,0.20906299030365533,-0.8163747732440743,-0.19477471316215877,0.5404161187995237,-0.5883014951941272,-0.4688507959165531,0.8083822228751723,0.13079213173557924,0.10235269269871516,0.07566924388394242,0.5531116470604346,-0.5629990286729797,-0.27378291735715
0.2142791274987715,-0.058793716494397144,-0.053588877983957894,-0.7045451969608887,-0.08317753400105189,0.27748848704189955,0.11902772496216288,-0.4370411579932595,0.684642082143722,0.20761195559379472,0.1318756762994979,0.13923536400206363,0.39616062151775444,-0.5056900001800325,-0.4867344853219666
0.2356167070633493,-0.1034044675819287,-0.047273096140655384,-0.6239531616604692,-0.41349060791997233,0.13957670430348887,0.4628430616878645,-0.35880706618962527,0.6889069080177443,0.19503040330347052,0.1302865480470156,0.16062316955054864,0.46547039240681026,-0.23410962371935143,-0.4208547630770168
0.216976236653795,-0.11689730007405146,-0.08451861297802582,-0.687699013154464,-0.28260769728916346,0.24580263971274194,0.13686039848763112,-0.4193602533152041,0.6411926788875366,0.22503094755031602,0.3286580009397134,0.24168809169272787,0.6150330962685326,-0.58351244071316,-0.7160000722936962
0.20934743646300744,-0.06164409284201802,-0.08792326516170244,-0.740791984298857,-0.32247258430334386,0.15675845602854818,0.4691315462141288,-0.38402017119324244,0.7273661525184182,0.33726626675447097,0.19218281634284207,0.21480820907824494,0.49784823665339745,-0.26149992351353735,-0.5816577905114121
0.2807439411926202,0.041781275793777724,-0.22829142933010876,-0.6820115873511458,-0.5941855204380766,0.06844201573286783,0.36435176820843,-0.28338863110051765,0.6695923296858401,0.3540579749887094,0.11656456500032687,0.2312644659128977,0.28252821442711273,0.05427958431319909,-0.6478300288803935
0.19751478939440154,0.19503848194357032,-0.29123376279828883,-0.4794504297461337,-0.48507850272670744,-0.11308975291464246,0.758968151843687,-0.27979000475099564,0.46699586191459325,0.5141014561340681,-0.13066975525776034,0.27567456749144903,0.1479439565160345,0.04718993545063147,-0.6495221518502923
0.29056551524328594,0.1895591415265725,-0.3501579499155452,-0.4143168255543128,-0.8283244402274248,-0.13416127687280274,0.6976192891218175,-0.3300960639381518,0.44996266903703747,0.4509206460253673,0.023278289469238895,0.3092449448277551,0.10232833962766438,0.13032756960877992,-0.6757952463768668
0.3417086785193457,0.21036976672750132,-0.3212653080404586,-0.4144568879300298,-0.7553538664589575,-0.17672061456033308,0.49357850161769534,-0.35708595182893066,0.4387013315758355,0.5396312290788695,-0.017567100075329283,0.26287387797864326,0.22269184138259052,0.19329963041930875,-0.5645180231571585
0.28408953185709335,0.11933159019707837,-0.2639019711774012,-0.5795286333564574,-0.6526538215669582,0.034597801662004476,0.6376436069080196,-0.37483663357060565,0.5616972486685795,0.2777473569647373,-0.033970337720469916,0.25062839976771933,0.30217395719167556,0.09513479937338117,-0.5074065132792931
0.2962747644375016,-0.02468465100574349,-0.042240908918821374,-0.7219051867517273,-0.48702046821560435,0.28514020074433466,-0.13133513527302312,-0.3448452181805394,0.7616441096024542,0.1744123593535781,0.10324664772786284,0.21801641684160605,0.35553060786645946,-0.4922927792076033,-0.4835085650400644
0.247719830637775,-0.05552864571523926,-0.11289961017557174,-0.6915795472167091,-0.6035580112657394,0.15285399468876812,0.3529902144974735,-0.3824419433015755,0.6964875017300958,0.32075611425264633,0.025226624619806473,0.1684649763441168,0.4220724389457764,-0.22297182606139881,-0.5479454724435419
0.32222618002092407,0.0737981266091751,-0.1741107519821687,-0.6944699141717381,-1.0112760394783404,0.09963856158037449,0.18064868002171774,-0.32899769521708144,0.6157122644873353,0.3308645968166822,0.0447711360224187,0.30088887406703013,0.28653011652208576,-0.05483799732809112,-0.43519835905025334
0.3164717563243067,-0.02409052449586804,-0.1282460961150207,-0.7861334876566555,-0.8002923525207833,0.19344773658408318,-0.2557533765497845,-0.3813757090138527,0.5419755318501241,0.28202210002037387,0.23446366506021815,0.2370994487270819,0.2488562234831815,-0.44363967461008486,-0.5306653577235707
0.20536197916491378,-0.15264225486191937,-0.02727271392125458,-0.7468282673382806,-0.5821072045825462,0.2279109786667175,-0.16517664933885756,-0.3052056020229078,0.7291441617242762,0.053651434733999026,0.13435279491736987,0.16874398660308895,0.3162677978232906,-0.4282873999565889,-0.44071039796038575
0.24305081151792945,-0.06976571119855084,-0.08337147472119082,-0.4969641747571447,-0.3234756857121941,0.22401833062195878,-0.11900961583943322,-0.38268201994965373,0.6376530184819426,0.3282652269670106,0.19309025608239355,0.22598884817595458,0.30726840784429416,-0.6368301761349666,-0.521793385254381
0.2180734625720698,-0.17299217352504312,0.003573148178507479,-0.8030050144361871,-0.17044559404252452,0.3237792190999039,0.501066705084347,-0.3573305125579413,0.6281916245274466,0.2074467553054318,0.10188091286173963,0.15704416263620571,0.31787124292774543,-0.570230105667784,-0.40445843891618305
0.18535251170893313,-0.32433927157527154,0.1561250487374197,-0.7888768615851887,0.05502447403069938,0.4266100087171992,-0.12801444222852174,-0.4586597514898193,0.8575775418358654,0.2624576187745043,0.07839480479006586,0.1394904005175581,0.5808846066486278,-0.6414438757689153,-0.39310287519895787
0.15369004696368094,-0.46370378860925704,0.30466221960028866,-0.8860475323661156,0.24702449252307307,0.6756687827067845,-0.19058264423505364,-0.5173096299167831,0.8632314060565298,0.0567640000394036,0.027089294315755096,0.1161449194685608,0.375956822207731,-0.9278910456289001,-0.35821580233106165
0.2550890938047365,-0.6467594199407913,0.5178871570128227,-0.9084220488033073,0.24046709895097748,0.7413087423937538,-0.30613428768316403,-0.5412288244567501,1.0595111366266756,-0.0844847260083593,0.20095143051779848,-0.01175236009193635,0.43295201150348517,-1.3718677560911847,-0.04422775270431581
0.15425087007619942,-0.5676726635431337,0.36711027886518904,-0.974378908066021,0.4384556647470827,0.7835652854051013,-0.7420241141133314,-0.42682305430038203,1.140077275772967,0.006956031251865164,0.24725294822456775,0.05983761512587202,0.5299443166305201,-1.0887633240288535,-0.29363467984056457
0.0992937406110087,-0.5664084881599029,0.3876517632741098,-0.9433633759264234,0.39569958167029845,0.7415464218158018,-0.6746491543517118,-0.5233605573901207,1.0667428678488908,0.027759193876791717,0.31770787652572474,0.04285117931768995,0.5370637374458944,-1.1550092524318827,-0.30489626495141864
0.12062024050279721,-0.49275258542028727,0.37085301999250947,-0.9869438999462543,0.33074012430316885,0.7019295537659777,-0.37558909383211425,-0.5771142798205332,1.0376138962238368,-0.027343638960096835,0.2641223840996346,0.03438040168851016,0.528305397583839,-1.1610507004353081,-0.27342557841570037
0.20435483838103707,-0.4786273674531808,0.3874382509957526,-0.9218788764260137,-0.18799611312731254,0.5884943489008093,-0.4020016523652882,-0.45621839605278025,0.9723571886314424,0.09216084186980719,-0.0801276934592623,0.06837094937443776,0.5112970615160741,-0.9386965842755318,-0.18980721873207138
0.22142339326477117,-0.4320457006715868,0.31878176702509026,-0.9694587144496578,-0.035232378290445655,0.5783720307625935,-0.4690137164475172,-0.5389329858831428,1.0808887853798848,0.08236497151703445,0.306902504195412,0.06334973640759299,0.5262302481677554,-0.6497032673310734,-0.35203507432659886
0.24705619259829614,-0.1963481921259013,0.061035156120174565,-0.8723225606304035,-0.4579734151749217,0.4498150082728293,0.22028676040304335,-0.4342311065560674,0.8876197058564558,0.21533657247654872,0.4097325486135916,0.16501929932887013,0.39724842986308195,-0.31824034400349716,-0.33199418151167515
0.10244520594486288,-0.2410773803935649,0.0944130434486312,-0.8639790607363715,-0.0756726092518097,0.33581929385686543,-0.0028398869872057852,-0.44499162320998414,0.9270299958922911,0.2114293002811407,0.31317333621407795,0.14290460242550507,0.4796692863758318,-0.3873415793211819,-0.443968929866174
0.0892012868842874,-0.14898861595264604,-0.020151352788796477,-0.7262100839174211,-0.5109160567132296,0.28429952022023175,-0.19115715211430775,-0.39935131880652364,0.5891946171709913,0.27258509278641885,0.2751679258498358,0.15639240976545474,0.4190158602783481,-0.6632714408195497,-0.5087581472971319
0.30940871870053877,-0.1746684616486584,-0.013853775381218732,-0.7640516575006491,-0.027420687807650477,0.2872857306061275,0.46094718382870004,-0.43941406963870816,0.7106597552167371,0.20907271436805402,0.3506194814348855,0.19709471515960267,0.5212874103041715,-0.3063421554674395,-0.42140016814767983
0.07810575068565483,-0.04696491666696208,-0.11115763781641848,-0.7679946811762529,-0.4738526808921878,0.19312352747660003,0.39517071504375906,-0.3612186173725172,0.590618239905278,0.27967821899635137,0.12527712388773315,0.23280809311399983,0.45644772788706606,-0.2818618829949347,-0.34799711397071126
0.2683362356169523,0.11777427510837675,-0.310121421064226,-0.48516791087667166,-0.6467943223679763,-0.14129061792568126,0.4243187909929651,-0.2875529547766666,0.44891217103302605,0.47842385348107125,0.07250940455163879,0.2860409565920222,0.1707807181907412,0.05122421611256585,-0.5768943983883147
0.5827864398105044,0.14554398582250222,-0.24636320912329138,-0.46509918375351894,-0.8234483401951376,0.008005041778044746,0.6836591341653048,-0.27986203454150826,0.42482736362366313,0.24435474125964599,-0.1283909880069235,0.28693167360626654,0.36004053711259987,-0.06588656938704603,-0.49248708762828086
0.12722985137169895,0.07163109062687421,-0.23829957492391654,-0.5780120956524064,-0.7553082525659931,0.005908772526941036,0.34791493145489716,-0.3067069255573553,0.4627104044412067,0.3101616608860907,-0.046355105642401646,0.26378907558325715,0.3557247996724778,0.018793131604954914,-0.6455771261109337
0.19291729947597608,-0.04132747977947348,-0.17604937513535143,-0.6424310428670599,-0.7485006097031988,0.11849508791516454,0.49920267508245675,-0.3782537139022,0.6467323419448696,0.32043024894783323,0.29601090388057455,0.22828274366658935,0.423210844785093,-0.29206643620676226,-0.42766650718446547
0.18350361931300502,-0.32742832291559065,0.12379470295695065,-0.8521559302124944,-0.12879137666442445,0.46542072545093904,0.00442381561974661,-0.4265633279715037,0.9331423652182438,0.06665945767466024,0.20145383966877528,0.11463940334265554,0.3197560087055094,-0.668341960516951,-0.4100629959049032
0.20447344899555786,-0.32386111661480876,0.20141424119260695,-0.9850151173165096,-0.48926233232749555,0.42390340597545273,-0.12942701648930047,-0.48871115711617846,1.0355015496895976,0.1925650640563026,0.397735790263798,0.12158801313756111,0.45719148432672446,-0.7682403884305672,-0.2885850270802637
0.22895189072456854,-0.4352943478631724,0.22612339905614917,-0.9580350553191741,0.2397765983509494,0.5095812519998216,-0.41649545295525753,-0.45684243056620294,0.9798789180984613,0.034738913169880495,0.2977083144492436,0.1004809442423918,0.4811607860881683,-0.9392661692479526,-0.38966200200155804
0.16779017203582125,-0.29493779549035476,0.11376183056784149,-0.810281865037462,-0.4473118078696893,0.41180060903509846,0.09998590799996392,-0.4718965865139465,0.8975093160052767,0.15925811711371574,0.3826249362373324,0.15923382145641357,0.4714936915122836,-0.6320685262959317,-0.49478516146999185
0.21377948655021506,-0.01779421892724144,-0.08374519169150953,-0.8050753461706214,-0.3085355221890516,0.19643546497354916,0.4566831033322251,-0.3980493006936252,0.6013036641397288,0.28656104924557524,0.1890243771616083,0.24548133208047443,0.36208555916605606,-0.35852984519086556,-0.42707210300113396
0.1684618618876237,-0.31092870487755264,0.09987159352535258,-0.8838341753598968,-0.28352100889001336,0.4413943482251162,0.06124652091579503,-0.43783765804006575,0.8331300726688772,0.1517006238941345,0.1073870589758841,0.1585935606107652,0.4860565686169174,-0.9764132331751277,-0.28427124710119084
0.2624618562172675,-0.18852212269277505,0.04033268767282328,-0.9738057126960233,-0.4818539841883047,0.19592996832430384,-0.2899470979548597,-0.40639654992385055,0.8555235577659656,0.2674025836902522,0.22420641208283262,0.156889660383079,0.5027971666546833,-0.5545969988903774,-0.46652072502297953
0.25304868734048563,0.027143736956561314,-0.17725956703693477,-0.6843452280613367,-0.5610561489361627,0.09985501534787453,0.3790225822805468,-0.2610393718086048,0.6161824988569955,0.28584271189344607,0.048755519918773464,0.20483746897158836,0.24540571630918875,-0.11777652328840015,-0.5318779629576351
0.29655683041527137,-0.03446310271882532,-0.16700865152883781,-0.6872752268527845,-0.7834996070179933,0.08171078016901888,0.24492117133189187,-0.30016662095453345,0.5424093689655333,0.2545770625063145,0.13732961545722647,0.22142749294756814,0.39642143820657183,-0.2581098027959164,-0.49486093321219643
0.13613069193326505,0.03994265214326437,-0.21858772680467886,-0.6729073354121982,-0.5370569455843122,0.07742864343773095,0.675514321490852,-0.3284543248416488,0.4063698059975719,0.3398697562131708,0.16952135351916936,0.2762207845159842,0.41581239625206023,-0.014595275400164448,-0.5620260401727204
0.26130738785010016,0.24007083086936148,-0.34727149196377527,-0.38886815163333543,-0.43116856757854216,-0.056249898872409936,0.3457971383461841,-0.28425805413698824,0.4147946910448023,0.48849189844259827,-0.004583207264568612,0.3403165032937745,0.14945961038699587,-0.025968472332555222,-0.6191591675764623
0.30076312550844775,0.26001371672554296,-0.3533826350265273,-0.32574326274635695,-0.9628555010624104,-0.12396595648046821,0.08777993475509202,-0.3120889155962034,0.3999506842818466,0.31617054352532115,-0.06665386639066447,0.30203334188224995,0.1894597879053849,0.07218361123099307,-0.6971009293756443
0.16448152808060723,0.09196399292782385,-0.21430729867679885,-0.6898643980047005,-0.44158167589551295,0.11872496152700311,0.0875534604722007,-0.41670935871886783,0.6656867514717602,0.24968747869446992,0.13281062183200368,0.24699635348595028,0.34462838133933194,-0.1779864308165843,-0.41825480411186855
0.16161218811386766,0.11284042795415838,-0.2926066162693319,-0.5005624018226935,-1.0202105993962487,-0.016892528379612946,0.4818402625297366,-0.3050563322317289,0.46381117723055404,0.37778241420862474,0.11735260509680344,0.33299605267096904,0.16837068235101607,-0.5982637013905626,-0.4670475787404522
0.3643402677506596,0.4760770594736841,-0.4674989872936752,-0.035237030897105295,-1.108321980607763,-0.43095547779304194,0.5423082897828788,-0.27009950822095763,0.3172762817914763,0.49730837164652203,-0.02467330540989597,0.36253063338136066,-0.003931411410912184,0.593930479144892,-0.7358343355382182
0.23206267530577113,0.2885116475947123,-0.35956868562258365,-0.3616229920381606,-0.8855965898272494,-0.08201622126679252,0.408492922287677,-0.2970998321975823,0.39827028726546804,0.2962277871408851,-0.03939935653150073,0.35159313356512367,0.1951907477667619,0.41409408501804945,-0.4352568518732637
0.28628964829694137,0.12772314330190032,-0.2853537095933274,-0.4791700352550387,-0.9984961740186361,-0.07518624098151909,0.5089239266864067,-0.32002041698644607,0.41688071129468496,0.39000275029359077,-0.05516023394505046,0.2540026132339393,0.22481523165044975,-0.29660504463304027,-0.6908147970763718
0.35364500619505956,0.2357036145954572,-0.3809869771144116,-0.2661075411322353,-0.6278345430262136,-0.20178230975694592,0.8029377472481968,-0.32049028531327317,0.36514002044511185,0.3468272881719648,-0.09267635581033164,0.356992133527961,0.014233281517777991,-0.19434665346220717,-0.629443106037758
0.39706286551068826,0.6192381352652789,-0.6846102254518934,0.003804301706786685,-0.8163405759910912,-0.4868326681168033,1.031229019930906,-0.2732417937559543,0.18464029283357508,0.6425405796662012,-0.31733542461628367,0.47777358137751846,-0.26218640810213456,0.8619608789700307,-0.6955859423117006
0.4178405440799465,0.7143614924365911,-0.7140911224010864,0.32228918281458185,-1.0804202571204844,-0.7059602792750114,0.8634425305264685,-0.31645530653717874,0.008515986416518958,0.6021979112148111,-0.4267311830117786,0.5364005908273501,-0.2679544700115399,0.5828672049576268,-0.5643836683582877
0.4676872136655539,0.7697553916871479,-0.7707011634566349,0.15041328797908718,-0.5116433848597536,-0.6986708092072128,0.786336547823504,-0.22991802770829323,-0.06858544777455942,0.6312646585767925,-0.5110463496975564,0.5259048736063375,-0.23343378506696746,0.47243900778953374,-0.7065798985627267
0.3726890653149795,0.3605741332816052,-0.5229870742176708,-0.07722716310055903,-0.9732225627823703,-0.29625949826575154,0.9981587131403562,-0.16699676609475497,0.034808042681481514,0.48489587534923495,-0.21692423174636494,0.409689128108306,-0.038585238923756766,0.5114441580314387,-0.6576265961043927
0.5356677948484088,0.6759057825629677,-0.696749985085642,0.17104965741120579,-1.027743360012536,-0.6976216927792181,0.7140862461546171,-0.296166155431407,-0.1289763773860152,0.475553025092639,-0.5119030538326518,0.5412551496070053,-0.23018402371221292,0.5396605838079148,-0.487552259299103
0.4782926040255151,0.695713421868222,-0.6807397098136758,0.15484643100762377,-0.7719441522515951,-0.5775076550350916,1.1404288785058,-0.25579490958353657,0.01684481148648306,0.54851584812252,-0.3531846928062809,0.5087788492974799,-0.2665701325928228,0.8267463238540255,-0.622149233245312
0.36715896090921907,0.5282269499038034,-0.5812734088061012,-0.09216034257624542,-1.1002837622971495,-0.41775746790827567,0.4219579131704816,-0.30176607580679243,0.10199500106565786,0.5260378815581915,-0.17668534666847008,0.40113356657475296,-0.10930700714433107,0.5455415330345191,-0.4655655267279347
0.5578753256894766,1.1025715850844706,-0.979988817031319,0.7967413612914199,-0.44026924012002483,-1.0718221409420114,1.0303881693214294,-0.23166550131415284,-0.30363362284333656,0.8744541914705569,-0.8002777971387741,0.6995121359568403,-0.6946516274361572,1.119913996993292,-0.5426857370778417
0.40921725386138325,0.7613141372137274,-0.8098293500871333,0.29704510981981624,-0.731655671030512,-0.6741398603480183,0.8199105043669253,-0.26907188936039766,-0.21081187431026108,0.5642066108763932,-0.39140766597475635,0.5770641795911113,-0.35003287730287486,0.8149256809844582,-0.6496901654629138
0.7506550960665533,1.0306748018392429,-0.9598499380572536,0.8182999005253477,-1.080657345643144,-1.0437963355229871,0.6633281725994866,-0.2538993372604009,-0.37068592457431415,0.7861502991935254,-0.8435435198384995,0.673718488416341,-0.7589666837061673,0.9159338558572491,-0.6271124594334256
0.5009444545820086,0.9811770739789557,-0.8793299491766469,0.5838964050931984,-1.0041567781486107,-0.9389292856416798,1.0185024302969292,-0.23426940014414388,-0.26644530695848917,0.699746858925314,-0.6960520860132051,0.5894185165597501,-0.47602026143102016,0.9368219509173713,-0.5980105252937
0.41297472092934623,0.8728728648227398,-0.8436514086056363,0.44610994376724894,-0.7884998023982112,-0.7787604010653217,0.6780695812413431,-0.23656554514311076,-0.16383808595585053,0.7171232422064528,-0.3939316036988184,0.6005712518928052,-0.43323164594666075,0.9376181200835434,-0.7626998569476828
0.2852567554292824,0.6208642893775003,-0.6047958741725205,0.037380456886131855,-1.0137459031124771,-0.5518195500319535,0.5829875044562995,-0.19574540854737515,-0.0712403418484768,0.47088334958697253,-0.36020446938395423,0.4515718522341395,-0.14368517912281614,0.9840187901149428,-0.5498465000662158
0.30836285357580506,0.43719860087319795,-0.5310900059651343,-0.12208603322346692,-0.8032954986232128,-0.358344729749814,0.28599555221208256,-0.1672041237676507,0.1680147516147701,0.5215578974286602,-0.2359257672375535,0.3973830306468886,0.08580737170437426,0.4905180623614581,-0.6479192405246209
0.5289758038298163,0.9947998182559741,-0.9491000358564634,0.6164775909850662,-1.1367514399376635,-0.87839812242441,0.7746601530218881,-0.3022410189838349,-0.20434585065973984,0.6352863795742565,-0.757852267562916,0.667324737607764,-0.6510686446100425,1.210216845188921,-0.711308030282396
0.700617462847996,1.1268382923192999,-1.0812721843776802,0.8879221926519262,-1.1540270923064426,-1.2405750223959626,1.050922688572146,-0.302784627767429,-0.21021627831934778,0.8653615068081977,-0.8443541976048852,0.7082754380935504,-0.7794226197206524,1.3559217472207854,-0.6374703913420985
0.608962536071124,1.0378710055210225,-1.0384123371117453,0.7957823886414157,-0.8197262630640644,-1.1620748188057841,1.1153263334473003,-0.25386526554763283,-0.196834480433203,0.7865076852467352,-0.9314651788921634,0.7173078550000207,-0.6469022895690432,1.4136920435542553,-0.6708731263736357
0.4701246350645052,1.1266596502087156,-1.0037257490853513,0.7783718107038993,-0.748968064180008,-1.2019742526480366,0.6911631478083041,-0.31177567368196146,-0.5101936855837775,0.6955615817819751,-0.8971873967358636,0.773804269048367,-0.6169223213534898,1.4241061552307397,-0.732958510424428
0.6312034654670222,0.8365081811989898,-0.8944996121480298,0.6596255793595294,-0.9690845180949599,-0.9993607261635873,1.1839268824964058,-0.31274512162194484,-0.3026848813011282,0.7735596954824602,-0.789714147918414,0.587846373446298,-0.6190339917497388,0.607254598357502,-0.6071940942733667
0.4263031063143523,0.7087058148783794,-0.7294623941272872,0.19487677009616602,-1.2472476172969305,-0.6825863415370874,0.4436503997928522,-0.27827573396584526,-0.041749873544783205,0.5697295852187124,-0.49583238974775495,0.5305174727537731,-0.21712309937841118,0.9301742881295693,-0.6536807873120554
0.47285216574218747,0.524634834564814,-0.6000981719282851,0.03098518332387277,-0.802045516064694,-0.48986549247022776,0.8802519953431418,-0.28914751018161755,0.19697243669227804,0.5485846494307677,-0.1734346559045963,0.46977443891039045,-0.0887831380659692,0.36038458932863804,-0.5320484557998534
0.472226465280867,0.5397536665948149,-0.6580017003585301,0.05861680171271856,-1.2040433659111696,-0.542385986882581,0.6985944932331966,-0.17826306237509806,0.02247514854361358,0.6254189299633336,-0.1582492226610179,0.48842730605634205,-0.2107714244012537,0.4717180502486792,-0.5311979269501654
0.6717063851362519,1.0219071001999656,-0.9560533316001154,0.6160342575630227,-0.7198298058762109,-1.0999108311111692,0.6818569742092856,-0.36577006121491923,-0.29875632850116696,0.6779829942284462,-0.771614727142713,0.7077982079019102,-0.6267637821735162,0.8049132169069111,-0.5159074454206866
0.7097954310026321,1.1246438408679091,-1.0723670213309462,0.7792768487740641,-0.8041492326312898,-1.083620294296116,0.6761644026817797,-0.3289768696020108,-0.2697558853732641,0.8801246280115259,-0.8586044277578023,0.6817095771478523,-0.7254778695837157,1.1734159462339016,-0.6803217279640643
0.46720584820739125,0.9569414022568792,-0.8566716818747147,0.5938734892083529,-0.6363848053119636,-1.016000868119352,0.8135524209734294,-0.30318936159928533,-0.2311015850728583,0.6897877354422572,-0.6389678443195094,0.6173035149110883,-0.636217177634404,1.1013243104909418,-0.6151292890105537
0.6585708128960888,1.2132222725363404,-1.1390027088772132,0.9650936234202594,-0.6361901190791456,-1.2856329626525431,0.6848608778008168,-0.297461033075716,-0.5304596332248327,0.8937600934690696,-0.9429925295912251,0.8019059503114496,-0.879644881791961,1.3696804847432589,-0.48718226146918425
0.45667825256428907,0.9854163182459413,-0.9674118726227295,0.73683129011383,-0.6339510830834524,-0.9872102071486702,0.6845157753172596,-0.2032921101731559,-0.24664962705497281,0.7282192786256341,-0.5481290327074028,0.6563109505094162,-0.7815549113367948,1.1512364231714216,-0.6615207670737834
0.25943355320909006,0.7737852978693437,-0.8057331808086204,0.3528019225663678,-1.2895175264841656,-0.751190882835775,0.445676711747539,-0.24191633440528676,-0.12706495918140737,0.6341707197520192,-0.3402160695017469,0.5731634077480016,-0.310140511946125,0.3748725079440554,-0.6634589284995486
0.5092829311352763,0.6479656326591248,-0.7606873461776883,0.19823594304154527,-0.7188247465715634,-0.7091134710996204,0.5198115892419334,-0.19469696579163534,-0.0643962114106046,0.5783807746785729,-0.538739524348101,0.5273534988414883,-0.33209936298154596,0.4783326306577537,-0.5640294506244949
0.8432805579432673,1.4214184166094885,-1.3011932918941884,1.5717473393471546,-0.5081470378514272,-1.489933370580588,0.5043241493354674,-0.31832342085841053,-0.6861483437361258,1.0293157852674895,-1.2025926636911397,0.9434189853276926,-1.3569900700998594,1.6481775487898938,-0.5660655677519213
1.0130979203730426,1.743319176505901,-1.4680498387235656,2.0451290570876273,-0.44398359676155286,-1.8554994904995932,0.7369767888337863,-0.4480433743463361,-0.8885855545391461,1.1791565791517846,-1.711319370658554,1.1152770733470634,-1.8551375540969637,1.5044846660754994,-0.4666850631166203
0.6275999453752339,1.1660334856230081,-1.0579202875305307,0.9281261281584174,-0.8627532074743346,-1.1856214688452655,0.5774091179976484,-0.2496704845748463,-0.40126942839857216,0.9050561442846732,-0.9257537787679601,0.7214244324164795,-0.905787921207117,1.3854960247414199,-0.5326696080954019
0.6723935884104703,1.273010698501334,-1.1625311380999053,0.9985644461091141,-0.7438377406467734,-1.2595267030924557,0.6418664921547129,-0.3391792330750794,-0.45531274333407873,0.9088779598123026,-1.0719010236870865,0.8741553444647238,-1.0766100706511255,1.6129312840976824,-0.46052280266462603
1.0360242924618628,1.7890482293789938,-1.5026332423821758,2.0881085419345795,-0.6619562249582153,-1.9483787508249861,0.4602464575919391,-0.4266100219090657,-0.9323077660812399,1.1732304173744457,-1.664385373654426,1.1841985210835007,-1.8998588917907124,2.161610890803111,-0.27466525178050616
0.8199083666928232,1.3932228135163827,-1.2135406488343912,1.3536148245236803,-0.733382379987576,-1.3558130070546772,0.7864150940620792,-0.31686290638460085,-0.6378773489763927,0.8829577509923201,-1.0893183833193065,0.9190601581443114,-1.0576679243606488,1.5590338539157986,-0.6617863169622684
0.7575788552234969,1.3119728161213953,-1.169591001183098,1.2164312495066985,-0.6811905381276774,-1.4548372599387158,1.073229989016867,-0.27284355470342586,-0.3730106259553775,0.8719218906107916,-1.0940655124958325,0.8346730366575807,-1.1454741466449885,1.0743440230465309,-0.7387760344069895
0.5142170384500923,0.938404209545301,-0.913685906679857,0.7129321110548918,-0.7943188184286294,-1.0073985726689005,0.9975104736242545,-0.1632612686680905,-0.38940499017983965,0.7613429343415962,-0.8265196818858558,0.6918949310060953,-0.6095861079942644,1.1902204406021746,-0.6187581903705672
0.5428362741963663,0.8553427037905188,-0.8167782872616682,0.5012506773834156,-1.3109894770072588,-0.90854838955794,1.1279274909852874,-0.27262177994151376,-0.21521316972048074,0.6892481084795186,-0.38064104403352955,0.6545337067025402,-0.39715293690362796,0.8271414527745714,-0.6393064408881768
0.44716156140872126,0.689682504616279,-0.7805716804368975,0.3757842525530244,-1.07539811216015,-0.7374031475262989,0.38058509885320113,-0.2747267942309102,-0.068070698985229,0.6256000560504495,-0.47298879846910974,0.5357594257722615,-0.27054634349250684,1.334567278936709,-0.5906010250325745
0.48759262813210064,0.7100123908088385,-0.6983700703750725,0.2171234474504914,-0.9070166629992277,-0.5936516016907812,0.6891298681934108,-0.19049591443506833,-0.15910086220328948,0.6482098710723428,-0.4055210944779202,0.5193763014863798,-0.32148359484439043,0.18262165261845503,-0.6573519659711539
0.3914660062611139,0.457364791150449,-0.5577377605188574,-0.02512358987463893,-0.6999045777817409,-0.4585286071914554,0.8766996403243352,-0.2821627494454063,0.22949170531296642,0.5373926331639641,-0.21260601962949177,0.3943582142665068,-0.06202727196403047,0.4046379991646816,-0.707007946114664
0.24640635349491835,0.047891744194424796,-0.17893987146261545,-0.5754775550104924,-0.1758691103588408,0.030783975174595826,0.5306939512661099,-0.3967691821783951,0.5269520341709998,0.32930549951262167,0.07360658262458501,0.24674255174597884,0.42078666303904066,-0.1750826907275096,-0.5253745317920574
0.08828954071449883,-0.13487334850810662,-0.04998018139411322,-0.8237580043378645,-0.6377705752684409,0.26751634121655804,0.30669327595065915,-0.39711216488346507,0.7885961268030242,0.29670733555636747,0.3172272820121743,0.18026873453615186,0.4070366573119297,-0.4459201950566047,-0.43814935339914085
0.25859933086150205,0.1458226805652452,-0.28630929754956136,-0.5498966112856927,-0.43159232190693037,0.0006334855787171302,0.12062906476962733,-0.2604882072480852,0.507850531667744,0.5509137115926769,0.044043949816682026,0.2913890841801589,0.1829562507663174,-0.32710866989291976,-0.6780639459640097
0.18444752344759718,0.08797641373474148,-0.21299364364950102,-0.5812473875264542,-0.7597019903676994,-0.003996846770594498,0.3893068247170843,-0.3290703621986222,0.5988868222556423,0.263822220210242,0.1276228786516233,0.24138840392381483,0.26379579138391984,-0.32732924576364714,-0.42803630898518236
0.31279327605402346,-0.11485774119364209,-0.056891477719110364,-0.7753756804633873,-0.4732686230979866,0.33168203134127633,-0.05223985025676255,-0.3053251902296787,0.6519711019061452,0.20045616598977936,0.22142776477442208,0.18591781934285476,0.4084208159545006,-0.6113795628526028,-0.42860055461868796
0.1496001933598176,-0.3037820743976395,0.12716619334535828,-0.8270321894886877,-0.10539764332875526,0.433643614900416,0.3677060558305316,-0.4045489331405449,0.9294153492974448,0.23975238143860708,0.2092521152884507,0.15136827572146777,0.509822121506338,-0.6616752986017125,-0.2607802948736342
0.14245029183211233,-0.17186794081697715,0.041700188924289935,-0.8407772149612845,-0.5886489468951771,0.40205519000892376,-0.2205982756449516,-0.42346954378607027,0.7406985893200136,0.24481877807834854,0.2435395698736925,0.13619229709188735,0.6331122487742846,-0.9342153816104393,-0.6393361317132285
0.1085401701015527,-0.3738605688401873,0.149026856552529,-0.8943944155086572,0.18706933473579415,0.5686922998591626,-0.21274659927197667,-0.4935972787450773,1.0147334043508827,0.14556506300407224,0.3399383949114228,0.10942627140462116,0.5569389130553727,-0.8561782146676222,-0.37951723210463517
0.16255448472457806,-0.46120148825917634,0.32522682534173547,-0.9775858242774379,0.34731742645349195,0.5981672518590613,-0.23518941007711394,-0.492442120915263,0.9479485776009742,0.06689752839962429,0.17298750341220226,0.012216938191432988,0.4870477396581792,-0.9848288908701901,-0.2809108744237475
0.1038639800970164,-0.7606359817740126,0.5727721367600943,-0.9381233294233097,0.7140322175456673,0.744345440843319,-0.7447501278422147,-0.5632558972990248,1.1553611137834656,-0.19603063613308433,0.025101816682171655,-0.0178951666946266,0.30486504035978634,-1.1474154645508534,0.08727967769243969
0.2281339636861566,-0.70219435320477,0.5094876770563523,-0.9758057805060107,0.3630159716465759,0.7959889373258843,-0.3757179190461921,-0.54603225218947,1.2500957336768737,-0.10005905498449112,0.30209403379915334,0.053114267963867846,0.46201601357364686,-1.1180313491369795,-0.24900547664488995
0.2817256829345449,-0.6734667701319221,0.4331667142482159,-1.0351649347892218,0.5840645637402231,0.6747526425817864,-0.5855366983667285,-0.49298259029098634,1.137386114790895,-0.06453514030768906,0.22802693293346823,0.0345035611384052,0.3816841978770301,-1.1934679606081402,-0.26425161515251844
0.06936216764006738,-0.5174418319082461,0.398386033818856,-0.9298607025103062,0.1781189278191612,0.6163780358588946,-0.8349157255597496,-0.4574440381236927,1.0432390893807064,0.0680487656861499,0.3207937129045334,0.04677993455676597,0.31090611528285933,-1.218950044523086,-0.19164518706444408
0.03732969587076178,-0.5217078357157635,0.29308763022123363,-0.8802090514974853,0.4595730740261779,0.5532944042436612,-0.48458329536403316,-0.5557419043550303,1.1439399645130923,0.201628458004872,0.25747338494667343,0.06473925809588782,0.3094559251322804,-1.15157847224009,-0.27568263063336323
0.07997026622185,-0.3952619028218047,0.23653356796094102,-0.9482484603620076,-0.07260024288104856,0.5169325376334868,-0.16088506415833004,-0.4024257790366879,1.0041675135317767,0.053108919354612406,0.26799857919062764,0.08222717035934851,0.544603522928592,-1.1071321357098205,-0.34428468271288204
0.20293526964051084,0.007198217521781361,-0.13131221023054998,-0.471772500644238,-0.7158297276156466,0.11185775826770779,0.032314660942352025,-0.3933768371191905,0.5796254053176549,0.24432914917358808,0.1588654950202541,0.28455932777680515,0.3432674648302122,-0.28993091884369415,-0.5814444626084098
0.16484473636650693,0.093890725350296,-0.22006832277958996,-0.48172571155263544,-0.8352821049253785,-0.04326459971028197,0.3638028876405689,-0.2532883865559698,0.5376124099495426,0.3187604632245868,0.04316086827188207,0.250724987711353,0.3115172923284209,-0.1338197901991618,-0.5631759568425039
0.20886720611085313,-4.188218761368841e-05,-0.18519998828143963,-0.6372087358879365,-0.5826879468326087,0.0843996034504731,0.18599125463967833,-0.34628118178523587,0.6535906147741182,0.39464617058910606,0.1594525975322654,0.233408372029495,0.43762997229655365,-0.2848176054352695,-0.6101530233712953
0.30230769137480257,0.1136401520392846,-0.30344796007443653,-0.5755863156417149,-0.7273161628691943,-0.046237596676407665,0.389597907429104,-0.33650225540298356,0.5584156440502765,0.37571906672610356,-0.020719981397099307,0.252455612941148,0.14946543445539906,0.015830339932213076,-0.5829182863003707
0.21914019674044907,-0.17546265700656466,0.048769486867619165,-0.8959444382642566,-0.4060578934535113,0.36491799083250676,0.39211328688708563,-0.4182559065407383,0.7349202544127383,0.1313596444981201,0.16148529283676497,0.18463770946374433,0.49509146923087394,-0.6287522680613785,-0.4744530978575176
0.19058989654087766,-0.24971139038317694,0.02710049554828528,-0.7903431528880024,-0.44140742982893566,0.3331347673586886,0.36085867953719153,-0.3813607594701156,0.7433946421885606,0.21284180545545262,0.07099916057074832,0.2067010310955544,0.5157794817585911,-0.7977905116563895,-0.3674167728592739
0.31833974991384095,-0.29860458481961694,0.23553631881636372,-0.8402769809857694,-0.007372144834895448,0.5338030380882801,-0.09300647996112966,-0.41985084903642617,0.7963943726455598,0.11536161359229269,0.3101391521798816,0.16338048651693832,0.4671805593836567,-0.6404572613196754,-0.2872655381685854
0.18273147029051265,-0.4090260468477388,0.215135264789945,-0.8200351630627227,-0.044705600048269144,0.48328110728320156,0.11842920870625169,-0.391782974806509,1.0980610356493359,0.026498278650412987,0.25950867293345725,0.12673015446614525,0.3550438191002544,-0.6228742541184557,-0.28393557005048625
0.12971753832739696,-0.5160450383003193,0.3170729749439367,-0.9362566330855868,-0.04340550205178831,0.5633575599874867,0.2131279991362687,-0.4377106437592518,1.0878512947370127,-0.03267912894968832,0.12350575155967933,0.07866362261601763,0.7711489977640829,-0.7242675926278571,-0.3410357489815075
0.1347258546605328,-0.4788261454018669,0.3755428123033816,-0.9752574776215214,0.5468117409062602,0.6914174354537026,-0.5509998680550819,-0.5203058561409085,1.0489446908770468,0.04598889626119986,0.15088906251294104,0.02514875709690326,0.5300701904040006,-1.0090736653613166,-0.3308808459930682
0.26181248125267575,-0.7306840528159816,0.4843518847294165,-0.9608862998749087,0.3276171059232603,0.8339471446473515,-0.7537723248612863,-0.5307957225306059,1.1012716253681847,-0.1975967455367249,0.1183279098437877,0.014991769259844454,0.5634165457489587,-1.349279547708598,-0.1802046110011958
0.13923425520717478,-0.6189134789272477,0.4618306964023764,-0.9255247244239085,0.6316219700791742,0.817414670494707,-0.46643272923359425,-0.526263567616125,0.9910895880000135,-0.15353239180020986,0.11928621259234638,0.05276533568545094,0.35427977555334816,-1.2223349281063085,-0.14512229672494983
0.09683462458556207,-0.6551188686238639,0.5549372700977785,-1.0191654631397533,0.6946687175946507,0.7654873038228306,-0.885135361661231,-0.4955438758122202,1.2231855034747234,-0.05162131154802827,0.27199172465752747,-0.0076909465166494365,0.44408315651639907,-0.9252927667706157,0.07716777664052288
0.11820035999167551,-0.8007214221590037,0.5678049485762549,-0.9452485944043113,0.7950206242290867,0.7246033884234307,-0.946003173332547,-0.5540781626843185,1.266645997463692,-0.15183190986691153,0.14657560757288163,0.03036910327066286,0.4089315262867898,-1.4919922550126734,-0.23292582848435336
0.1608002489894238,-0.7178061829983916,0.5345957626130505,-0.869655840355711,0.3837617337277004,0.8346768904943912,-1.1640775847450808,-0.6045581923429258,1.1647371271940157,-0.05312217955553625,0.37419847087204666,-0.009770376800777133,0.29542013129725186,-1.0923728203022223,-0.07602161424654737
0.13145534415851873,-0.7518132117321135,0.617650182114881,-0.979695063430054,0.5915170870979082,0.8281143903132068,-1.2064584487473675,-0.5841120932971869,1.204918447356216,-0.13836799604201033,0.05547847448620075,-0.06265211646799608,0.23101946284275882,-0.9505347607619653,-0.012873583158465944
0.14751657373901728,-0.9662534687696146,0.7581517570517926,-0.7555955722469738,1.196469573536522,1.0261971531883742,-1.4642979532017653,-0.4937701899633954,1.1098901832184265,-0.2994581525009959,0.1756136787197477,-0.06511296198192282,0.25371193747148313,-1.3275704140479847,0.18977255185792352
0.13664905314404988,-0.9491704241297776,0.71014806738071,-0.7934664889606047,0.7788893154481538,0.9212015666132469,-1.244151425491082,-0.5574396801153066,1.1140658989815058,-0.37404837062014634,-0.0907132445202218,-0.08388147523288314,0.14562344778325775,-1.2259611047592762,0.2345034144925936
-0.0888638686717813,-1.0054782519040204,0.8060845904191407,-0.7150497843159715,0.7464999226557061,0.949969196565252,-1.615230462826876,-0.5948792755264034,1.026188872056395,-0.28325643221180213,0.04099316216387242,-0.11034000639282182,0.260113814611707,-1.3017022216603982,0.30798205206606205
0.05130270802532938,-1.0241301455983545,0.9491169429448016,-0.7576947291486159,1.3010389678768923,1.0455691502358597,-1.9009311369406374,-0.5962622139137497,1.04003654384234,-0.4775291597053802,0.05237727684131472,-0.1082735221781517,-0.11463664468236379,-1.3612948856477032,0.4838042724434927
-0.06257724222411827,-1.1155600351605057,0.966313909621471,-0.46842377237752203,1.6107193452367372,1.1079240296634265,-2.0925130688679063,-0.37669911209476614,0.8711742148974184,-0.5852275980546543,0.09011555159582536,-0.22536066590757925,-0.10383959239976343,-1.4324655352605997,0.7206724185154688
-0.14813807781501223,-1.201484498948085,0.9965536670098873,-0.4923435853272831,1.5057996315481093,1.067346502622627,-1.9251182228615846,-0.45793957863940715,0.8977467348504714,-0.7092457525376047,0.10128081644999648,-0.2835914696118586,-0.05615650233971365,-1.4364458740103938,0.7000300790172583
0.0716620164851577,-0.9813045642866428,0.8207196086260214,-0.8575415368115896,0.9874165085808088,1.0313214171320917,-1.4911956038294711,-0.6438739542078269,1.1685714335217683,-0.4222839515246302,0.11829203934111526,-0.09018747534055925,0.24382625503857613,-1.604426413497816,0.13240315168659073
-0.0015638077222423856,-0.9963376552456781,0.8391105054736737,-0.693888140370123,0.8445140345297643,1.0134554724092604,-1.5248744677735477,-0.5409487430996259,1.0166533043967034,-0.36238772601911895,0.07663338038781914,-0.1040937485712492,0.24027065774639372,-1.6380114707669748,0.2980217461452087
0.17349622073544438,-0.7473258198564224,0.6688691789547637,-0.9635203334450463,0.9649002802942479,0.9165452333567291,-1.1110750152082933,-0.6086266572885185,1.1104125535758065,-0.23917653909126235,0.17357139251623485,-0.05778336436036387,0.40899148630714544,-0.9515140842995538,0.08425696275378611
0.006606510525489853,-0.8844785877930053,0.7926986005173029,-0.7789808385547639,0.9509328262356994,0.9325135268308268,-0.834584945797543,-0.5927168643158832,1.0447978438871242,-0.3529367341227588,0.1124837847586204,-0.09829223982003908,0.16399288158429973,-1.7625961621954511,0.12835848089408325
0.05260890879199746,-0.8874086823080062,0.752716041420346,-0.811841440155544,1.189279536660826,0.9406173957708669,-1.372746424307891,-0.5532123813252738,1.1117103670584887,-0.22981665807343624,0.0539167569720901,-0.06167713957574129,0.23365089544349935,-1.5632108708706571,0.25993525748679386
0.018129036128031382,-0.9742784592269719,0.8329225773898637,-0.7060050622473545,1.2516211885334898,1.0020954747818265,-1.4669915023215392,-0.5763761152093636,1.0481010634210743,-0.4345835950026033,0.3046608070160187,-0.16054246096306224,0.1675700927611596,-1.313352396892865,0.22933559624368138
0.05384882929050579,-0.8908280499049361,0.7659926161339609,-0.7254016493921903,0.6646786877943962,0.9784638081637278,-1.594481935579267,-0.5738588141777381,1.167061910838527,-0.30250218735051804,0.13804692350479397,-0.08162158270879745,0.16935401367688158,-1.601648362130271,0.3287595466315727
0.16943406756564777,-0.7590324978886499,0.5950557390986922,-0.9505174269166458,0.5472681224059291,0.8161749551979939,-0.8054190024767205,-0.5995826788265493,1.0268556495779189,-0.11995181203872049,0.1621549683313903,-0.038369534496937314,0.2510794364473073,-1.2251252901570235,-0.01601945426570669
0.03663607460620844,-0.8347484759285918,0.6591989326551896,-0.9449412198690017,0.4490875334384345,0.8782179030638153,-1.040451992196753,-0.5664627216135011,1.2349950496237931,-0.17998167908886867,0.037537877081161804,0.013005919631200277,0.39720385578327533,-1.3320959632979623,0.011932567761168349
0.1453962021992465,-0.7348662546329954,0.613888076346982,-0.9000171007700638,1.1815264107495733,0.8200260538177752,-0.7161251697774647,-0.5068365180608408,1.212843831320722,-0.22122606988131055,0.43493216892837416,-0.0008668025826695344,0.3663824473291224,-1.6741894515786693,-0.12480665901909778
0.19609369535311358,-0.7048537571797334,0.63290423690713,-0.9456239408535905,0.5355691463855662,0.8125131838404471,-0.6447290517448818,-0.5955814337511427,1.1796687822922112,-0.12505310661116695,0.03785783398790673,0.013264021767196354,0.36623253623104024,-1.1794417910496038,-0.05937853561964014
0.2689903080516291,-0.7229194904859747,0.5575290294549866,-0.894921520592309,0.8704671791458064,0.7944048061353258,-0.9760262086394583,-0.48352756990965795,1.2005480618608544,-0.13578582853501459,0.23027249952818218,-0.06932133646616555,0.4106315374342511,-1.288423921817911,-0.07825818151064434
0.10868900289314876,-0.8930130597718888,0.8633524653444101,-0.8445889663989278,1.434532415020005,1.0068874168526034,-1.7848225117929426,-0.5918414617836015,1.0947268590707049,-0.4210185145730217,0.18265949292903047,-0.14382942766741358,0.22826073962525267,-1.378659029384814,0.3118860617995641
0.06460959659970768,-1.0088319949098028,0.901087290458576,-0.7434030076937489,1.4788740851317794,1.069653107656871,-1.9499690179703466,-0.5183721356152042,0.8860080814605812,-0.4907536436603447,0.058418355556384874,-0.19046770379643171,0.07954678248792672,-1.2510021396126836,0.4165405494164622
0.00673843798720112,-1.0614167105186652,1.0255359887755942,-0.5916457983366458,1.604170019126755,1.1170701790131412,-1.8936233497441302,-0.4919435944483894,1.0637549758669331,-0.658114994243357,0.0318346784398583,-0.2906696514056359,-0.13372832045156366,-1.3819967286049022,0.7358829770298893
-0.09396588853633865,-1.1973301974264747,1.0497745314608111,-0.4115759107298517,1.4586269688338303,1.1438884093004853,-1.7897196178608779,-0.5065194213283216,0.6945648235129614,-0.6613529748054794,-0.09281722292716961,-0.28385845645273566,-0.11101579173208113,-1.5281505042509596,0.6218963984024788
-0.14391141434780752,-1.213484189279664,1.128713269923011,-0.2067199244716423,1.6445148117006936,1.145920848420608,-2.0337477590053332,-0.3457624630057291,0.4894961071173804,-0.6699525462728588,-0.14052821233692833,-0.4148101169232959,-0.2681889810225422,-1.2560685146367816,0.979067330681812
-0.16230024124970385,-1.1678539915477526,1.211431856666621,-0.1630702499577425,1.4025147264191096,1.2387498144453766,-2.1924767183585754,-0.376017573284829,0.5292500967546349,-0.7219854621081564,-0.026113222325639427,-0.3596003543065786,-0.2842484276610776,-1.642281211850278,0.9744315040071967
-0.1623073931602098,-1.0880670566506245,0.9943804716899458,-0.6295167627549929,1.6688986578127907,1.1409229998562875,-1.9756532420674788,-0.5216164341091457,0.9369272236694933,-0.612963867857002,-0.09276745944717461,-0.242313101177743,-0.1153388634731857,-1.4321405747204177,0.6457055413876485
-0.07136138500696076,-1.1241114379714567,0.9877971572454584,-0.5867186389486916,1.2674310002204674,1.0714840958856628,-1.7099130801971119,-0.5955289548777322,1.0064179010579992,-0.526392345684037,-0.1706708375060572,-0.24372782001613186,-0.17998382131317306,-1.289538636874712,0.38612152572090935
-0.007855683050429463,-1.1575535524142884,1.0556793822291808,-0.4847384218322289,1.3969285635732382,1.1746644371500392,-2.2093519470366507,-0.448990281322337,0.7888795022916043,-0.6822815337013037,-0.011089438632052393,-0.26655522982037444,-0.10213878596337002,-1.4281502952063043,0.5646940789484364
0.08287296295171227,-1.123866123055709,0.944453705634087,-0.5552898989996387,1.2940668789092404,1.0945897857929243,-1.8032901036576847,-0.48264145711515827,0.8270422474880962,-0.42927356416379614,-0.06222638989170125,-0.18586092788378455,-0.18673020686097277,-1.404145734767872,0.42503744644850416
0.04105932231695062,-1.001169953306511,0.9230113322324389,-0.6068720576871559,1.8842076778434187,1.0643018838286395,-1.524012925823789,-0.4945099788744163,0.8501531378937509,-0.43039422080700246,0.2597456419589964,-0.18652779650323165,0.13367365243645443,-1.4614147949414107,0.6448264461347222
-0.04587824366488815,-1.050551230854762,0.8176787538461181,-0.790094357708636,1.0627547231615282,1.0655167252421751,-1.3561971188565254,-0.49788586333759727,1.1921823515154946,-0.465555463566225,-0.014079338785653409,-0.198053970998432,0.08776215440211967,-1.3433900973311608,0.28877622187195606
0.055142731336202774,-1.1123685640406629,1.0115028388999676,-0.6018782512001403,1.3642671926690906,1.116188011563667,-1.8033145996636233,-0.4540195256073152,0.8693104862333174,-0.5027726270515309,-0.0896610062945384,-0.282712490708337,-0.09809118743992844,-1.2265044180363094,0.5522661555378123
0.00010477645681347511,-1.1841089848052437,1.0907709078481844,-0.5184277241969741,1.568214673736929,1.1127620896393324,-2.298416039239327,-0.44761759753713143,0.9226520430888469,-0.6737789238162943,-0.011616184384237326,-0.27384964629394315,-0.019684291842516702,-1.421182477141206,0.6313800336019606
-0.043505124216669716,-1.1953316194091363,1.0794002481288094,-0.40943971502013726,1.7024473867473362,1.1381347009070601,-2.0816637435346785,-0.40227688723474697,0.8380981382050758,-0.7182016712908073,0.1365022456361921,-0.3478873371722853,-0.09608219135740251,-1.396907022548799,0.78507210224164
-0.2166604467912655,-1.1812564756105506,1.1362466976331849,-0.2839006127204791,1.475807756950294,1.209293213477649,-1.8661533502835972,-0.4319237103398303,0.6631186516918636,-0.7526656814181749,-0.08632617619951992,-0.40351245587598594,-0.41367570724295616,-1.1614651549611221,0.922119791735216
-0.17553229466887413,-1.2089502876570901,1.1610916540867078,-0.32088033797605775,1.9021828773289966,1.1745419526357919,-2.105508639516424,-0.4017043201848862,0.6318283558305454,-0.7336813092189536,0.018627570387505853,-0.37624142549065837,-0.4150792069727199,-1.1017572002724492,0.8440825227665686
-0.1417797687782767,-1.1716261257452112,1.2009969628850143,-0.24409433963853233,1.7308397242094942,1.159353487623099,-2.2406371371796903,-0.3226837655379889,0.613915860194414,-0.8159772361284355,0.08950668825314874,-0.42470075195765294,-0.33602136615415545,-1.4794458492348466,0.9432557967075909
-0.11638869352413919,-1.2355770132151764,1.0738639734845303,-0.35637653469969244,1.5337669362992399,1.2015458820267846,-1.767808157151928,-0.4453865302542705,0.8015828490557566,-0.5891325717060998,-0.10376958790776197,-0.2983438209164784,-0.4465239844737043,-1.4377468398288586,0.706310844915316
0.04695835412490566,-1.0086130467524004,0.8824807185840848,-0.7389824090121121,1.3331350478478277,1.0500878991580276,-1.5734449108598008,-0.5332088515588884,1.0948476616598415,-0.506396613729309,0.08335072433593613,-0.13900714897715144,-0.05674538601831913,-1.2018482948653426,0.5072607503845913
-0.08626963291271816,-1.0358939339307163,0.896102963238517,-0.6572651629655302,1.0784516068620054,1.192140050635975,-1.691883802464279,-0.5874925658977376,1.0874834442378605,-0.3741888890128899,-0.048825289154335254,-0.15498721832215512,0.023019297133508157,-1.2963676236532853,0.2028127317511681
-0.0391180223211733,-0.9700139334448388,0.928175295145523,-0.6913713811798247,1.2356362128191603,1.0970749007902851,-1.8544713497995673,-0.5092916206829348,0.9715153661445148,-0.5579545061701202,0.19509262024642748,-0.1408795331520185,-0.07306272721283966,-1.759148216609192,0.498387232821686
-0.039320693809463646,-1.1182009242659332,1.0546341405889699,-0.48763456808744193,1.066834285212323,1.1621513238345464,-1.7678548664281446,-0.4273344598330266,0.8035219352151415,-0.726992398604351,-0.017272359180791574,-0.2552445791209606,-0.041578963748216215,-1.563597691865527,0.7431669001666729
-0.14621665384172836,-1.2588654780960151,1.0920287058815257,-0.21043818955787888,1.646361169580465,1.14931897916296,-2.66683566653522,-0.4147430575513561,0.6297863404829148,-0.7184038320789744,-0.036799607807087686,-0.35439199549926914,-0.275515867354683,-1.3456401906867437,0.8981901683990179
-0.2524865120536089,-1.3084991788924796,1.2349012083505515,-0.14546424560389667,2.3541509575122403,1.270947546414558,-2.4586013776689732,-0.2097769321894766,0.3525918311122162,-0.8765382323441581,-0.009020806712990612,-0.5310099006519852,-0.6549990235419274,-1.326907625685596,1.3766335573441244
-0.2294673249051282,-1.2028862452692028,1.139687679857708,-0.24749928920469755,1.5739709801900448,1.2480357912566968,-1.6005197139390888,-0.4204054835907692,0.4897661605480081,-0.9101467412347155,-0.05857932533634415,-0.4328210114416286,-0.331826389419292,-1.4975514700784596,0.8954515256325861
-0.07084739894617544,-1.2548142620869411,1.1429049601116918,-0.2860378678020634,1.5474244749629404,1.1432606197065514,-2.1834368769870287,-0.36467085746384387,0.6985414698635083,-0.8356394840952899,-0.27036916274215633,-0.41033298540151475,-0.29803628603702514,-1.5053914548536231,0.7752559850672923
-0.20548726926169714,-1.226980996943737,1.2042329188781518,-0.24946454732477227,1.8788870521235177,1.2381830087436672,-2.2241081668728646,-0.3950166543292984,0.4624276761906391,-0.989817059515844,0.0001413936885996161,-0.3560557540263407,-0.42455152691886,-1.1257511177149264,0.973374006608895
-0.3629899658516672,-1.3451073464319723,1.302190378348192,0.23909192160337875,1.9710063218286817,1.236835777334211,-2.3494814924890535,-0.1084529159620869,0.005834638436455908,-1.1432809505846269,0.05824101914146602,-0.6959912138064324,-0.7210825845192284,-0.9931324723105243,1.2856255406430301
-0.6738676827253196,-1.3754669774017627,1.4256493693489702,0.2819319856923076,1.6545441557789131,1.2295739733797946,-2.650158087512532,0.13699292382891676,-0.3401195657392037,-1.43517395464328,-0.0024351755575694263,-0.8150038945839109,-0.5242231867382049,-0.7734158492289752,1.6040961266461657
-0.7840079727922774,-1.425782853957869,1.4443289498496747,0.47469962335383126,2.216810563448472,1.2617901993916922,-2.5870249537255394,0.32869730395436975,-0.5432993184952005,-1.3957943945908535,0.13385848346693976,-1.0280329777242527,-0.6357229872558893,-0.6446788220633531,1.6756521858925462
-0.6539847888968182,-1.368129066477557,1.4523388293278312,0.32213271189493814,1.9905768429783806,1.3071132439487498,-2.7213390681512033,0.2555795740966457,-0.525409220792878,-1.4072956006528654,0.03604740620889296,-0.9778959256235887,-0.403126122866475,-0.4733317288715181,1.6964578198503628
-0.6780511569353223,-1.371551173061095,1.3830800274504256,0.40356338265157826,2.1570386659354326,1.3085220475867498,-2.478956001769257,0.09854637917543393,-0.17032686417195136,-1.4109180072450234,-0.02077722318117212,-0.860952001088463,-0.5752958839999346,-0.5989273378611535,1.5307578720286488
-0.8603048238348918,-1.3934675967974877,1.4100429421821115,0.4611475321438109,1.8648189557776271,1.3323074319762545,-2.547246189556529,0.2651268662037364,-0.47653492499096833,-1.461018585174173,0.13184884601200716,-0.9838049927727479,-0.6903836695759307,-0.5384317730510776,1.7151476293369035
-0.5931243216742208,-1.373335378568076,1.3689752058218072,0.45424061473866445,2.297773228270209,1.2672993320817663,-2.4616571565213388,0.14004633364658312,-0.17482184550122748,-1.278956162448326,0.021928363912079363,-0.8388725623972874,-0.812825649404188,-0.7602095813322485,1.5069754138818996
-0.5626108077452657,-1.2935458825304484,1.407136275059615,0.3841246383314561,1.8261776700106263,1.318407316561402,-2.5765406524123806,0.07700604689600934,-0.14027917425444753,-1.2542507361504458,-0.05098715762427306,-0.7816088686856502,-0.5467434451964576,-0.8944314394301066,1.519393653660688
-0.5473077741345633,-1.3456790099165294,1.3636576510143081,0.29175558632179277,1.9224943768509875,1.331069598554223,-2.412627942296984,0.036234724761547994,-0.09277734939530928,-1.21976691971865,-0.14237675409567524,-0.805559892665357,-0.5786905347246386,-0.882920998092804,1.5675410005767716
-0.6161038961867976,-1.369953915688317,1.4687529091940272,0.37376120095191034,1.8016943733497162,1.2670201319249241,-2.182279944426408,0.328056228591084,-0.5576465637265755,-1.4913613724367774,0.26105260353412724,-0.9536723922203043,-0.6426652558295265,-0.8047174000899853,1.7057896345269323
-0.795926573267977,-1.2995427067111074,1.4399059867461725,0.45220144239413834,1.8563983830353368,1.2775611946854852,-2.548991783563161,0.21497502903274118,-0.537667256834461,-1.4524080405206616,0.0985947215572111,-0.9314858531075193,-0.5113097676664305,-0.5067895220988721,1.7114634862212845
-0.5357303737291568,-1.3158128440590997,1.3470842149572864,0.0725511194791001,1.68474222439065,1.2793183314882135,-2.5330807570728227,-0.0891612869777487,0.14933997757720185,-1.2783119800930651,0.09062780580849936,-0.6408924117642059,-0.5206340022006766,-0.9482025934751389,1.2423540092216288
-0.5552681872141099,-1.3609683065469744,1.3218178897900732,0.2673748843543387,2.0024895575645294,1.2456835464384601,-2.437377501354138,-0.07504139689195281,-0.05778582747300005,-1.1482970567835185,-0.028713552779450695,-0.754704888595042,-0.6104054304706615,-0.8470540500426684,1.4555791160518772
-0.4332850567016547,-1.3210417935364815,1.3534396095420675,0.04125750712025843,1.9082977920282538,1.2267431138895724,-2.2337071361689707,-0.07800544861416596,0.23007707174956876,-1.1174086532149035,0.03572070247696454,-0.6954608555593009,-0.5227812840118643,-1.5243291205103515,1.4481209110910322
-0.34875297800799054,-1.327791693746952,1.2850651091450107,0.17449873912882896,2.198236102369938,1.3075722977003603,-2.212521047640025,-0.13220660608867577,0.1722891927061182,-1.048642637041899,-0.013173950533777594,-0.6501582714363997,-0.35596140258705217,-0.8798832920225733,1.4178187633799175
-0.4380099663137145,-1.340166115062832,1.3386571245183967,0.1320487311142492,1.3558862269907288,1.1198955427933512,-2.713980708317602,-0.08984236203653814,0.08856991242471013,-1.1255232372106656,-0.10479338430477303,-0.623753651311104,-0.6596733399149246,-1.2160962199136038,1.2559106915498808
-0.42782224464310487,-1.3039231058356293,1.3061687160457764,0.11588266783217933,1.9308361913679006,1.2297431090771007,-2.3514601311041026,-0.0933357639361625,0.21908474907593503,-1.2024440774109013,0.0829730886001803,-0.6158561229933682,-0.41338485415096304,-1.2224344445222008,1.2063836431605943
-0.4187131697656683,-1.3452806575962695,1.3341561424194541,0.2618901419316704,1.3775985641596886,1.301944419868782,-2.3835133912952307,-0.047719377356838975,0.04237900881156762,-1.0975157978863157,-0.14236141561214202,-0.7624364756933847,-0.5554922479503815,-1.0733817007872086,1.4489502515831478
-0.41776778468313963,-1.250578664004976,1.252022671709642,0.05078331982826222,1.8820285226255276,1.2276189570713605,-2.185746583230162,-0.19289228397432243,0.42822325588825655,-1.044689614165085,-0.1732803065442341,-0.5504676711308599,-0.38569246433593707,-1.2692130323233413,1.1163205982271578
-0.2826367743973056,-1.2431458147792156,1.2332944040754328,-0.12641867178400795,1.682659723882026,1.2196473441654185,-2.3920235871155073,-0.2898397643228855,0.39456161140312945,-0.9866287086726772,0.19277183723781127,-0.4822580706065666,-0.5619426625307756,-1.164698404303349,1.1576609124306567
-0.34007652164302016,-1.3578652386816437,1.222553599429716,0.006468927419030144,1.9459565198000983,1.2826643913546343,-2.1674458887930053,-0.11319902359151159,0.24352191544046606,-1.0109925811425535,0.03712950682015503,-0.601611915302925,-0.433690384850007,-1.2741540429236955,1.1818118504937716
-0.20488586313078305,-1.271112631724534,1.2127805805499672,-0.10936573603619766,2.0722433395539936,1.1809749775908598,-2.5082341472216827,-0.30827030220265594,0.4137902880685178,-1.0171203559922446,0.05419448330504643,-0.5342350938330588,-0.4946393818908761,-1.208220530214219,1.0089425064782789
-0.1714567208655727,-1.298739098823858,1.1195252229418329,-0.27629003278983544,1.61320516359013,1.1642167159499446,-2.1272538379040067,-0.4623660068901044,0.7453184590339179,-0.7886240513906527,-0.1666755385728289,-0.34240008648737447,-0.3727224154857831,-1.331495420887998,0.8742030385809695
-0.14052604318127382,-1.2303942960591099,1.172551735936217,-0.21377673802976882,1.8449129761539595,1.1505694193934877,-2.0872258468919216,-0.30908000409649905,0.7251173597515395,-0.7448447255595211,0.04259578846614931,-0.40063341791445567,-0.40917684101429663,-1.2634985521937396,0.8880122029508543
-0.22534734887842212,-1.2559534045972036,1.2187785726636682,-0.12557414102641093,1.6914055662627248,1.1830015095284827,-2.3926156178351476,-0.29065841491224764,0.3695825319619964,-0.9237051816178293,-0.06497779075284944,-0.49308326955850723,-0.39116099460356757,-1.1139270105759584,0.9356478246393125
-0.11911523082745784,-1.3127376753033142,1.2184040249307542,-0.03693712863309452,1.4621937130574152,1.211293965299672,-2.1152133196817418,-0.26632719584656095,0.3626641704663612,-1.0530158498799185,-0.08023010104483672,-0.5184919649166102,-0.4591419376577856,-1.5434091795379448,1.0220509490464613
-0.05059487061797242,-1.1976395392449566,1.1076968505432063,-0.29215748217138354,1.7581208745572947,1.1165193736322738,-2.0337804728273454,-0.5269900009353108,0.7184407077537956,-0.6950182090277012,-0.04211630140484315,-0.3568507888183261,-0.22304103009120002,-1.6474862251396971,0.9624524704415033
-0.07771377213969778,-1.24836162568783,1.1868415739251865,-0.25545791600437645,2.038899050342609,1.1317044483384828,-2.6294588956781766,-0.3327244999578153,0.7016275227858282,-0.8684470214174169,0.14610667745787168,-0.3865571570483536,-0.2882998109603488,-1.0626684104150468,0.7643494172951443
-0.01774791846359993,-1.1320111717477324,1.0469769034848093,-0.542486665662404,1.4685905316981696,1.1507047966969708,-2.1354529444649213,-0.4933489911695118,0.9498258696946507,-0.5610012321904115,-0.17002049969461439,-0.2775900450912868,-0.16568040515330942,-1.0990853931703215,0.4735604007851977
-0.10673654682020511,-1.1047374384548858,1.073372844364005,-0.44636986390684946,1.3925712479272179,1.1348337875054042,-2.1202990582673995,-0.47793319144435664,0.968955056852283,-0.643553564168272,-0.0032183488702661935,-0.2495508834013261,-0.0797255671651095,-1.2654341764735766,0.7949452394275467
-0.061632958212257255,-1.0622335088339077,0.9364625848047046,-0.605525504307321,1.506301418108474,1.1536110699170252,-2.080975044553505,-0.5252691147287609,0.9435534927538614,-0.5183826794423482,0.12918797130067597,-0.22509674501929547,0.017931596333262943,-1.1529456122884643,0.634071017134522
0.028823481262334076,-1.0306907015699593,0.8915144912892812,-0.7428161865381521,1.2945583942300778,1.0719626823313722,-1.5705532677249423,-0.5630327357735321,0.9930472972733191,-0.3938564667598684,-0.18033486646771327,-0.14531361636120452,-0.012162259163032227,-1.3719498178426306,0.31427565017593895
-0.06379079154703132,-0.9487335479878116,0.7774642150854157,-0.7679528306812009,0.9582926581368953,1.0390499190596842,-1.296085803176806,-0.5143418895181866,1.0331164786197005,-0.422974999075721,0.26258933925496825,-0.10140423423766856,0.2119779221191013,-1.2168036010221044,0.26901369469836933
0.21086182654074498,-1.0207192054886292,0.8093745505458235,-0.8158768601687311,1.3028525957361936,0.9547004640783233,-1.360490068489962,-0.5719117584649397,1.0838494934100111,-0.41142425492939005,0.06818750245858954,-0.1449166104165831,0.2722571142453872,-1.4949165378899671,0.18219517522272546
0.03474649715732378,-0.8879186472994166,0.7126563476843213,-0.8962937927178066,0.6090977293930713,0.9506604088301642,-1.3059486578010784,-0.4934213557390157,1.2647763220552883,-0.2746280517857105,-0.011775634225675655,-0.052701962586244024,0.26855061008325853,-1.610772133999764,0.03520059726282257
0.1078892203887798,-0.942046676852218,0.7905756334842375,-0.8013064499416257,1.3135757644984056,1.0270746437637472,-1.2906522224352575,-0.5835293147974605,1.0861590910128855,-0.33416071556085525,0.22688688193811601,-0.0848095043643492,0.062111417778588425,-1.502475139424492,0.4189076043485014
0.12252147235261682,-0.8763087570643908,0.7635550026666112,-0.7669642431225073,1.3414171137118798,0.956519250131888,-1.2726418329630684,-0.5335256479957028,1.0518217203639617,-0.22786248956825514,0.25309852996928417,-0.08559523651184807,0.06663885299578577,-1.332487308670852,0.11818202354367695
0.07672789215818047,-0.9491779784152826,0.8545926550887318,-0.7172580756525033,1.1179350856927068,1.0762770605827077,-1.435113354096915,-0.570498455420682,1.013025922102514,-0.2583758763784896,-0.061987074130151955,-0.06648230253305261,0.17011187024844485,-1.6478765455194586,0.43758655446761485
0.06429823322941108,-1.0140167023287634,0.8377866095844418,-0.7391959592596727,1.0108437864489668,0.9759287747404369,-1.7435919556663286,-0.5300463356560429,1.097373976144294,-0.4095705967996919,0.20258556187584778,-0.14240434074778846,0.012265841184708463,-1.7821118263489721,0.183706535143931
0.13110019676743365,-0.9931011310399059,0.7467792711452675,-0.8574326246601426,1.2044815891537917,0.9643978108429764,-1.250461746018868,-0.5581971080292814,1.069506297162931,-0.32020570800899373,0.11943244561357491,-0.0900653195150834,0.08432188094995995,-1.3860094035312671,0.3599635260513487
0.07996534524462989,-0.8056722359778126,0.7071524801795381,-0.9068117378787608,0.8490285921292746,0.9514593967259187,-1.1182815996166144,-0.4953362101330599,1.11474723508036,-0.15299315880412093,0.10199399503309198,-0.032305065214817665,0.3286849891598562,-1.5349756700608659,-0.10785554687350452
0.14888033826433922,-0.6982782597599361,0.48839638948188857,-0.9614736870665735,0.4069637045698596,0.8515261923912587,-0.5035752108035307,-0.588739208972742,1.0963514186749088,-0.13868424137002677,0.4483486210165773,-0.005342254380898137,0.40888142689888407,-1.2760707885111764,-0.30057342220307015
0.02068910837645493,-0.6508782672297669,0.5534012422340288,-0.8479739183377257,0.6610849343746137,0.8173559584461353,-0.9159335393231007,-0.5467677724168106,1.2206483000086685,-0.19379278278727452,0.09419328176418237,-0.035504449213355736,0.3389857889969828,-1.2552506514195318,-0.0013371451051000288
0.1787108375731581,-0.663368880751704,0.46807705988764914,-1.0367004186388447,0.5746284590495128,0.7078062404921778,-0.631520509794065,-0.491521609063504,1.1536976032117205,-0.10482185303569433,0.3469896491952493,-0.06387328547594455,0.38831073083257694,-1.2583132064525007,0.04673790761621696
0.1979466160010806,-0.3321475343417031,0.19738972227889812,-0.9592187601425346,-0.18535895221770288,0.4227073475745615,0.1717993566593263,-0.4271845780782866,0.9185884043571679,0.061638068875515796,0.05430748290408272,0.14212821372752327,0.5121123010445874,-0.9529453924531178,-0.24903674633362563
0.18109793811760105,-0.3269615400695612,0.1063236121487417,-0.8739070473491886,-0.4286423733415909,0.43517445433874613,-0.13441625092037715,-0.4124335893696603,0.9352728592005829,0.13215289143131587,0.2980924748529598,0.10862374940843392,0.41369046417573635,-0.7599458894065224,-0.1564875318696682
0.3669151959895666,-0.16344286942919156,-0.032424436982033365,-0.8571222570027814,-0.34207683174944203,0.2887221079075086,0.2282430362616777,-0.39975203867831877,0.7000183878882439,0.3516930184691543,0.2186011846245746,0.14587606646583381,0.246325244269135,-0.3148201896592894,-0.6137077220415986
0.18596126846948996,-0.3542580280991097,0.2133498581835494,-0.8656797146435243,-0.021813882515390282,0.41902604168705143,-0.3329940337223782,-0.4296276458787214,0.8520643609122841,0.14432230070753113,0.2947463669607399,0.0743386773825596,0.5640050340316818,-0.8073158459879017,-0.3258887303034867
0.29103287191467664,-0.18132671052802224,-0.0636218140779469,-0.7893424312537496,-0.4595251190712453,0.237265326941392,0.3474334002613391,-0.29828996366379484,0.7350879182426099,0.2148453936077134,0.08133069632319627,0.2012370500783751,0.3069957411912504,-0.12553963692298606,-0.5033043785457781
0.2770842847362983,0.12425216662906763,-0.23417418869676948,-0.5902795806608738,-0.6317272512192696,-0.04009105758512216,0.6335400076671647,-0.2485284765514627,0.49469426822752716,0.4113411624444725,-0.12158232741897726,0.22365368748198322,0.25766667341781246,-0.21312835325940507,-0.5957210526665552
0.2594264792110929,-0.00104048924514016,-0.11641584796173046,-0.6707928208850065,-0.2553891482742112,0.23872924610463814,0.3570326724814255,-0.3815198594200545,0.8581933245954443,0.20584132115655315,0.04868881642267666,0.2175383035420876,0.6195646316384669,0.18850603983254077,-0.5406358385342634
0.07720609832152757,-0.3030017922753226,0.07830733614230084,-0.9436697522250549,0.1385587771563239,0.4415250145600399,-0.11693072925608171,-0.4441484461557225,0.903135752234076,0.13765444147903122,0.026684301687587616,0.16064945637518235,0.5862645580349112,-0.7639197879803657,-0.507505832481511
0.29502211730062694,-0.1832587208535763,-0.058310937896506154,-0.7000185408292497,-0.58499168224784,0.33167270052125714,-0.35232516165263755,-0.381325585240231,0.8933665768395809,0.2595352640156423,0.23706792421555906,0.16956696174582828,0.5218423264927624,-0.34197967396256623,-0.42470509208641793
0.2484329032417938,-0.0657064867048746,-0.0841767347387814,-0.7685951126458553,0.0034209768065639632,0.1712215996703737,0.36383878203257686,-0.31206506813195456,0.5936588112571063,0.3901636548318138,0.2297550827964476,0.1765078414364161,0.5088990673836908,-0.7129543104179343,-0.5907259036615385
0.20463227076594526,-0.18832768305235037,-0.04894571918728862,-0.8166405938246749,-0.6096456896100396,0.24540889164850582,-0.12937738124377976,-0.4091955520752332,0.6502306682440853,0.2165466936200412,0.09020831919258444,0.18195415511886148,0.6023680095643129,-0.1937137256759394,-0.4433142223399138
0.24731765194995795,0.17058616700128534,-0.36775515283216764,-0.4657667164406302,-0.7217063751935707,-0.10866003614853348,0.8167595655885382,-0.3019863293684427,0.42252715024083115,0.3520177308642346,-0.30063745839441336,0.3749698081511577,0.2655196769114093,-0.08761160977246478,-0.5544236836406209
0.3582635700004952,0.5630453463087126,-0.6358984351244444,-0.014596062797883004,-0.7543414739561443,-0.5329637359884165,1.091642646791847,-0.20296902562172503,-0.08023705931265443,0.5231579659230116,-0.21937027380722157,0.5025242672783736,-0.2738606967440034,0.843716591780533,-0.6691687380293563
0.3734828091567165,0.700419005515344,-0.7793265852490234,0.2620504519679569,-0.8689307215984975,-0.5898597196864639,0.8922626454595163,-0.20012931056575486,-0.12300180033790845,0.6586082688863952,-0.3233509772401644,0.5612164465674728,-0.25749101239959815,0.6576798459780625,-0.7418323568595099
0.1685915757591897,0.3214594116184605,-0.4481089746398159,-0.33155596570971363,-0.7286049125485125,-0.22816080593628624,0.7729353914781391,-0.2766288037832055,0.283695647521371,0.4206827128859593,-0.1466125668228089,0.3638331893238105,0.24200932603159128,0.2662915729717236,-0.6331480651501199
0.3211389120810852,0.3440299209028059,-0.46735791544476746,-0.14199992857267738,-0.788817763148952,-0.27463267211508985,0.566040028727068,-0.24732193342003353,0.19804159225613213,0.44237576820712277,-0.29798698945114394,0.4130714418918337,0.24098301558227395,0.4083817497112666,-0.5709243250726024
0.3211196294327891,0.4117364174405722,-0.4564435879524761,-0.1987315063550966,-1.0671452833014965,-0.27886725106741705,0.7324254176025755,-0.23397589053912368,0.16014984417661945,0.3273099103626973,-0.17056946077967833,0.3803022625584055,0.11649617074092572,0.15203551910512667,-0.844146615846253
0.26862819515713543,0.19217097128646707,-0.275716773774687,-0.4319307531665482,-0.7249931377284943,-0.07540196587471783,0.6608691527778607,-0.3152977143350701,0.40403297537983446,0.4440162123671446,-0.03608022288008393,0.3072032290792118,0.1382982853062044,-0.20387269232629182,-0.4609977862308587
0.11325110952422211,-0.22594633152174337,-0.005484506783159779,-0.8262815783546447,-0.4228711436512229,0.32175327325180375,0.3535773753548655,-0.38536719550451026,0.6436536157738418,0.15166123315674032,0.2453656428152933,0.17744804715922052,0.39610866148234775,-0.9002124135787719,-0.40638138527283196
0.2251677907649238,-0.1278131619221957,-0.05599283718063526,-0.7055057457082036,-0.29115040949057414,0.21255847439830175,0.32534805243155374,-0.41247309138883814,0.7361076090554302,0.20877656096118222,0.28203882640417455,0.196744889025382,0.40406939686129545,-0.31592381505332207,-0.5837835897072183
0.3146111499953206,-0.15495015844982246,-0.05182525840542216,-0.6894655334963334,-0.4816206321217226,0.19872119881684117,-0.19724604078696187,-0.3484170882898967,0.784962828464664,0.35226163762654417,0.22669761063670252,0.15384769456926864,0.45519529816744464,-0.5901585829492493,-0.5080054260021104
0.1012295234885738,-0.3018139492498755,0.1652890785748556,-0.8928128964660104,-0.017789415999900637,0.4960027146552199,0.08922989967328622,-0.48603024221685226,0.940570503439466,0.07085842498320315,0.2688336266872975,0.1555361882619275,0.5760260005310437,-0.7921217015757459,-0.45678719064327056
0.2320254015747989,-0.09506898522767052,-0.047683394153646357,-0.7939684646175931,-0.11452114422889441,0.28346991653077896,0.3443094560735686,-0.44720496617032374,0.5268078082398676,0.30253902425769047,0.3783650803383713,0.1712765461182207,0.3535883605033809,-0.5454466608135193,-0.28244882494165785
0.19195486853375976,-0.3209701779804371,0.08227577825080792,-0.8194742820311232,-0.3308820873071823,0.515316792725267,0.14303631658006463,-0.4146162124856445,0.7400268181046827,0.26143549462091237,0.2179336315811393,0.17219656402462719,0.42382536896744133,-0.4620670716453189,-0.40057439256399
0.22315353327423312,-0.09667850552673089,-0.055334798162119385,-0.7430969432989342,-0.6770586315704792,0.25329033031488146,0.5724059021484678,-0.3308382030651456,0.5531352606837594,0.2751841582944513,0.3270886567087571,0.20543913926941576,0.4757074093968367,-1.1332510851530346,-0.5995181267050047
0.32224502014255757,-0.18605492771517002,-0.03934430148040428,-0.793281088887611,-0.5109911609679868,0.29315036223548807,-0.11828531945744811,-0.42114900046538156,0.7883042625487735,0.2285825918704222,0.17512149271088012,0.208995266628072,0.514867925514287,-0.9528207445959688,-0.4417738386518861
0.2055344245458839,-0.10848915789782959,-0.12403609286337643,-0.789286024755445,-0.490081316091346,0.2351082411691711,0.17155216473727394,-0.32727147698587356,0.7761637189774104,0.25450825146688405,0.1969054552267552,0.20251979259800046,0.42253343004853483,-0.8698143670405413,-0.6312010204665315
0.20710017316886487,0.038559104275505206,-0.20823855806652047,-0.6025936465978953,-0.535350514400379,0.0986552596969938,0.29229308613255617,-0.3590693209393954,0.7185721419430802,0.4334007349621204,0.21533663088387686,0.26623074751259146,0.3085941088445852,-0.042866577159056674,-0.4577506786648151
0.2714636708091186,0.23269518943297818,-0.3848618383148107,-0.4671250190544747,-0.5373138119514961,-0.2258862204943182,0.9649515214598283,-0.28243428375861124,0.3288148970163946,0.36750128577069346,-0.14316006604564016,0.3190431186928641,0.1431288084157575,0.03965643541820223,-0.5831783168290453
0.4021598364304667,0.22693401497925905,-0.31985240457244085,-0.43361878670494314,-0.6111006440177327,-0.05791492426396681,0.4091387245724848,-0.19736773689370268,0.5334646405590074,0.5101463174442152,0.050114791706645054,0.3106177635782348,0.09615899808207203,-0.27198089534203856,-0.5161275300324986
0.2966702554365068,0.00781936622372121,-0.1273591511095498,-0.6316694567365113,-0.5247200303320655,0.14519953580269834,0.6219462606885705,-0.3177300746229855,0.6412508445451498,0.3650211172424999,0.23526285095569782,0.2526000624330922,0.38125909514718886,-0.2167243635939254,-0.48967001520939607
0.3195439522059881,0.10284288797490145,-0.19487640045899968,-0.6342062778364079,-0.44349135969128445,0.07423834640525406,0.33250238748540284,-0.35586811131465124,0.5651212514585453,0.3067168837785759,0.051615850328870075,0.2590226631264422,0.2550789285994459,-0.25936813159606864,-0.8019064704521455
0.24109009642920878,-0.008080104758265642,-0.15381702742827963,-0.593334293871356,-0.788565748519222,0.05789666624752693,0.3688083884194306,-0.3141915574766651,0.4891455715783914,0.39634358613726656,0.22360419992508768,0.21885660012310604,0.33178065116829103,0.2542697179193596,-0.6131821787604808
0.27787566884985154,-0.06640316479723282,-0.03654899931591497,-0.641609023552481,-0.6147977240585756,0.11587106901564942,0.29081283294271526,-0.3116261141822876,0.508782375731175,0.10064889897121292,0.13131588852504827,0.249549296891781,0.45767597051059417,-0.2916795629332329,-0.47474410707684583
0.2914448629441631,0.08112910476544537,-0.25865499566486244,-0.473018431972691,-0.6665873833126622,0.053175927331216795,0.5366535968468645,-0.38644239233131716,0.5921014798048602,0.264080438967904,-0.16463705154052505,0.27704792888374163,0.29110158311332696,-0.34960014305416337,-0.5683679142399856
0.26414415356651155,-0.0597594505931487,-0.13985352543696633,-0.6155724734616164,-0.613953399667842,0.19480702200438582,0.5388881823524211,-0.3272269946034307,0.42801430224783293,0.2737963511472025,0.20336552561232502,0.21292360092102083,0.275764056279885,-0.33877611344699854,-0.5924578386895152
0.31483078434457146,-0.14736799813302337,0.002572906581457436,-0.7467095212336388,-0.04662929865690243,0.2482073549725479,0.22702508183610626,-0.3336895759673363,0.7542241594512101,0.22649713584477293,0.16589217393824265,0.1769385465700898,0.5336548431132061,0.10114283986946368,-0.49133471944900386
0.1900698828178185,-0.43486891410116024,0.2687861032411206,-0.9767848546987196,0.37738752792047786,0.6180599821356819,-0.2899479693264717,-0.5487836307474961,0.9595905970799539,-0.0677106597389665,0.422948649145139,0.04978015357335776,0.3761995437012107,-1.463266629971727,-0.1821859829092519
0.09612282783100463,-0.40203225387216135,0.24100240869180775,-1.0316579417320155,0.057957929987405184,0.5219559770913852,-0.11239385005626808,-0.46081138952722966,0.9718523322024323,0.16178425411235897,0.23732529297438137,0.10231170669990784,0.5497048772852137,-1.1808105064644276,-0.28574877537267057
0.10129660442273102,-0.3928307691430765,0.2511968207951402,-0.8919969489478112,-0.34639780206705384,0.48472694784122694,-0.3408445659315004,-0.5223383529464833,0.8721215806013187,0.08008874638425029,0.2204531567868486,0.17116140338515254,0.6834712034623214,-0.8577141165112352,-0.4660845318736246
0.059198017991818105,-0.4890507629236759,0.26609397812672586,-0.9632189142843919,0.040750526114623355,0.6043650569106273,-0.03839874590562461,-0.5168735276407816,0.8999446332910754,0.04939031251834621,0.2066953156785481,0.12643248129717344,0.4941513760815157,-1.181876977166044,-0.41534260398371375
0.05814776687513907,-0.5999397529245408,0.38181237187139766,-1.0047000630441738,0.2644749226990756,0.6822508047993605,-0.4294176282694223,-0.5366949065880678,1.1186870168139247,0.04675630987744508,0.2579872077705177,0.06036480673791515,0.44205929579433945,-1.1135819942898806,-0.12499976821559566
0.16884841254810204,-0.46531127614624695,0.3512102244489457,-0.9308206742664509,0.02711217773667276,0.662874178954176,0.09564335437250056,-0.4840662266312875,1.0317870522587966,-0.10247994266791924,0.29904492764535395,0.08327177382419934,0.6157394573135129,-0.9172350078491066,-0.15632238106122953
0.1283056624565625,-0.4339858030382099,0.3023670683465906,-0.9652573981688042,0.053135098724900215,0.5924086470972277,-0.1922576566902513,-0.43922562148005706,1.1240708942257123,0.1260121840122832,0.18260541528826346,0.0801973013058413,0.6019525465565135,-0.8664545428522781,-0.30548501375781784
0.10029214661242594,-0.4844364789052666,0.3630796878557202,-0.8990187089174742,0.34452675465891547,0.6166175163922537,-0.6344277312967699,-0.589355935305813,0.9513020362478958,0.07780975463927715,0.11074933151876214,0.05847890853417233,0.5123758356096999,-0.7115691185086438,-0.2511926753636827
0.23140190829200488,-0.42439998294471676,0.24587340018027715,-0.8765198315589579,-0.29134448927194007,0.4768530248863004,-0.09660747612224241,-0.42659970127436103,0.90368229489878,-0.04462957384049623,0.4455549622171711,0.10817133153705807,0.41123372687617193,-0.9315668465087477,-0.31659902595636635
0.3171413575663422,-0.286126074809172,0.2064074022579914,-0.9123229546571657,0.02376078292333484,0.4679324324673267,-0.1671118264127799,-0.4444365994500947,1.0032478188656868,0.05575506863412283,0.10463793582692593,0.10995687797135945,0.6364622017844654,-0.8145114711380715,-0.519894203692539
0.19537542430222235,-0.32745108013478336,0.13702518970235025,-0.894767238352455,-0.5120843721434866,0.4700799059895159,-0.5685944008788473,-0.44902657995499196,0.9684626756818852,0.016336463916831277,0.20005169118005325,0.13489615778287745,0.6051677635222559,-0.27206800685376126,-0.3699413458285167
0.25435987407824956,-0.4651035491681405,0.23766098191559748,-0.9923477005758949,0.16016039234107127,0.538978810588882,-0.5138947919959272,-0.4907300812597149,1.0091651709934648,0.08019927580748261,0.30910819035545944,0.0873129875926145,0.5341428397940554,-1.0061174384175,-0.2718380050338513
0.32925873548581486,-0.3650579790093591,0.16825830163808095,-0.9956984616150054,-0.24487185643696532,0.4326911148432348,-0.08846538605708314,-0.48702136703487886,0.9188682852131735,-0.07497121105056463,0.1583709561178531,0.0936351960261817,0.4433558113551064,-0.9508478799906761,-0.25124129086228636
0.19104556139043571,-0.11786255744860587,-0.077958323766824,-0.7615234857589921,-0.45150440629779515,0.22052378280918508,0.04465987426714394,-0.28369661795315143,0.8708523239948258,0.1911613834342881,0.1277634279899552,0.24070827527618754,0.29078272223594737,-0.5221374240980589,-0.487726866612525
0.21895554055872735,0.2162026756881768,-0.35364954567484697,-0.32785811724163877,-0.4190727385731267,-0.13651597763485057,0.4925941724737926,-0.2854694867443985,0.4192903758480489,0.31556991554310565,-0.09798382406570441,0.3503859599571436,0.09019877991180658,0.015187535013075525,-0.5511785096928328
0.19755242026221623,0.4318183224879307,-0.520493019361984,-0.08377373404180112,-1.046232130889423,-0.3845135894903106,0.5797903222790952,-0.24628702312845482,0.3620409723535748,0.46699055740958195,-0.14324638020129793,0.4640929880703138,-0.049692568298397605,0.43638029279807145,-0.4400493355436913
0.47073916319294545,0.8007268827998839,-0.7552730080772189,0.2755366049596784,-0.7153101926895236,-0.7192140120471398,0.9733903642773317,-0.24702914700765868,-0.00272023081310608,0.6589043047046164,-0.4293595003933671,0.5927487442707873,-0.37569634912796435,0.6958367463460519,-0.7300464946992984
0.5396637752429241,0.7559961680635919,-0.7719838132541122,0.3003716326282484,-0.9348743878148547,-0.7322887530772278,0.9706378966969329,-0.21373199118688024,-0.13918905773880053,0.6475350358036394,-0.42064006791542013,0.5530871690239493,-0.5321241676790801,0.9332055373549111,-0.719764931020036
0.5329447774357234,1.0517812918427918,-0.9778489377070445,0.7861594926307922,-0.6989870914079362,-1.0961588996023082,0.7291974688087872,-0.33510040218729137,-0.33849489023812585,0.7748404377672097,-0.8677811211153926,0.7295116944135646,-0.7314969685391127,1.1416198964595363,-0.597565175387488
0.6219972513707256,1.2212872540164386,-1.082113271227769,0.9980973557754341,-0.6193383740430692,-1.2219626864293125,0.7547664054488695,-0.29966732340736046,-0.5115249644767402,0.8766652141201804,-0.9604480706900015,0.7705623280953303,-0.9049967098657754,1.0054330411982968,-0.6191823568145332
0.7829850019006898,1.3000819263955299,-1.2180100120241126,1.2853297623082738,-0.7204392812006387,-1.4564283260335271,1.189808189861918,-0.32757595166558506,-0.6877996950180011,0.8977739623611704,-1.346392030408137,0.8905950444879039,-1.345447159482659,1.6678784767884656,-0.6898256250205913
0.7692412496594079,1.4272831724016763,-1.2528762918758838,1.4390928082066199,-1.0002687142236037,-1.5372635470660814,0.8560312050248758,-0.34192711878673504,-0.5058130847451399,0.9795736105733512,-1.221683042604883,0.9209274501469742,-1.3119793069197334,1.473472202212381,-0.5791990897256841
0.6182414461943985,0.9965798747397362,-0.9523576322278854,0.6909199951437361,-0.8251061965534606,-0.9901770871596103,1.1584585080364571,-0.3062017621236316,-0.26930522805487495,0.7482057002431914,-0.7407026224709637,0.663190812797201,-0.5328858349680488,0.9652393115582462,-0.5868787260261474
0.5702324628032885,0.8622267450833856,-0.7954148782702697,0.5063950562727678,-0.8673052162142277,-0.917172545627803,0.9169375440899907,-0.2827219173666876,-0.03930603328164027,0.680303245920863,-0.6515353055694184,0.5458305468723649,-0.38598362330693337,0.8795552872465527,-0.7089025552215996
0.37944760598809024,0.8004258697214364,-0.7589241445906707,0.4159102949398891,-0.9716092321302794,-0.7623388796269818,0.8473703925017512,-0.2194256107002307,-0.1728263260231391,0.6597966683174749,-0.2708594345833593,0.588303872522005,-0.46732504180285644,0.6619898709902327,-0.6893809625762389
0.6807583191912555,0.921098428665058,-0.883790900593299,0.4862461266879022,-0.8366853337879121,-0.9192624525849384,0.9430830533400536,-0.2339210642739621,-0.2620956136479331,0.7083048887743503,-0.36841305188225043,0.6251769297308705,-0.4516898808966808,0.917967386576827,-0.5591560730546457
0.597095728372904,0.9786963468449387,-0.883012119123003,0.6638884375073835,-0.7752953606298619,-0.994935204851284,1.138764509985771,-0.2962152655737188,-0.12551302111495166,0.7752671767510222,-0.7999943564057265,0.6953610656625101,-0.7432950311067904,1.0736165335985477,-0.5679290748052404
0.6633963758361129,0.9013315728517468,-0.9003788753701681,0.5534417383105666,-1.0556248366712824,-0.796040438801693,1.0493939019376337,-0.2622987950699551,-0.21705466906806187,0.7635061937409124,-0.6030153339799181,0.57166764748715,-0.5262087739110343,1.081915176960742,-0.6804599380738188
0.5210010548387658,0.6692952418508381,-0.7349868990516575,0.16043653764828084,-1.0243592881399335,-0.6897665068902615,1.3051388998706588,-0.2677797785047027,-0.10528148213855958,0.5623074571028349,-0.463308751317777,0.4995192868430981,-0.29406973531012437,0.6665288790564187,-0.5789386111948374
0.6552700623321096,0.9288482425757654,-0.8723476570732378,0.5640583254276709,-0.9832512574159273,-0.8897626829491256,0.7378866353323176,-0.259774679374665,-0.17676307825966797,0.7971372591115209,-0.6206846652901732,0.6679086813761164,-0.5509302795924155,1.0598446745864367,-0.701312713751453
0.46492965235094413,0.9145600816451086,-0.8719331944163882,0.6079348940116666,-1.0174094522838089,-0.8576863592090149,0.9971782045617551,-0.28365568270929,-0.2894415716153254,0.6550991249598728,-0.38589608536020775,0.637144316246491,-0.5552210241695652,1.133351687553971,-0.6546218377897778
0.8096235232357778,1.3229364900009828,-1.2797731957647565,1.209114386343595,-0.8785734411176055,-1.4857054345076552,1.026799258842608,-0.27884171206768543,-0.6974289038820787,0.9061173855387336,-1.3641093978707068,0.9053142302998787,-1.3120532220579781,1.4539589240388835,-0.5029534888113817
0.8354393863485596,1.2194143557065746,-1.1753376214117206,1.1110703734333731,-0.45232539537309885,-1.3131379737973632,0.86403865552753,-0.2565313340970121,-0.5500217419781902,0.8464479021944218,-1.0316193109036367,0.7790378448721399,-0.9494162283834156,1.344517641805126,-0.6440837100864544
0.6492532408872439,1.0310797655710384,-0.9629111317252674,0.6397013553397378,-0.8830632519597027,-1.1098451033706653,0.798256512053226,-0.2621594404121545,-0.42737375497027963,0.8232652238064667,-0.6376715774508835,0.684936522837441,-0.7736934058916887,1.2846539122377396,-0.5538451138038285
0.7320064564461938,1.01265497394603,-0.9979879814550586,0.7271832244230856,-1.0496590090507307,-1.0549914153574147,0.9765945566899109,-0.28528861759211255,-0.3689593228052771,0.6962431074720808,-0.8260421511077087,0.6854454312682229,-0.6394315925335392,1.1148392298804617,-0.7544858411972233
0.3611109776491303,0.5411284132988611,-0.6197982680783438,0.0845189528503655,-0.8164716899465878,-0.5860219970570597,1.390000733619374,-0.3035128843083776,0.045149946522609626,0.563139204002448,-0.418254487703532,0.4465722812748606,-0.2113239674816733,0.33499267104994473,-0.47765243936868185
0.6326435588695538,0.7503725428494997,-0.780506951182569,0.29540550525134623,-0.8356280564975668,-0.6899760582414713,1.1588949869439136,-0.23709777543697078,-0.11372960009299644,0.6160753945286083,-0.5644920517493334,0.6040555210370211,-0.44087858142023223,0.8756468849605193,-0.7225516039875218
0.5288007265288742,0.7099735104223999,-0.7809526071925997,0.25141920668142276,-0.8643626492668892,-0.6726232772136543,1.0361472470667656,-0.26466721553568495,-0.07384370491170156,0.56577535077024,-0.43084180463883665,0.513553624685273,-0.365028287640531,0.8728277589031325,-0.4742503580038335
0.45740509893209763,0.7513182120831983,-0.6634813225420889,0.20712806977207412,-0.30503020905220624,-0.5257384039015234,1.1029353473337609,-0.20583847872743213,-0.19716650200081576,0.5274681485380085,-0.2701961869690599,0.5128967810793262,-0.37759339071225384,1.101477216675201,-0.6536853520346491
0.44204215528444935,0.7101240340670103,-0.7189625356631187,0.21774743070420147,-0.9212553012740148,-0.7436523322440932,0.901028887862092,-0.30745905215404606,-0.048451242879566606,0.5938361351014733,-0.36586922475356853,0.5281105769631839,-0.3481255357754095,0.9434151048005917,-0.7270973230753998
0.49195427058849706,0.6992236638954026,-0.7616613388975658,0.21723145058328558,-1.1527234509691715,-0.6789302469820399,0.5274657949563514,-0.18420569059966171,0.060648178733825844,0.499530000425358,-0.37296089261512705,0.5211985335948172,-0.022263118455028794,0.8807065291394437,-0.7030320718155422
0.3592446323248564,0.7006644826862378,-0.6812074856152386,0.23653076565962702,-0.8173633057804855,-0.6095481250150248,1.1698483472412924,-0.319678902116916,0.06557718614692457,0.6849301872813233,-0.2762394860676153,0.5369702096153225,-0.3304876147342446,0.9275099990974903,-0.7035509580422173
0.21931360054778648,0.45169312486420127,-0.5268816825489052,-0.08082325168952458,-0.8916257178811788,-0.4352458490643757,0.9810498567007222,-0.15837131870724377,0.14749351053173715,0.5169608093086018,-0.2717241020026417,0.3947219008893761,-0.15129390215374983,0.6501933936269527,-0.7537258951601593
0.23115752663812306,0.20235459321442212,-0.2959775174173705,-0.47345287638768174,-0.9196990690129192,-0.20903698662663636,0.2794311969986198,-0.3062212049488851,0.29688109932693274,0.3672468290110237,-0.008983919404806393,0.33585353230340814,0.16065970443481156,0.1253266924834397,-0.6966098718595526
0.21793937708240627,0.24602506278685363,-0.3338723916921418,-0.45211902376445634,-0.9938760352681245,-0.07236147933178584,0.30913135924924656,-0.2710329256538275,0.3975597229994582,0.4571082926852575,0.07657577207905238,0.2927930380175997,0.12904307555809907,0.1498227383458128,-0.6086386620872882
0.35694910697597304,0.1341526653716266,-0.19835389633657474,-0.6300805688642263,-0.6943068571030436,0.005009416673100765,0.39938963163773145,-0.3395391468815689,0.44348287445194895,0.1625959062725811,-0.11913606870494878,0.2454861939207545,0.26270412279084354,-0.3537932443504012,-0.5292656770617087
0.26107860657939735,0.20596645204800218,-0.30299563230493654,-0.3432813939197885,-0.7858109057067402,-0.04744921801817191,0.5457558582940775,-0.3110778754417697,0.198197418974773,0.32328412947671914,0.225533558402418,0.26616038330357267,0.22898155989576072,-0.011405851065036107,-0.6526258523238058
0.33200528925403877,0.0696278067779089,-0.1840413569448199,-0.5101011066223223,-0.09707869493090103,0.03190144854137667,0.3704839787370029,-0.36448183636423753,0.5155345247386426,0.29264281319887425,-0.038941715325996995,0.2636432854974612,0.3611599491616358,-0.40264278962188804,-0.5475919766792288
0.2861008990180334,0.11937355545515896,-0.2861321043745824,-0.5046238474210207,-0.5466002019791164,-0.06412965644208625,0.38267135891187626,-0.26203617334337964,0.4207262676605336,0.4178234956512817,-0.06932825682378232,0.2933233550678044,0.19799132661861504,0.14331384615878173,-0.6134250812274583
0.09258253599534544,-0.042478373956651876,-0.14712223816478673,-0.5906463786180776,-0.747024350386178,0.1276167661921584,0.3672060049897355,-0.3431736388399846,0.681268384427448,0.2544069513268079,0.1299576551665115,0.23184881714013142,0.332658137822713,0.0345712884607214,-0.432754120961256
0.15923724139731288,-0.3613435037127961,0.12511856989404035,-0.965613896374662,-0.3761848405773918,0.5593189756350408,-0.18390218296814526,-0.4241006214498533,0.9313345383465536,0.0304052470877037,0.31720790554583367,0.15464105532849778,0.4512675043494871,-0.8084590826073068,-0.3907792357080435
0.3303868627042693,-0.3541730547500454,0.15215601585796729,-0.8798323943176005,0.12912669069964472,0.44752797049779225,-0.2123778986693956,-0.4330204766061844,0.8694294686261913,0.20588195583751387,0.3180839583492433,0.11196348168758473,0.41005981098288397,-0.6774746430955647,-0.5446596769512775
0.25616064055004617,-0.01065942083184547,-0.16322354278234943,-0.655804651291257,-0.523320338547204,0.13593143866358756,0.3560508398518389,-0.3070016281987134,0.5415379825483843,0.3705542168037816,0.1259237713967741,0.2235317252953137,0.4350131410259738,-0.30517907026458496,-0.4443814690674437
0.3222035980844529,0.10716271176803435,-0.2512700236160505,-0.5524613503364458,-0.28667303732933797,0.0956840486603547,0.11737040075823926,-0.3377321799250298,0.5794282847026813,0.29936168165207583,0.0009444181774149507,0.2561967105604471,0.2813265651210998,-0.12747178573783716,-0.6111715634194032
0.1956787729689506,-0.09675390486307818,-0.010698894221690366,-0.7562494146503979,-0.24833115530644526,0.2528741765035001,0.17910754139958607,-0.39341028996084,0.8283044028324674,0.13736837139937297,0.001627403165840454,0.12359893970123681,0.4674655257896017,-0.3262107592255966,-0.51324470307865
0.24334407217691853,-0.14337954306836442,0.041880398145613264,-0.7337693149463309,-0.28677625688692054,0.3416854799038503,-0.08759586985598748,-0.46830626704614825,0.678907562097997,0.2943615193532614,0.19615184957169127,0.1498278683760055,0.4091004643807502,-0.568856407516083,-0.5624934192041036
0.12130327929800369,-0.23977754640126606,0.019991834792180335,-0.8047405718379773,-0.6603536405061399,0.37307988763758604,-0.03626107216799671,-0.47536491947667253,0.7444200642865946,0.21497878098637802,0.23144537218546551,0.14069485622691127,0.3301028677726942,-0.6905576812553484,-0.4199216722086072
0.13326021792202913,-0.30083746980807097,0.1612803472859731,-0.9688902044370683,-0.26498104467690037,0.488823869668546,-0.15594130774013118,-0.49144425168332545,0.923969138498036,0.09205531788977904,0.28805848845244153,0.13449885312261556,0.49802400311572853,-1.0353405027695268,-0.43584301534228775
0.13581814816916832,-0.42695248278546416,0.1897577819224956,-0.933005841051716,-0.018522215426128436,0.4312405158768756,-0.3453154517467911,-0.5041843262977389,1.0092033238565246,0.018242230396844424,0.1746571491146419,0.07255772292374343,0.40002980679518096,-0.7091610465105149,-0.2873948715890782
0.23005404130027327,-0.5754219871113904,0.3508979255792508,-1.0121879757905399,0.16446119956599972,0.683481035373946,-0.37838014818302307,-0.5041594410739142,0.962142569622995,-0.007671551073530719,0.2411685815017506,0.04071415008550817,0.3659977637906094,-0.927424122810663,-0.2729434919370696
0.09570180011824557,-0.7029445752654435,0.4173172663906501,-0.9385752981530147,0.14888526977140815,0.7768105055591263,-0.547161989269969,-0.5359990332426808,1.0008958560079404,-0.17092509278675003,0.09832581299253881,0.04224985556890758,0.47051734800135825,-1.0653882018217535,-0.09210157203254414
0.1803132255144345,-0.8529974692487943,0.6382615634186609,-0.9622550062804216,0.6420053743665559,0.8756111421654161,-1.2857936329982427,-0.5360397600815686,1.117541445898299,-0.18589693201699733,0.21038589919248435,-0.02787082107651443,0.3267270960819094,-1.2383163611001713,0.0334481318061188
0.0993398150096785,-0.8756056538415986,0.6281164351562595,-0.971923967916502,1.0498416090708045,0.8589069788907618,-1.2826073299938232,-0.5667652989625017,1.1493012580041562,-0.1977707321766674,0.352756637790501,-0.0896686962392946,0.41278054651389373,-1.2291879341839718,-0.12061460212298734
0.06532848165265075,-0.9095856626510652,0.7794010592294135,-0.935297167095859,0.9923902817124247,0.9601637414526658,-1.215685528072657,-0.6059205437460499,1.1042333520344616,-0.27954726227053545,0.16493106476056033,-0.11805897391307012,0.28070841563998733,-1.2223396252050336,0.27335821969632973
0.035094068169045006,-0.9249949591317729,0.6373816334460956,-0.8473728518890623,0.7671820776004232,0.8943457435503915,-1.633515368467475,-0.5206815396908853,1.183289217941612,-0.34420171087869456,0.1951056723967436,-0.026113874746013198,0.2725024948769377,-1.4258099248715108,0.21979462688519308
0.03060001199996245,-0.7978176916272718,0.6590780971174252,-0.9098133799951728,0.8040844060604453,0.9412893069712013,-1.0743550898532395,-0.5165253097002507,1.1739779834362378,-0.11167118492554352,0.15379267079654288,-0.06635883809857347,0.3576665841097467,-1.5208946587708303,0.0021560566131263144
0.023006398345346495,-0.8998055631209173,0.7568990924327353,-0.7175576670015339,0.9753378550144208,1.0034854096242813,-1.1285821105777833,-0.6252066369653718,1.1822018140610406,-0.3360445500276951,0.08620110268730662,-0.09027921203964848,0.14201808561612572,-1.4188051091671474,0.3285926938579347
-0.06629494289541851,-0.9456958654456227,0.7984368030156573,-0.7518538015655097,0.9572831697060049,0.9569921541026462,-1.318146589296909,-0.5559523062611003,1.204126162354521,-0.32246055240123006,0.2779906160168974,-0.08780819957403234,0.17943362372547417,-1.5414925873404475,0.22375459223744623
0.07020537168500197,-0.9715455075043641,0.8900371983740394,-0.5835630454147869,1.037419507055275,1.0696661411709092,-1.0606249436222714,-0.5413077089427726,0.8015743840944483,-0.4677937780967669,-0.046013700289023615,-0.17961525509502763,-0.04764206915415448,-1.238060714875625,0.367945639901633
0.06424389181217667,-1.0171806124030853,0.8861421824314893,-0.7556068884950393,1.3538425529681215,1.0541179639436289,-1.4759872618625438,-0.5269004333745386,1.0664300622349026,-0.4411715844866277,-0.12726059532986012,-0.11033802951046025,-0.10788377149236943,-1.5363604164178635,0.5193684103642733
0.06949927422150083,-1.0245415158948223,0.816909800768586,-0.7734644927041129,0.9745421214111724,0.9617384167973156,-1.0180105762004832,-0.5595607510745821,1.041631095193376,-0.46381928568776454,0.10628818729714375,-0.08664607265767595,0.2046696575629171,-1.1587006919841711,0.49998320252392914
-0.015027028511283808,-0.8782555939951439,0.8189839541538915,-0.8028925167289915,1.0346833648447784,1.0163972178113834,-1.5204509377406703,-0.5548829768187656,1.0537856831082217,-0.3894760124716545,0.29020933237644114,-0.1081102410438429,-0.006273375549425083,-1.7704825736187437,0.4409595220096933
0.0006857904563830218,-1.0891317402770455,0.9585555149126564,-0.6472497059142425,1.7331204391359871,1.0864344658079923,-1.7254084903892752,-0.5601266154770949,1.003222611791584,-0.5234784583607619,0.034515237449787114,-0.17733530962929756,-0.05475944523844017,-1.3388121101411865,0.5257074971846631
0.028661756852058084,-1.1229876505276468,1.0653968324293404,-0.5637281103886344,1.4938615516978007,1.105379197527597,-1.5870286431562888,-0.5562883218616564,0.8505732464921054,-0.4604445756961381,-0.08503945505359906,-0.2636156642012791,-0.19079126664078722,-1.171588298233383,0.6090338561540565
0.0691518239394877,-1.032234118816224,0.8221585098498427,-0.7289072103936839,1.6025147399133337,1.0991805668001293,-1.639756320104069,-0.5807078477358971,1.00492723713622,-0.35468352007766185,-0.08885185481389463,-0.1455113609222805,0.3030115543845136,-1.487614054082352,0.47283618584749443
0.03225322361522404,-0.990577431770501,0.8117311840932142,-0.7408725744462833,1.2289002603659038,1.024581899420421,-0.9276459678472542,-0.5748084082930109,1.1548886598179924,-0.2993305188003098,0.11978659713116369,-0.11440860984475319,0.17977649992179043,-1.5898347481049706,0.2508287094480565
-0.02337070487095296,-1.1182634352068104,1.0105202170642458,-0.5346173212825303,1.5161519676452146,1.0881056125905102,-1.5236979874185292,-0.4624694011652685,1.1482260481577,-0.4850093448261385,-0.06142760666453505,-0.2336449101942098,-0.028433790294571305,-1.6010437394459862,0.7735491701320993
0.10888236326575261,-1.0844939557013875,0.9260760683176572,-0.6280554877612174,1.6632109377162885,1.0858837403359627,-1.6591826078029879,-0.45460785806812476,0.9446165226586108,-0.4610343658439998,-0.08721224574410225,-0.1864416443447746,0.08647597395933201,-1.5049447264089395,0.4289596938092791
0.18341613502595036,-0.8831959592548372,0.8027529988971633,-0.816586762855236,1.3142182872789505,1.0140821898142462,-1.1491871357002705,-0.5609453294355659,1.1392723019029267,-0.32034133831628636,-0.06981164481285278,-0.08303931590182503,0.1877607766224663,-1.3250184880362157,0.4095653828333993
0.1247685789638751,-1.0509098569203137,0.9559062184939628,-0.5401807679600743,1.352350272979975,1.1848203032460596,-2.071411746601929,-0.531150866840986,0.8979493437237056,-0.5326023948986093,0.06553455283584464,-0.21346138900184777,0.09549641850020929,-1.3849419440644335,0.46849872053063946
0.026957172206456503,-1.1470198487650698,1.015742028926434,-0.5825323298818416,1.4415764050247688,1.1726602568570594,-1.672197524055463,-0.4490775010357772,0.9182656325590541,-0.6168371275040685,0.1775305806570831,-0.29896482509281613,-0.039307077687518566,-1.4028547939456402,0.6945711186513486
-0.00549088289031802,-1.1061294392044831,0.9614933611856847,-0.6034909510417028,1.5818673515407562,1.0813648564065215,-1.6278059926703792,-0.5127003948294633,0.9211177687982943,-0.5367416886725698,-0.004683735849593843,-0.24799995012593878,-0.0020662668114997144,-1.7187508914601453,0.6255162510837242
-0.03479957692011879,-1.0260918676047068,0.9848395171014975,-0.6548952200936431,1.6469570685950554,1.0196695369228848,-1.4392727926665658,-0.5485695996539122,0.9797984643576477,-0.4414671943379329,-0.1474835717462337,-0.26781071756744296,0.07386505646328685,-1.573594696174385,0.5899294387392937
-0.030991016172737033,-1.1082336419471823,1.0782891023336936,-0.4290795174379864,1.8287871686271153,1.1206961523547971,-1.8971355129388487,-0.4298375760800928,0.9817575661868577,-0.652736203191934,-0.07142266911154842,-0.3000692081022349,-0.13553067030695193,-1.329417503071883,0.7334079313424663
-0.14441977041832776,-1.1504131585149762,0.9949499292007656,-0.5152211139229131,1.3745501877031276,1.1039728305992196,-1.8980992052946462,-0.45902153955136576,0.9923000277921796,-0.45316836792540044,0.014311576879846485,-0.26229369132820607,-0.20555547944294417,-1.4440148177269765,0.6504691100768405
-0.32125576961301766,-1.1991298311640655,1.0405340741348748,-0.2725426315606261,1.6601008891636133,1.1432761960555637,-1.662844621112228,-0.42701034997079185,0.7102240668547294,-0.6827377812215292,-0.10368416199145186,-0.3907238255052031,-0.4343480367769893,-1.4812595718479822,0.7072167192640785
-0.16370324644411102,-1.1424640008808222,1.1600876234165867,-0.2945321037983566,1.7873536375778714,1.1563347211189774,-1.6262190212148497,-0.3756254296546151,0.6749083837683852,-0.7630120736394884,-0.14445429687390807,-0.37251434540343603,-0.4141623821410027,-1.4396535117855507,0.9801948949572331
-0.13335946966092493,-1.2127174364040791,1.1240843427290326,-0.17272932441700256,1.8326351931799785,1.165175230562801,-1.8644674997041335,-0.3063494512411024,0.5279339484583333,-0.9309256832219285,-0.14550813409541805,-0.3831865924199143,-0.29174939863228905,-1.3547753011454802,0.9152484139071815
-0.3371950413580663,-1.2309953935889468,1.1743656253085926,-0.17373731598199335,1.9129294997693485,1.1762540154374272,-2.1763749057339368,-0.39235917027600775,0.755629195156576,-0.8015373783244389,-0.025347012349042904,-0.3915091201860439,-0.2827063170423526,-1.0447415297455558,0.7661924930840726
-0.2196298899729183,-1.1892271911912875,1.19770878168444,-0.28138498413899266,1.6943133792090028,1.163595260821429,-2.1392021416857077,-0.36699280893993125,0.5384757578216842,-0.8867931742259669,-0.04346235867205193,-0.4026009803127407,-0.44503766609669043,-1.5019953308748466,0.811473504951812
-0.2969586490033311,-1.327707672250538,1.2070981937022225,-0.23765937407351423,1.5720187135748167,1.167030695227458,-2.541124909123599,-0.334845914931983,0.5404547283060716,-0.9378046693271628,-0.1327883364161567,-0.44921792199832866,-0.4051239565041458,-1.0947999394803918,1.173953160620267
-0.04275665867910481,-1.2601357993430164,1.1926032461344056,-0.2789001629280915,1.9385960249146506,1.0692087865978832,-2.1011451846950497,-0.352855633412438,0.6357126046723262,-0.8209840446274791,0.019853597384961747,-0.36088822017792904,-0.3268463269194763,-1.2381437154963866,0.9681436113067674
-0.24184121785029672,-1.2209204617036118,1.0836833819471727,-0.3551908139595882,1.7902915754943207,1.1893685047354143,-1.8509038601879866,-0.539466948496157,1.0542805667365056,-0.6113884109820134,-0.08999484304907276,-0.3463767398884753,-0.10055876164298592,-1.236674696707695,0.6802702355499473
-0.03887832998361424,-1.202386410547311,1.086435388595443,-0.2784821876142703,1.70975593333181,1.1294782925950508,-2.4966317028263774,-0.47752461990296874,0.9648574639286369,-0.7033808580882457,0.05464727073135671,-0.31335151103550013,-0.13226770966348483,-1.3809057944647711,0.6875290913144596
-0.10249835469543991,-1.2566641625314607,1.1333544093497008,-0.2701829094193664,1.5926847300928568,1.2182129221906464,-1.8391710199484923,-0.34432238945416876,0.4649119135222046,-0.7739034373186608,-0.08456069450399101,-0.35320269244013724,-0.3031151104795746,-0.9764001173968322,0.9382589698803594
-0.2751006338002757,-1.2684315080380266,1.1710229077746448,-0.1781996085211828,1.7591664283692707,1.140183077900062,-2.0756458175321555,-0.34223067902859666,0.5329888379220229,-0.8425824895926075,0.17877746150027113,-0.4043301438919304,-0.3965485304196557,-1.2292872060362696,0.9464721722558124
-0.26600741938593936,-1.3018010603434416,1.1826178181348161,-0.24871221983170133,1.6337185233900409,1.2012594333332258,-2.2366904506166816,-0.3760675563306788,0.47851339248613317,-0.822833078370619,0.07514451424661212,-0.46475207819421044,-0.4816096343547857,-1.3301718138708463,1.098790942613722
-0.0909060347839047,-1.209643409625191,1.2144546261497267,-0.21135915569470864,1.7018104170743977,1.1497011460140663,-2.1899339673925278,-0.3855502853232389,0.5928448228488266,-0.7380894445341221,0.1568316787025288,-0.43443882284210794,-0.36731462549139154,-1.2912798487678154,1.0154849619191302
-0.33817755314132497,-1.3154291075314086,1.2345315497641887,-0.03468396625551933,2.0404154122189775,1.295965618069684,-2.375357509467294,-0.3026496512303055,0.5903661189773846,-0.8884696568415537,0.09710262410337306,-0.48041881888963944,-0.3852809948512962,-0.9727817590015613,1.153026044559034
-0.3810268179053519,-1.2279663008036692,1.237477236558399,-0.17087403417082137,2.051261547346219,1.2008259387531468,-2.216673234674516,-0.3043839296697659,0.5628131761079297,-0.9590493034375477,-0.23014912338321344,-0.4496165410449172,-0.4119369388429326,-1.0100118731779202,1.0809628433587286
-0.09920410620171692,-1.2300575297921021,1.1700155915007213,-0.06156994264936166,1.9019729942321228,1.2120387651774596,-1.864304789344652,-0.2952327461408938,0.5372158641243527,-0.9123168096095235,-0.07237044593928238,-0.4686773726016823,-0.28978603828838606,-1.403196385281239,0.924000754103857
-0.17053271417150617,-1.181881400346844,1.1372617555741424,-0.17978888137649918,1.340438684850824,1.1571890222101218,-1.9783328082089007,-0.37852648422335866,0.7409343863774976,-0.7894190704612645,-0.22904067247809057,-0.4133279093727134,-0.18421251565644933,-1.3728134108316647,0.9522449666891023
-0.42395355739396173,-1.339309150148859,1.3033239451505378,-0.015226779612031671,1.7654016529244463,1.30540835157307,-2.3385500250021356,-0.13712007958222974,0.08325112909731129,-1.0674783335283795,0.13917341787542356,-0.5970638618997237,-0.6210846858620306,-0.9395790832334465,1.2105942417107272
-0.1993267438947016,-1.2464750552041495,1.1505743625182887,-0.15700123288192405,1.235123126648948,1.2781605772286997,-1.9597139614782435,-0.3247617930296416,0.6187099853348358,-0.9230725571820558,0.03521717929011787,-0.49150620942794065,-0.23965081528941556,-1.169574299597509,0.8284125999428391
-0.33601214733809665,-1.326516315891205,1.2293257521070309,-0.06297792620458145,2.1221669856403054,1.224524040354092,-2.40432368296023,-0.28338825045371296,0.4887256328349515,-0.9762945564503505,-0.08350558568590019,-0.4575793216976083,-0.34352831956225915,-1.3356160383816154,0.8859055773301069
-0.08783715893793059,-1.1801803347729425,1.1402950913530916,-0.4222855105153471,1.621546124020149,1.0438241823442658,-2.041942681561339,-0.43324662603322067,0.839139585291392,-0.7727446803333963,-0.04975806023188886,-0.3127643260432768,-0.26452318459288604,-1.3645708479259586,0.8179619660756706
-0.05476104446119782,-1.1344150341139545,1.1098507003786449,-0.30601651869511204,2.049666426195848,1.1540343305252532,-1.8879726702151771,-0.42689177738353085,0.7641506592640618,-0.6213816672084681,-0.07455220157872422,-0.2925652999495408,-0.2903304811401025,-1.3640999379819196,0.5978975758808374
-0.11873117505611062,-1.1511095690188555,1.0600940313475458,-0.4232300622895355,1.5659896231165804,1.124850291999561,-1.7514335060646715,-0.44521376106100735,0.8640138460119431,-0.6253232774391877,-0.059186764526944456,-0.25983356411310116,-0.159496150685831,-1.473360866756712,0.7475841676126886
-0.06421195885994764,-1.0308465384574483,0.8472710713244765,-0.6838700325395269,1.1325284558410844,1.0844940761279014,-1.579954594054946,-0.49451040405271174,1.091739639237613,-0.4076730815636397,0.14113472355834603,-0.14730254163288065,0.04609298619306016,-1.1125505488626286,0.2990405044708634
0.19304351634381567,-0.9791889158611234,0.944327631427316,-0.7367195996074545,1.4740404223496943,1.039193167031961,-1.7653091304490443,-0.6432273631502633,1.1213034236489117,-0.3774270061483052,-0.014993391134204385,-0.14782737034561003,0.007762825605935861,-1.4311145449009326,0.36608998796946984
0.11505356975659888,-1.0430519363155137,0.868473516413349,-0.8149892483253456,1.1774039872631545,1.0923889723802083,-2.287969122214522,-0.591371182445844,1.172525795818576,-0.28538606268817257,0.021208885619980106,-0.11602185562127755,0.11160509454769617,-1.7268210717033057,0.23364748052602213
0.11843652629121112,-0.8324639132837102,0.6475514995047927,-0.8350377083363667,0.9413467529993106,0.847139875631149,-1.3079679780627982,-0.5185387171256518,0.9730351390078714,-0.1813054089077585,-0.10085285153670731,-0.017944113035007904,0.36605785520552847,-1.5069219329923886,0.1391990223342262
-0.031864695259667904,-0.8958058430152079,0.7344121391081907,-0.8465701649009133,1.1589549940814525,1.0083277586488004,-1.480520138301018,-0.5531724874844385,1.102430261553495,-0.2756909164631393,0.3077736617702742,-0.07082604396660107,0.29472196567267844,-1.485250959122608,0.24232063380335891
0.15649477207540322,-0.9922053840089762,0.8609861260564826,-0.692304312547124,1.1565574157623848,1.0101366899977817,-1.7655434823649783,-0.45384636404579703,1.0275946308304977,-0.45329090922575505,-0.0016711132088238765,-0.10831507547130971,-0.02632174439460177,-1.3947609278652486,0.2898469225394713
-0.08979689737416646,-1.1627095935638256,0.9468355681644861,-0.6510418140151681,1.1105898335758393,1.0702617101676044,-1.6376115002373186,-0.4649201970439066,0.9496655408570114,-0.5503013957246001,0.09219669591159986,-0.21535063869693927,-0.1737138640503646,-1.5365394882566799,0.49636158419504633
0.05222775155543859,-1.122687600145147,1.060279121147563,-0.5766486761050172,1.3785252655541758,1.1163345666990654,-1.6234902897286818,-0.3206289573877343,0.9257472336669617,-0.701093010241728,-0.07648198088846292,-0.2737661682361483,-0.08051269792192103,-1.3654752294101067,0.5071096928636549
-0.21745615602349389,-1.1200507155849635,1.0576596907202291,-0.5486331636825887,1.7046701032497356,1.0591406248642377,-1.754877505042491,-0.39844868577248793,0.8224286612862589,-0.545362098649711,0.1415553382747458,-0.25483507614607376,-0.23256132613298258,-1.499054352723917,0.6631072196083129
-0.10444577094426943,-1.1681320800355557,1.1624360104780596,-0.27634048501492003,2.0323098109091196,1.095891062551661,-2.0086865825586457,-0.31147873302916357,0.7479840564496231,-0.8205431327716906,0.0388505265569569,-0.39661487230348247,-0.23835276170978634,-1.0212983928911974,0.9896949942459292
-0.3221332323905617,-1.2535039719392265,1.2678511950556914,0.002933569778478406,1.7386640731873189,1.1539635377361646,-2.296794803307023,-0.19620158016202063,0.553807448675039,-0.9644399746380179,-0.08318085643200487,-0.5483361102645549,-0.505535840254753,-1.296090791089872,1.191864684242839
-0.369526563966503,-1.3176630752069871,1.3143486087343206,0.03569055944037401,1.996696264824363,1.2891978547839653,-2.6746620229188274,-0.09063631726167426,0.20327884187264655,-1.057007231623063,-0.1247594514727699,-0.6311937051233304,-0.4804290358423368,-1.1538213134070392,1.2685603471392781
-0.39430084266795634,-1.2820081607233205,1.2618411588228435,-0.10294621803852452,1.8320313217719908,1.1811789247507214,-2.2256073379577446,-0.29545065827381706,0.25273153725720937,-1.02044651980063,-0.2832154653410992,-0.5424040862199486,-0.4308872360388176,-1.1434244700609015,1.2457810580496722
-0.3866397207072868,-1.3096041148204138,1.2649289565733717,-0.11086315994865448,1.837796867344767,1.2071559308978186,-2.589642579615506,-0.11402568642828288,0.24646698210034895,-1.0208934911102145,-0.14702395326239975,-0.5447004554519231,-0.4777426672912278,-0.9758112958670435,1.258182605046119
-0.4307105114933899,-1.3199570453993972,1.2615031872990567,0.10258913183384567,2.3527330730770597,1.2495505137440708,-2.3727458105981576,-0.1800804925220105,0.15651965163049136,-1.0386131037170718,-0.15421275616434166,-0.5775224993488145,-0.6543777362676347,-1.4054820531887506,1.269761619020407
-0.06227198381753405,-1.1748761753270647,1.1787023849718266,-0.2262890095900204,1.5921340433431848,1.09512875369486,-1.9638559284901616,-0.3340188918561036,0.514854020214394,-0.8967153751065706,0.1408685662054532,-0.4132518996863718,-0.3891432474926484,-1.3498376445414295,1.0256796647873414
-0.17978135285884023,-1.2775395135161214,1.1724118540997643,-0.21835124548796,1.7875440779504737,1.1911732333329343,-2.208878399792894,-0.33517636025105174,0.4206713383022664,-0.9207324662507859,-0.08551457435336582,-0.4420335686788026,-0.381568887387292,-1.0723554574077176,0.9799509611099829
-0.4289364019392604,-1.3236982809049669,1.3171872366385782,0.29712933041873496,2.344483163164667,1.2946393323369205,-2.4778457274940555,-0.07145486130537387,-0.06398086574853241,-1.090138285148562,-0.0022995135529966606,-0.7023575291271743,-0.6205135751709171,-0.8905867888535344,1.4173287276021818
-0.5708411827129499,-1.3571591081871366,1.3648481804105874,0.319129705481909,1.9742110030815843,1.2631593119307971,-2.7583225631624284,0.03309926658739582,-0.2075724531945051,-1.2441789262847995,-0.1098534612292091,-0.78513360851991,-0.7395652509174955,-0.9198360217844439,1.515945175884729
-0.7677611417289589,-1.3923873204841544,1.4667740064161687,0.42130618010590226,2.1080822081347015,1.2739110714635968,-2.635171890742648,0.2649174162149574,-0.4211830916288148,-1.5182400910994502,0.19119727675234685,-0.9234481691386327,-0.6444940227838448,-0.7464486674011829,1.730817490799748
-0.7677402834909496,-1.4170339688088334,1.4572951117709636,0.5181575844700329,1.9098298380159737,1.328053121315387,-2.6182815005214612,0.2996559997976492,-0.6206480168248742,-1.4623913810810154,0.15901900895444232,-1.0512372334895168,-0.709205775966242,-0.999242960988018,1.9760918951084543
-0.6617678897787004,-1.364179794282536,1.421405559767616,0.5376745274448336,1.9278574469627905,1.3571544860457394,-2.0955571900692043,0.3353626368717191,-0.506237382424022,-1.5918943853446128,-0.010562711518779909,-1.008440189500383,-0.6501633112868942,-0.7065786563684445,1.8333036515786614
-0.8141429172211843,-1.383362304878802,1.4564472409396907,0.5959672658209537,1.749552406753725,1.339068473259884,-2.430709803843406,0.3673908101872568,-0.6517407201385778,-1.4538481418193245,0.11602739938231293,-1.0366061104271769,-0.6056299258582436,-0.8786419220446138,1.8052721983130933
-0.6719864681521256,-1.3838405227783137,1.4430268543334,0.40080195476342223,1.9618996098236359,1.2872127750451048,-2.99326968854059,0.21990684776690475,-0.6249004759148511,-1.3879121661697615,0.005454601054080233,-0.9423998057620537,-0.5131792992943423,-0.6242144752108089,1.677688680414693
-0.7286650608365531,-1.3238712862866822,1.3759925896634513,0.35024959502050096,1.8613248225749883,1.2304783344868346,-2.534913577417282,0.10462683172583277,-0.18282730926627452,-1.3003924940208915,-0.01107409054325224,-0.8423404624225127,-0.605884686079377,-1.0036803672819798,1.4393315599500696
-0.7077766571957936,-1.381903527921979,1.4754741731943912,0.4886538508354665,1.6662280573573838,1.3006696768651524,-2.5101162667292107,0.30431729404475594,-0.48258409502727806,-1.5433033168063732,0.15041798445384028,-1.0153574932692813,-0.7901627943553345,-0.5267861117409243,1.7674539038590062
-1.00048332031176,-1.4203854834878173,1.486901379272235,0.6523810657717073,1.894415235893936,1.297126218729637,-2.6131305822582824,0.5649261516574176,-1.0509486755315698,-1.5885932363099857,0.3094073005062139,-1.1930309279263462,-0.6521410805772633,-0.6035248846978671,2.1013153059650373
-0.7467275391417615,-1.3936090935871503,1.4645442288558783,0.4654374602347242,1.7953668871213968,1.3099345928293908,-2.7073030245819765,0.28984151003946096,-0.6667889288793253,-1.5307656904121174,0.24017553995466465,-1.0726809222249085,-0.6526161689623237,-0.4948400778839618,1.7402718239332773
-1.0806011328871044,-1.4121582857478625,1.5006249119291517,0.6329186206228048,1.7196286210330654,1.335502664790117,-2.5087517485277284,0.6034655316200213,-0.8953427976724138,-1.610121796603959,0.11450734664822278,-1.1504931406278485,-0.4730931406058958,-0.4499665561955522,2.06219883191814
-1.0415697180411956,-1.4444543907269132,1.5593403092194849,0.571436978288764,1.7432698237558242,1.36788550069111,-2.092207403468293,0.5532801967475942,-0.9566412419222619,-1.5970296952619867,0.3166250668275325,-1.1651458495256035,-0.5742418996873098,-0.3485385969881551,2.030762098740626
-1.1337186165589346,-1.4694837619345364,1.4887719477370451,0.635246043074498,1.6523400519307994,1.3691408629360555,-1.926388128903801,0.617179564802469,-1.0242611929521896,-1.7069206694167076,0.12758870113349996,-1.3079667090647809,-0.5451649757279319,-0.6345521333331129,2.102844517606232
-1.1757371829555192,-1.4018320255537178,1.5618977919345491,0.7887508536289077,1.8795215077775091,1.321473397499621,-2.572836025859185,0.6779795222207738,-1.2431884144535876,-1.7626489236087444,0.4115879179797608,-1.248938978806836,-0.6340578404526735,-0.3157726376515796,2.1472201835556266
-1.288684193227911,-1.4779549701629988,1.585891076627139,0.6894675444206665,1.7613316538122756,1.2427553891997007,-2.383510413482958,0.9066260042839083,-1.3292761874065004,-1.7916174388079804,0.44542807406064816,-1.4418652585620504,-0.49070973928158373,-0.480057887449869,2.305417124156558
-1.2422244454227431,-1.422715369618784,1.56254935080034,0.8128267912386437,2.1351394600670393,1.336128329091158,-2.0697940229491683,0.8867205950390664,-1.4235993548627526,-1.890881358889994,0.5459972785166288,-1.5254882991954042,-0.48517044141253596,-0.3540653456883632,2.075770588254245
-1.5620012906007752,-1.4324469734567307,1.563773223288675,0.8692942792595891,1.7324267103153905,1.4017689747683666,-2.2040773476560984,1.2261583754543732,-1.7733777678231049,-1.8948445967002923,0.9104855054333983,-1.6785162575111154,-0.0819056199306636,-0.2764282270352103,2.3887215816148704
-1.5299366590257129,-1.4207351634409089,1.6239454729562328,0.7829865736736156,1.828881778794989,1.2471771768658377,-2.328591810888943,1.3209308971202869,-1.9490656881459578,-2.12136327241222,0.8826142008103574,-1.7578505282723915,-0.1592457117914935,-0.023945030847184284,2.458023744511408
-1.7942713858001396,-1.5365300205457186,1.6841334404376844,0.7274815151289855,1.3110092000355666,1.2829394696842442,-2.025945628452493,1.5105033717633725,-1.9410475403704652,-2.119161533869207,0.8736008321315316,-1.8563871675770034,0.08723782292589631,0.11661606943762706,2.4313839723346247
-1.7214660925482848,-1.4514106114751661,1.615154482826063,0.8303435625735046,1.7920211061779476,1.3665469551498202,-1.9975768288690279,1.368357605282653,-1.8433294491907741,-1.8978157689960582,0.6851897339140902,-1.7255696983886095,-0.18375133010339453,0.03142089513808874,2.2964329000932486
-1.9814999032759,-1.4115007205367247,1.7122158183465483,0.9159947779575558,1.5507462955144846,1.3094386041373678,-1.5901144858540759,1.8757048002874177,-2.058705897925003,-2.1856001889750942,1.453224904130933,-2.045071316467329,0.3332500345874523,-0.19822859500107778,2.3380413471033155
-2.1952446937969934,-1.46444306370207,1.7091379869290073,0.6436857292269781,1.4294279983920966,1.2547342551416238,-0.91268630333714,1.9509697562089812,-2.2001380357466487,-2.3311595510052063,1.4283857412647638,-2.149498104281721,0.5321284882517535,-0.258437633180178,2.5063618376999903
-2.2728994177045823,-1.5150861758158332,1.7669157301745422,0.5935748935680355,1.4567499664835923,1.2762041000938384,-1.5770675061381931,2.2554217850784313,-2.132617783524513,-2.1451106728228315,1.6187977572833339,-2.2128464257100675,0.8435827074657264,-0.36963911859666193,2.387585369441826
-2.1521651922531677,-1.45955810633577,1.698602523529434,0.7010408178165665,1.606236118430973,1.3364244300206316,-1.662357414607919,1.7769704518716531,-1.9728769189239235,-2.2138336221746218,1.2441237510917487,-2.0492070381692677,0.1856147909471325,-0.02992526966915858,2.3409634458318447
-1.9886319693225898,-1.4110753316176565,1.6457498952891199,0.8307497625379685,1.4360613505708804,1.3497750390043497,-1.630775682745818,1.5542155723092994,-1.9678354478273463,-2.0985055671627015,1.1528952612611059,-1.9097300281454728,0.12132311145360326,-0.26248793051892233,2.3509453320079263
-1.9651490806167229,-1.443699962003108,1.700269206574983,0.7109744195713509,1.8118815395721535,1.3288975287042268,-1.2327762667856421,1.9704219018795377,-2.2692007117378097,-2.327652583403478,1.3656838275797454,-2.0611902768534156,0.6277621222877385,-0.2266431693489949,2.482877160678663
-2.2671221262702153,-1.495284477820372,1.7665350359904664,0.7076597055228173,1.8780403239058772,1.2587824681494528,-1.382383911984556,2.013189439866199,-2.1889663408935855,-2.198260429483422,1.3365113131421824,-2.144175023287916,0.694717166008833,-0.25080046386448973,2.5081041234297996
-1.9212190803516478,-1.5000626883174362,1.6281780311222696,0.9239765777510834,1.7964319762773995,1.3083016959611837,-1.6635368080401338,1.5533436601163475,-1.9629545850932464,-2.029955883856177,0.9785482519480089,-1.8827401991839459,0.07300684597210137,-0.22298998001821463,2.441995567625706
-1.851698379583672,-1.4856665308687427,1.6773613621161625,0.7689851674053876,1.669195799332236,1.3032535019961784,-1.7221451288256338,1.8205023293992102,-1.9951603197156937,-2.1376577734493485,1.2223866922721454,-2.001710532743966,0.334331329678843,-0.23913603708202755,2.299587241455349
-1.7983961472642718,-1.4078951619928075,1.6841323774203223,0.7868749470265924,1.8354108404678504,1.343648778013102,-1.7692210619572208,1.7010763524891221,-1.9199985375146509,-2.189062468991869,1.342169945626271,-1.9066193100751205,0.21446683602312785,-0.27808622882678663,2.4084072145772293
-2.084972565527675,-1.4515521285729172,1.7916773783146018,0.6664009931811843,1.273846532181263,1.2922955077105376,-1.7456676474664587,1.9791586078141072,-2.2588728397641704,-2.2781309440853046,1.409442341850703,-2.159356344376509,0.613461040054473,-0.2039931977185381,2.3104319669035775
-2.250002669335775,-1.476577853515962,1.7030254986215012,0.662401229574951,1.6517520977796547,1.3151964498862099,-1.4096949854965048,2.0885408591380044,-2.2202518815111976,-2.1203908212410436,1.4136238212660115,-2.183263242335764,0.42971174280212465,0.044013867968276915,2.423946667670636
-2.1790432231787515,-1.447923796820202,1.7171679250741823,0.6053887994292187,1.755905756547772,1.2322450759568244,-1.019830617093784,2.0778811934765713,-2.0804719369073057,-2.2971255746089914,1.444366879055773,-2.2096392976177484,0.6580678451458254,0.009860366377470585,2.5404798891676217
-2.4777900790262337,-1.4344599884428726,1.78529288720562,0.3865809512125704,1.692071158902584,1.2455338938962641,-0.7706864976177287,2.384874371465173,-2.1832191263141163,-2.2957804833917623,1.789842785513322,-2.3658412296924185,0.9521080027276497,0.0029647535942455418,2.2599897628723
-2.2454906133112145,-1.4077520651535966,1.7922988946952088,0.5918838530502698,1.228344185448452,1.2517532094675357,-1.3283002995371955,2.1267166988347914,-2.3001006104319153,-2.2784832207440555,1.5324077901275075,-2.211676481099643,0.6826912223646454,-0.30079298184178704,2.373022384730985
-2.0899033429886402,-1.447615173354575,1.6963265488877133,0.677212172002309,1.3681785839432763,1.289019048678861,-1.4239019699042432,1.9690888726647469,-2.1552394259875127,-2.236367602704749,1.3395143699229661,-2.0800842748581325,0.3236335955733857,-0.08382534032875434,2.3822111114698212
-1.950893093391972,-1.4108828037061478,1.6795239290081334,0.8111653297544177,1.6271994932980065,1.323607066811058,-1.4389572924970302,1.8767176818021098,-2.0733287450024376,-2.2122858325823107,1.409693356680409,-2.033538802712943,0.4087104651518649,0.1405459246022364,2.416872715121855
-2.198052749870702,-1.4477403808596048,1.7376262054649785,0.7164273593657103,1.7183004736248106,1.2341078731794342,-1.4061973112219837,2.096443314200124,-2.2160383792384866,-2.294564224213555,1.1804282961809975,-2.253449680456467,0.6748506848991668,0.21579391428639402,2.4364066981467136
-1.904888546915334,-1.510069720643009,1.6745775552268776,0.819339282228989,1.140805625129768,1.229916006995957,-1.3789199689003577,1.7734163753407788,-2.0144456846863976,-2.1985757860334556,1.23877719854523,-2.0359997527636855,0.3088110840420473,0.23396016979235482,2.386641691683827
-1.6001619804331324,-1.4817387908737745,1.6498591294673046,0.8692536081621799,1.513166134173084,1.3211806366329772,-2.1140724755590927,1.3221387561579687,-1.9126836353213634,-2.019976683425373,0.9166105408964036,-1.8025644526084201,-0.1411687890511657,-0.18905654031415337,2.280827776432868
-1.8719852723991,-1.4759930407958721,1.721999951798175,0.8973973992199656,1.4753609875705402,1.2830439321008928,-1.7566144664721859,1.6035740678591661,-1.9154855705458205,-2.1352908791414476,1.0376608520138044,-1.931595867503301,0.03784323785526394,-0.1678469691783329,2.4243719924767224
-1.662365724650436,-1.4627627941452896,1.6298320770025425,0.827910077663295,1.6200039520511995,1.3036185113916758,-2.1951160760958706,1.4818955775597966,-1.9175614389773254,-2.006996149493484,0.917786554890635,-1.7873789046431088,-0.12472055606150399,-0.033737610077223146,2.3529188202010975
-1.6811132096089603,-1.4093629314578815,1.6459525288705523,0.8429626199893802,1.714424343547944,1.3222159618176657,-2.063310526227959,1.321362140828344,-1.8692149283930972,-1.940564987757497,0.8669534531244926,-1.7786192413624635,-0.031919607682239746,-0.08138632458494054,2.2144702865112134
-1.4076434623599976,-1.4010316328301287,1.5793328473308335,0.6880865109719377,1.6668343536985817,1.3482929739755918,-2.162133674633307,0.9781467430438292,-1.5259715029937104,-1.8311959194501948,0.7514533832702632,-1.5047145187968056,-0.20044167216717254,-0.44019583240562365,2.4329036321010165
-1.318842044729084,-1.4512217529193774,1.544192870441729,0.7598073538047346,1.5868710286562813,1.3341245040216203,-2.0492717964045988,0.8640604256940186,-1.2475070428385366,-1.7515426043499942,0.5418356342214009,-1.4351131493379963,-0.4582468027042644,-0.2907037833196531,2.115233073070278
-1.224887659456889,-1.4621520423560177,1.530380960325702,0.7414778555105682,1.999261862554766,1.330890634155462,-2.325587808955371,0.8220847493962508,-1.4446623668923957,-1.8264663529341085,0.4381102291897476,-1.4115870349974131,-0.5052804378571621,-0.4405019150218814,2.1941294748542397
-1.3975826030683787,-1.4339500069783966,1.6197075099991909,0.7585570099671846,1.6742030540046238,1.353934749946021,-2.0174470290830344,0.9931841615801359,-1.539338609366616,-1.9205964891030844,0.5810102928460948,-1.5973330605985687,-0.4550689086989018,0.04780356919475194,2.2530630992132545
-1.3000814422290359,-1.3995356668586738,1.5817165258147068,0.7534662989657079,2.190141890889248,1.3260002391206522,-2.1243958444073696,0.945730098180932,-1.3410639496495453,-1.838531566745298,0.5531022851954948,-1.524011223655619,-0.5737439201272698,-0.3452838842893749,2.2961876861767494
-1.5240916853868607,-1.3568565430468729,1.6349305321335654,0.8558678097860443,1.6456051803442833,1.2735979806393745,-2.054202751070997,1.34183283065179,-1.7959436220385832,-1.9604688952317162,0.7508712424761689,-1.723330902556761,-0.2604847523655184,-0.31503249810416767,2.420734968586028
-1.5963301815744826,-1.457807774309551,1.571373185280294,0.8268803876984305,1.5072924485878598,1.2840298226015865,-2.359883548879805,1.0973291653930943,-1.651236979360213,-1.9863597665551822,0.6558038334076677,-1.5856266238011192,-0.17520887926486334,0.05842006139500724,2.2484328305385226
-1.38780034232693,-1.4477328837734422,1.6030003910996606,0.865108257157597,1.6341707346681869,1.2883854695217847,-2.597555859199471,0.982515438915359,-1.33993950678552,-1.7312095120527566,0.687063754972839,-1.511931229761947,-0.3223561667933003,-0.35082889413496327,2.1616428468508664
-1.5039263642685667,-1.438843195005478,1.6308342243948046,0.822602499716693,1.8262765607872637,1.3643583331795994,-2.235789323716102,1.3080388850349414,-1.6805427461966462,-2.099077346354439,1.0183861633312015,-1.7380615808502113,-0.049079328739115594,-0.4887530685796666,2.287973538213102
-1.7772593619879322,-1.4372765883820853,1.590296287777466,0.897434356855691,1.6808271549975755,1.3475663501399875,-2.142962168354023,1.3991725622953082,-1.8149437705432832,-2.136264218821531,0.9587513424551994,-1.8141674773179408,-0.02325060309048682,-0.22385028552934436,2.469564055697361
-1.6312870382306137,-1.547022727482746,1.666942026933251,0.8149536197238665,1.7700857278966675,1.229273312885882,-2.3401467967063723,1.3211676060166164,-1.7478764096941026,-1.9604356498284472,0.7348289558505186,-1.7254419243189283,-0.2578023818619513,-0.4604312698056275,2.481627862855649
-1.6067645558664057,-1.389870452100764,1.6369773723088938,0.7276034115191877,1.3472827955244604,1.3091860379575355,-2.1686594214930244,1.2164843452321363,-1.7094203151679865,-2.0616063577216392,0.8649659786999024,-1.7172234745743522,-0.4128866061269403,0.22175769027892664,2.3046589748290303
-2.0491420376849376,-1.4743771160313814,1.6590813998506484,0.8157387842797374,1.656467580217842,1.2693883587104018,-1.8180300466318586,1.6012009602538109,-1.998921206328809,-2.105325274025562,1.0165259498558625,-1.9205748548415997,0.13975134580398085,-0.22421094406916864,2.5303483131311704
-2.1570769641687004,-1.432698447869584,1.7415845354321362,0.5128787271179888,1.3086601237084605,1.2277180784481279,-1.3981362333935048,2.0329840341040337,-2.203130785057842,-2.269279900150827,1.475283779856253,-2.180507440426547,0.6092826831921108,0.18532543277044136,2.452073972224499
-2.0833501073972007,-1.4541164561102902,1.7635030120569208,0.6956558981240132,1.6901375725717709,1.2569544361585152,-2.0248686053556915,1.779976209061447,-2.030392365770797,-2.1684520669396905,1.2336941278613178,-2.0417866964700133,0.297707226359507,-0.30596411590532563,2.582919019303811
-1.9685670239138446,-1.4608226347399746,1.7097961294287367,0.6709513851126087,1.602013500233353,1.2575008674292805,-1.6280344809043614,1.7848028642606464,-2.0960357539378793,-2.1078909317058496,1.2536628953515803,-2.0645875976898154,0.22242212494243255,0.11294474270360501,2.3882347731090032
-2.199426972480376,-1.4314183299819176,1.6941201814992568,0.7504132519954314,1.627243596900948,1.2896908865425198,-1.7443009974866501,1.8084126380701215,-2.012403932536963,-2.0964915336280803,1.2033119964099133,-2.0378018856223012,0.354688942919967,0.14122695929503282,2.382083118769231
-1.8898852586765662,-1.4249123002317332,1.6132489039729143,0.7403917920758305,1.7732264842443064,1.3475713690339446,-1.5575688740502218,1.587941328400048,-2.01588047905214,-2.1054142049928366,1.0850157947638226,-1.9425151362519084,-0.04412549180129143,-0.3647903504933785,2.3928159028379885
-1.760904027561817,-1.4514059817797575,1.6724704974441178,0.8887568084535533,1.7556933383627447,1.2139897234573869,-1.8662471718836748,1.6399508763469834,-1.9408109567027492,-2.1843840057447137,0.9792824704355659,-1.881404485946127,-0.03057309689154019,0.0060336752554554325,2.4585365617566954
-1.8178040305024372,-1.487158681768669,1.6839256293403215,0.7433005762380448,1.4832608754099432,1.338697950488866,-2.016627512306985,1.7010110647273775,-1.996986823407061,-2.079522633450775,0.9742765592509388,-1.8989513903483428,0.18179272953737832,0.2516593999117698,2.3582500068028316
-2.023101069766317,-1.4042979609349173,1.7168641951612886,0.6635645907188215,1.451907371483785,1.301686135240566,-1.6113953610014535,1.943308726608578,-2.1711898059846813,-2.156486579722,1.4430398095264125,-2.039975644782273,0.4482152628968204,0.274039654325955,2.5966461698900036
-2.2928491372897866,-1.4276583339433255,1.7458749297413654,0.6098342912277809,1.6710006795491772,1.1689121457452758,-1.3846284671006543,2.2430748307190385,-2.1759037076171963,-2.267136810711112,1.6508936005221317,-2.2294623218901446,0.8862804199411548,0.07922322866407143,2.527188746787283
-2.2720070082783055,-1.419877350428416,1.7811737516482782,0.6481978139406819,1.5026738459466487,1.2610523811132184,-1.495249599585193,2.2484753425191055,-2.05028920280664,-2.3710511668098975,1.6690948498764548,-2.1848849644155504,0.7082948296252723,0.12360901054677849,2.422745713876159
-2.2078592366143655,-1.435785078821414,1.8031132351824704,0.6506793763730723,1.6652555711936452,1.2455873305171605,-1.3826914363875968,2.073118865571025,-2.112658726917436,-2.192678143108659,1.3516638713654856,-2.210915638803674,0.7071182679038203,-0.3757125364525018,2.2502962445179735
-2.296178052396143,-1.4768020506973825,1.7767479619096918,0.4955788329180507,1.6697060407371853,1.2474126811482769,-0.8962221257588382,2.325193599004219,-2.2238741422093105,-2.340935453711717,1.582635299664026,-2.304436739657381,1.0661061269928103,0.3263868208779167,2.2466314093282778
-2.1924156395250893,-1.4546813505162894,1.7755907778965208,0.5216196784462819,1.3940513247533068,1.254503178644225,-1.6885802438153368,2.127545423642963,-2.100404432400981,-2.1135692426704717,1.5434645221175893,-2.2298516264654142,0.6595473012993697,-0.021708617498101074,2.4982992798324637
-2.4179704193209255,-1.408922993781147,1.7501056930452183,0.4997196148617224,1.6885221510503408,1.256880280393115,-1.3038602313821157,2.3404404269922066,-2.1754963970423367,-2.3589211059079003,1.564286106839379,-2.319282655597557,0.9538263373319319,-0.3519628682536121,2.416341177588734
-2.3994882423403663,-1.3968647205501923,1.8134871469549274,0.5916414435750228,1.5132043446322532,1.2470996540985257,-1.0934791925487741,2.3444915551889,-2.2848802331474776,-2.271182266146897,1.6621288975671766,-2.28190895212823,0.7715668558448653,-0.3952554413969513,2.399681755535948
-2.2624152774734663,-1.4650580733641116,1.70593111069748,0.703774560097044,1.564792206034683,1.2881631999711973,-1.2395587246986908,1.9855016040201634,-2.25043516694002,-2.269029868954781,1.3118889662086557,-2.150755984872317,0.6094906156811277,-0.2597008298218881,2.4775827991941894
-2.02281671295506,-1.394219719667389,1.7462170493252958,0.7464075442669399,1.3402964133859325,1.3039534554942716,-1.7434610865860902,1.815993544604232,-1.888398032650042,-2.074743405375105,1.1682275367635104,-2.0466624187835243,0.3129112176341973,-0.039764733062084306,2.481494574811274
-2.0986408795041265,-1.4087786490551604,1.799702180477174,0.5897647176104178,1.4858544067913464,1.2174561232613166,-1.330723756942991,2.238840447062076,-2.2659907077134496,-2.1911088235256466,1.6743878835159576,-2.2642959776620306,0.8605160054255396,-0.3050996087525825,2.412447134495299
-2.288501398543381,-1.4950862570651007,1.7888209679147464,0.5941247667821422,1.858336275525751,1.2995348564726743,-1.1051304158710529,2.092299776446647,-2.2117495550719255,-2.260821257726125,1.5105223923274236,-2.2303549968745124,0.7929118600106616,-0.10092830015486066,2.368796658853806
-2.615815245754159,-1.4863842849830449,1.8308307445624168,0.2826207227087369,1.6645487492382922,1.1921373182812482,-0.7275503020248201,2.596403750091589,-2.088828196848065,-2.26277947639277,1.9654225282568114,-2.4293167769200044,1.1769558277717365,-0.4594234202747288,2.4337455754630053
-2.3853611955372913,-1.5048118602170417,1.8225818356626253,0.4221299719627355,1.8109819202936768,1.2897976938905102,-1.0461056407971092,2.4528451847929826,-2.1568405050281796,-2.3397171454934766,1.7087389579691683,-2.3592617771981637,1.1192266866743414,0.2918736486641966,2.4833742962186767
-2.4984287635241484,-1.4208832804403144,1.879275384480618,0.3909219699802329,1.454327867721722,1.3020354227499222,-0.7019367962564197,2.5067076914256625,-2.204708099106327,-2.263104602794579,1.9602283807838918,-2.400554367630002,1.2171843964102762,-0.4891973732207426,2.4415111325845795
-2.9278085273912704,-1.510108206152112,1.9880395354249718,-0.33752260994217403,2.1594716803817713,1.0258448578067747,0.22859039444487134,3.3076357040981867,-1.9344677284161655,-2.3574848813452816,2.6103934254223398,-2.7186581467637727,2.1892921759063997,-0.2841032355013826,2.1785378411272993
-2.7464802265965065,-1.4479456550139194,1.9102321209218718,0.0840452232682189,1.6834387948061245,1.0830908515598352,-0.6233852544831351,2.9484560790927876,-2.0715628057609194,-2.1551611540182063,2.346960791161083,-2.6089649803131807,1.603750103795452,-0.1834393954674079,2.385942705108108
-2.3202413719878012,-1.372544378329723,1.7840883647686643,0.5130703092939414,1.406532207279415,1.2052461119978735,-1.3376338204557463,2.327451029657558,-2.2369246146673514,-2.2492571911246553,1.7062795308898526,-2.319493439297621,1.0230381774909079,-0.050140741442233766,2.3544401095413114
-2.5537976775966493,-1.5152062780355624,1.8742701127661243,0.2391060234432187,1.2625685131570592,1.1549704030748262,-0.5045084854494485,2.8045489965307895,-2.3065405419506044,-2.3198745352239514,2.1435805650513,-2.513243190539715,1.6491011678385914,-0.3129063617817635,2.3847252028433643
-2.4902650731995983,-1.4727031568676612,1.8045416694346386,0.3728107198736712,1.8068393597657875,1.1429866638688382,-1.0788423035602224,2.5111666904834165,-2.2498272497850094,-2.3767198093406403,1.9775121861886198,-2.435865329488587,1.00851139278509,-0.1377053104594251,2.420546008531017
-2.6183951281056284,-1.53180280450424,1.8646053532189237,0.45154313357807346,1.9307015058778467,1.1314716337579458,-1.179868587854455,2.461470544525827,-2.2755628947102466,-2.266389285682257,1.906966712197212,-2.4145035942266166,1.0315996538391385,-0.2812671763675483,2.3907625643458954
-2.4315530123922002,-1.4256111836615633,1.762804971534936,0.3907690463433384,1.4384254557677112,1.2610881800468972,-1.0527097250362698,2.3710127426363883,-2.3021973047744844,-2.3050982606905692,1.9269605079461618,-2.333215462905038,1.0983600852171254,-0.19274452333758618,2.5497319850397084
-2.322575706901597,-1.3836922110559704,1.8086005521188462,0.4097473911084664,1.745293874007176,1.3337765367655245,-1.5631131178837927,2.3653225601664074,-2.2671920795918883,-2.390175966736,1.7614252988392607,-2.361572832962457,0.9302819358866038,-0.14435563873061927,2.4396328907444533
-2.341574354927782,-1.479174826908948,1.754573063600744,0.6008253142450345,1.4103605861822293,1.2626646143104439,-0.911278641574635,2.1440989180023493,-2.180920469408603,-2.2519355551457485,1.6825738410442255,-2.2289670904488257,0.8153994289325248,-0.0005996405820812763,2.3182644254120413
-2.1913418974573524,-1.5370276520292854,1.7193825966725784,0.6058973774650279,1.7223471122351601,1.2439046507011309,-1.1518475681250153,2.1168215727100543,-2.0897152751388677,-2.1804709737294923,1.4551435222337328,-2.1958839674529935,0.6777523657047445,-0.19019135126806494,2.496494759741064
-2.2537592225853955,-1.3664142191113122,1.7543186443123637,0.584010921540685,1.6124350281802082,1.255394288344794,-1.382145206737353,2.2963044118913425,-2.203754487333637,-2.2556845842640274,1.7787114201200234,-2.278955009859487,0.7431989873338898,-0.05892660600541992,2.520416136487116
-2.1197812437640473,-1.4207572315489159,1.7437177315907653,0.6474934689027941,1.4906066461797167,1.2643404046987823,-1.4913281386447985,1.9672065100794396,-2.0364632785029597,-2.1592849604113633,1.3158506738793692,-2.1801678299659564,0.5569624080556875,-0.11281571024313784,2.3328637049490135
-2.0334091633894325,-1.4653854042630585,1.708338307531944,0.8265139349710027,1.6348762690175935,1.1627276580269594,-1.717972058558197,1.8336366151138253,-1.980017178434775,-2.181259315069107,1.3645373484851424,-2.0682190794866635,0.29761696381784236,-0.4490399354807682,2.3502795620683736
-1.9580898236631528,-1.4019477626174839,1.6778280851869638,0.7005806789456047,1.848036625580212,1.3136975409702,-1.452283654033589,1.7595753852676117,-2.0677508414607257,-2.240141427503229,1.3110115642797384,-2.0115030067761595,0.19019568274261076,-0.3405897708335328,2.3659821350374584
-1.8699880134379951,-1.420492536066691,1.6391259781151568,0.7896132809303583,1.6970318075828845,1.2503636236445275,-2.028107995269969,1.343629743513468,-1.8731823977606734,-2.050344728437012,0.7884553117175257,-1.8189465917372911,-0.14155302356496036,-0.11818319938732025,2.285212975181225
-1.6073966589784632,-1.4926039314240913,1.6533299483576895,0.8325175471694053,1.791536852681186,1.37700325928101,-2.2591246505611586,1.2969873215654588,-1.9084803067578553,-1.9219358841064045,0.6944108601872129,-1.7459836205379098,-0.0012901532594982764,-0.16729064222627152,2.357398255053126
-1.455619255803342,-1.4090251404415501,1.6278357703379664,0.7213934333614651,1.6879848505745914,1.2368682548326635,-2.125377914669467,1.3810165657304307,-1.894974987161136,-2.0684746170855037,0.8352027040083901,-1.7811592487028742,0.025975464379153317,-0.11111909056018668,2.460303785005565
-1.6274840215276056,-1.4225283586638873,1.6594426682970362,0.7619362820764156,1.5836607007522605,1.2395666695949683,-1.8285070051150265,1.3029258194384454,-1.748098822115104,-2.029502244781387,0.6634840062429801,-1.657915510807296,-0.15060444922765323,-0.14917153128297053,2.386126456118002
-1.7220207366149407,-1.4000543181174587,1.6015673982435625,0.877667635841196,1.5610654714419403,1.3626205690683824,-2.0239144370225355,1.2734281391600735,-1.6704271966773903,-1.876579698855939,0.650816806727449,-1.6992851796810573,-0.2004111915488309,-0.24897389560341404,2.451088832011778
-1.5643877550460046,-1.4469967914660655,1.5851297501622759,0.8780013092901253,1.6092000683977885,1.357832803490894,-2.045017780416312,1.2571805997736691,-1.8395347288841393,-2.085583933710493,0.681014441824762,-1.6877431291389127,-0.1869174892267403,-0.004088164132583602,2.401117533220376
-1.534840751481338,-1.460199442716287,1.5749671198519104,0.7956591572837748,2.1121399480624232,1.2360631590855413,-2.24087027371815,1.0984888094740366,-1.5431737497337494,-1.8803103053447094,0.5320456377778789,-1.6039336968092688,-0.25074273500431093,-0.03053377983208834,2.340958029905272
-1.720188591963939,-1.4293533485816696,1.6395206495223205,0.7460885839181679,1.7285940643386235,1.3342265019497508,-1.6786280928947612,1.2699155238193038,-1.7910105963376355,-2.025144375129475,0.7460810762177444,-1.6862117139899193,-0.16392461072628928,-0.04710658888534121,2.3221427046066108
-1.8803960089372478,-1.3984448737623587,1.6824717388601258,0.7052286656774309,1.05742004960572,1.2570990450793647,-1.9306769179889605,1.6230313880374885,-1.918231000335866,-2.111077323791591,0.9406244128482887,-1.9040603874034763,0.181631679603762,0.1485338123335864,2.3248527486962853
-1.7659143900782621,-1.4834713665461745,1.6693072818375039,0.7985368870541194,1.7463830712563873,1.348549780521527,-2.3912553026198387,1.5674713672379306,-1.9000435199236057,-1.967233435990363,1.115109258545611,-1.8582982847627956,-0.03262634577023904,0.034311759504528895,2.3711188925413484
-1.9022178782803973,-1.436793579085595,1.6544415554146803,0.7477475839687591,1.661601772130635,1.2479666283528135,-1.5332942218490913,1.5939209429678622,-2.195292038742343,-2.1924156109245265,1.0577743911723332,-1.961264372768401,0.15879970278273964,-0.14986753333775837,2.293064723801027
-1.7666752570346487,-1.4154053076301667,1.6942524321005354,0.7580067918442028,1.9243394663396018,1.2703304167563674,-1.753489356617829,1.5708723562708364,-1.8898555788017677,-2.1126885994901627,0.9822206324111789,-1.951268140217977,0.1419756282335192,-0.09737964975397086,2.372222781775542
-1.9323300753671746,-1.4386931407051273,1.7091758498772027,0.7451132211341065,1.7682273626588647,1.2853554241328182,-1.8856792839687049,1.6928906255249263,-1.9897581267525541,-2.2330459063932047,1.1302493102026483,-2.0068092783067186,0.19538089651147372,0.1259154271590843,2.5324234874212754
-2.3059309987729106,-1.4701044818333766,1.7704636448915787,0.5958792679111247,1.3806754293016383,1.2390163400170575,-1.5168194369803063,2.145135459802879,-2.092388573520948,-2.210453994622228,1.5544954373576654,-2.226423141108588,0.5048840011826791,0.19466386823548698,2.532292069356596
-2.324730705848836,-1.4377373406761125,1.7927515123489444,0.6525907647246272,1.7293235577647224,1.1348778841203586,-1.0235583753563622,2.2995727076896095,-2.1751612478410336,-2.386003152617316,1.7448493300021357,-2.3080849589484322,0.7898592646352731,-0.20809139072662994,2.4602587685728636
-1.8900090178115116,-1.4322046093205245,1.7171297234511713,0.6932347023234848,1.8680248185687867,1.3090616346296169,-1.4544780324605777,1.8005513768924912,-2.127445527471495,-2.187457993130141,1.2700069895607373,-1.9858439233668934,0.4275451948845275,-0.012789307915967073,2.564351995139344
-2.1057244900622587,-1.4890555194022095,1.6856774663696832,0.6619054546336096,1.7394623057801564,1.236613272807039,-1.784284769826119,1.9659662917522103,-2.113500840800687,-2.1389600600833725,1.383674174365226,-2.1376253151617086,0.4474703342415261,-0.06009822759320488,2.4082796968757925
-2.3507003874099275,-1.4626754477708608,1.7945082334222777,0.4788174590344034,1.4322883847023347,1.2051085493460358,-1.0754935765222107,2.263628143811235,-2.171543700634749,-2.24161624356383,1.6799139065559678,-2.317200114312861,0.7494517470675234,0.0024364595677248556,2.4715781618775186
-2.525731921421179,-1.497950194551746,1.7606989232603396,0.5648711035227836,1.3380178094846369,1.3133675323538032,-1.3611934526371765,2.2146032213741162,-2.1597198084266656,-2.391048612632211,1.5447287967128975,-2.2783571000516925,0.850161189453711,0.2078144494399653,2.5286586853824966
-2.410099526060535,-1.495744313511543,1.838957381007278,0.33359625721400643,1.4490708761369568,1.2995163738106843,-0.6468924945753677,2.460626025706189,-2.2085319506304764,-2.4017419236959157,1.7049718027101284,-2.410654879954245,1.188746638260846,-0.041072576426894464,2.4814512425147375
-2.4400717010000625,-1.4761586921845757,1.8343179566330043,0.5245439576254246,1.9044027971076132,1.2643486421940713,-1.2697513154789042,2.3220045805634286,-2.2029961014714354,-2.2296402625723775,1.6141809360578578,-2.306102560632994,0.8566260091240476,0.049216382109416215,2.2803287325586776
-2.1151975379282555,-1.4735143498684966,1.7211676480052196,0.7189259718173556,1.6910247192217696,1.3169155227059073,-1.6508659709142803,1.881164396546338,-2.162855791668303,-2.2736386672513276,1.3576006885060246,-2.107081216273808,0.3148075369955052,-0.1582252435119375,2.3194141644203086
-2.099910416672902,-1.4255940152019995,1.7420678672007854,0.6648838775608191,1.8902849794744983,1.236270626256424,-1.223343733441287,1.9632693292272174,-2.0130201278218607,-2.2475922107072455,1.5232146848055956,-2.0857110053850767,0.5036944367732205,0.13062182341798367,2.398938994928056
-1.8500314046201176,-1.455893551967863,1.6015438973167784,0.7765550302641809,1.5023538688927236,1.349891353789466,-1.871937568883051,1.5076316517206656,-1.9401859699517912,-2.0880448166008723,0.8786418587252278,-1.8444151754603597,0.013604614649030023,-0.12943190645738686,2.5157076496891424
-1.9243709195151026,-1.4619096440869774,1.6453208405234332,0.7791560126735602,1.6733464144123833,1.2963197298578122,-1.7013304921987886,1.501588663664252,-1.7244300152339556,-2.015560937305577,0.9537734766853693,-1.8526837876249627,0.21080031853685535,-0.4546450499448752,2.3450533319663047
-2.110386378946304,-1.4601632045467685,1.6867450289202506,0.7178668211693254,1.4288337770507258,1.310243073282917,-1.805733285415661,1.9053977226953835,-2.179525115349169,-2.102533479324722,1.08389864125739,-2.0717035977781424,0.3933981430127452,-0.270120504337023,2.369744172800982
-1.648399677198549,-1.4525713658847916,1.6819170839162236,0.8075911507896931,1.5073543677952268,1.2642837152649007,-2.1073704502274104,1.3305338341223514,-1.7586616376927464,-2.1114748579188367,0.8669151724389439,-1.7883381946973582,-0.10682563537752507,-0.4230292267955767,2.1900872977908596
-1.4470691365489423,-1.441778218050796,1.583883924644954,0.8306419402150085,1.5847874735228766,1.3920331428408665,-2.0141207926506888,1.1168613011450068,-1.5654814433111999,-2.030735147878629,0.46275164766758603,-1.6276024224948957,-0.3309533805575642,-0.3198727897923533,2.151587613865931
-1.2059176346956104,-1.4287659665236097,1.5578428892364058,0.6995522404823841,1.5988747367890792,1.3103289769603113,-2.0865660923408216,0.8830719234892935,-1.413363817587387,-1.7666449949316205,0.5813467977337041,-1.413309624681315,-0.3666717343104167,-0.28548425700323393,2.1004298274653133
-1.3810757921160532,-1.4274205369605062,1.5671416440427282,0.8581488100158248,2.0364769719047593,1.2653233344691068,-2.3243321115771773,0.9175360470714018,-1.3576221199205958,-1.8186903191027164,0.5942362289876622,-1.411115006318405,-0.49316527063589183,-0.39525049164052906,2.1429454319889794
-1.245610322810157,-1.4229411046126874,1.5881418056585803,0.7472134856120003,1.5089426336892677,1.3189402834142012,-2.006327965319254,0.8051559390668149,-1.2080740843204119,-1.7683268505502605,0.5514833159085354,-1.3859282763626375,-0.40609722732149683,-0.7165626561618369,2.2871819902795427
-1.515730424084267,-1.3962265314571305,1.5866481836275343,0.7772484503461314,1.6350854401918995,1.2508756366045786,-1.9486982155518768,1.1029749856516775,-1.688185743326362,-1.8448867536443116,0.6325485293540687,-1.5714909518385531,-0.2726383450519672,-0.30591466197173367,2.314396938753713
-1.5732447114831007,-1.4500490698375221,1.6053616475873194,0.8756564886765363,1.5647692713259342,1.2744357891529332,-2.0713385393938775,1.303119744858331,-1.8827409256930179,-2.050946808385519,0.9238855172635888,-1.79258150435896,-0.07142283752075855,0.14014684888945772,2.3873563296101556
-1.5574647351215194,-1.4418169042948388,1.6668250517959244,0.7893775806216812,1.882969311393872,1.3377393122102046,-1.9265486619741155,1.5496827516530658,-1.9128188677253724,-2.2212861256164604,0.9487028612445643,-1.7905953691464993,0.0584145828707361,-0.24747293482816898,2.2862177308427043
-1.7648955364238827,-1.4581725728661448,1.6132182758885774,0.7703468881987255,1.4872949008404808,1.3710055575666735,-2.010237635790179,1.5674700670541255,-1.999962474833535,-2.076238748117106,1.1010750109422385,-1.8805697139627682,0.029617741925020917,-0.43000302217024944,2.342297108317253
-1.8770199044611264,-1.4891665281869435,1.672787726878745,0.732905265327211,1.2623962985905608,1.2448615664073626,-1.6500304311185268,1.581847760031277,-2.0697725389436488,-2.244099095598834,0.9749490576409554,-1.9227885684925536,0.20754968157916753,0.05564320264943494,2.4253800946268496
-1.6943325615600093,-1.4363322462293515,1.617325266776387,0.8121425252771851,1.6148235075374138,1.295196371847868,-1.9348309198277782,1.4595437873194885,-1.8260380295682106,-2.097799278908392,0.9597163145554195,-1.838538886694784,-0.0277873872378466,-0.09015538647432456,2.474370395133906
-1.9890204321502167,-1.412303260518424,1.692051885407661,0.8659788980022398,1.314462797074297,1.2490996666359069,-1.9394747457611285,1.64230644259043,-1.8590959342248095,-2.197777740752272,1.1764615288954148,-1.9298443481162924,0.2759409287933673,-0.27862991044159674,2.2895151764537665
-1.6784522012940126,-1.4638189581814138,1.6442292567201742,0.766670931406754,1.801766741248538,1.4205962533830285,-1.9636122837172605,1.3198774417807466,-1.8015320944582578,-2.1485062957162024,0.7458808644654227,-1.779954027663361,-0.1368986121001208,-0.17958853451330747,2.491354013386836
-1.9372924053564182,-1.4952701928001557,1.6688226763931073,0.880395849103021,1.5329637937859713,1.3076906028248863,-2.009857426588479,1.6546530815618157,-1.907458287715839,-2.189518017780358,1.163249931963193,-1.9358883071641877,-0.04216759038754907,0.1403195243002687,2.5433742156330785
-2.0390966710730294,-1.457771644875758,1.735407933078029,0.6779194564613747,1.7462130479508826,1.3218377553213874,-1.7459089100153775,1.9245646137395165,-2.251667289423853,-2.2037830607806206,1.1567888220412939,-2.08104836695034,0.500163159512579,-0.42460014324592354,2.4311816239822615
-2.1341369595316118,-1.4034131093102504,1.7053754229023583,0.6823207278899253,1.66065303597492,1.222604873575792,-1.2977249308656564,1.969209558229182,-2.1054022268254133,-2.1912906672705597,1.5057348234469743,-2.1214143996014454,0.6135965104247881,-0.0740689386477717,2.553864798920009
-2.1777277284369663,-1.4155177351824302,1.7655017121445329,0.7359260630216133,1.4303922791294588,1.3101456924133053,-1.6655854795045244,1.9684863840619293,-2.277680531318625,-2.380309047854436,1.1946693472659988,-2.0933208181910268,0.45317246666865085,-0.10926628018306034,2.499265863411029
-2.128379281708762,-1.5003155028798112,1.7526352335735707,0.5641588843774582,1.8149012235073585,1.2390765978564968,-1.4302560528573454,2.0541180476442573,-1.9687086030862109,-2.33053017428554,1.4908313632223142,-2.1466096681485776,0.5784504965680959,-0.12486895462941135,2.5317994120106153
-1.6235487176263854,-1.4063475241376788,1.6045532784938412,0.897294815522345,2.0177516759382907,1.3171420488483094,-2.0237014959488806,1.2776363268788957,-1.7987849527661905,-2.0753290290175146,0.6622191251010596,-1.80052901530696,-0.15066836423961494,-0.10810420103551152,2.5240747415917166
-1.5474658391731957,-1.4421464260003733,1.681725425427185,0.8313000152365919,1.420893828323618,1.3158919267482616,-2.022038728344812,1.4362919850531721,-1.8817075310607998,-2.1557016725422984,0.8358542494091876,-1.8005747054910897,-0.2690547658048337,0.02252075561912497,2.429170308388576
-1.7844630236965253,-1.4169063093951928,1.6523849715193724,0.699323784671607,1.504348991976639,1.2712701171968734,-1.7586182716127516,1.4351019998535421,-1.8601792521225473,-2.084759531954872,0.8255100348065003,-1.8058686244819584,-0.09400737670882535,-0.4316726643724471,2.3012083895284725
-1.6791269301844933,-1.4945855737010751,1.6589162149033292,0.8613510560702707,1.7893852309394913,1.313303096159386,-1.8432970678347396,1.3591007816539642,-1.817417802119651,-2.0889659636728015,0.8273389505450248,-1.832506476526898,-0.011154170160072162,-0.09546552334876418,2.2510811557438952
-1.8933188025461662,-1.4210148196271069,1.6656866448325054,0.7306952776121204,1.5210482425435012,1.2756149126396181,-1.8016647396740375,1.6403257107779923,-1.996528639475494,-2.1625835985749315,1.162377523690981,-1.9167540222375423,0.27941591987862413,-0.3416021781775581,2.3946361967642615
-1.7572755418533614,-1.3816819038162726,1.7011017812186744,0.7158315226518791,1.8420549564805544,1.260812401332747,-1.8327731943108605,1.5987898040118862,-1.9778998517319126,-2.230980734796609,0.8961756171517306,-1.922325739769217,0.21317382551342814,-0.12190769783222213,2.4090767003351976
-1.6778974071344388,-1.5160268471841145,1.6244009345861898,0.8591312287611126,1.6872337353310733,1.277435419347135,-2.0227931897361024,1.293508410449166,-1.9970947281103797,-2.088642152526904,0.9281219241031322,-1.755067266057352,-0.05151784206616739,-0.03656462170483734,2.2997846591342417
-1.43177502674973,-1.4463390891118637,1.6115511960606679,0.8375301677630809,1.652736811318759,1.3185832868081195,-2.1430360589663224,1.3180781335101148,-1.8382081485614092,-2.0751309088041507,0.7436597592411017,-1.7144894887369262,-0.14419845356278246,-0.19386650353454446,2.3961843594983363
-1.736209806168423,-1.4283237133839874,1.6718017912917498,0.817292600293382,1.305595473831666,1.2751179683420908,-2.0125134688786606,1.338875486187893,-1.674468508223428,-1.9400243129119035,0.8820676816932965,-1.797094112018747,-0.040567419165606466,-0.09250948062952102,2.4014264017178784
-1.745190419839946,-1.4227652573632568,1.686165016289421,0.935979285453455,1.6486068904088254,1.2372069461605144,-2.149124510499004,1.314506307906121,-1.7994077586771484,-1.9925690896183115,0.699984925365688,-1.816524511699925,-0.10819106527924932,-0.017063469496937517,2.334045109631165
-1.6881796755983354,-1.4527789943622702,1.6451111095019015,0.8382034548423658,1.5470365636354035,1.3034957040940824,-2.0912163815811473,1.4088191843441735,-1.7940133482841516,-2.1258161114864556,0.9385567901845564,-1.8505612865236114,-0.06096210181986716,-0.055499792093899915,2.368193173554294
-1.9302061149904242,-1.4779709064768916,1.6799668111457529,0.8452194554070143,1.8114862050304323,1.3546240484006453,-1.7689491397466592,1.6870830538645598,-1.9629039700060693,-2.100086331752566,1.1822183226365115,-2.0088658977713423,0.23688560589030672,-0.2208260344977428,2.5255480140506306
-1.5264011794055803,-1.5004873092272684,1.6780110368571841,0.7823790438694873,1.5431333935807872,1.338413303514694,-2.0215174225267774,1.4053805030917985,-1.8712705097236493,-2.1186771318201236,0.724406284652991,-1.8680063944145948,-0.08346604232134852,0.10855307625723525,2.435827159875229
-1.7465832499979956,-1.4566674502269448,1.6165850130134016,0.7301509213077957,1.6696023908075157,1.3614932139845144,-1.8680617337305045,1.533620640550894,-1.8594379853448086,-1.9548176449678227,0.8665756740843016,-1.899922107860793,0.13792216951485642,-0.251876572687337,2.2887415261095874
-2.2056424692487453,-1.4093757660958888,1.690004673267562,0.7322755019590836,1.7157377871048678,1.2361322616412591,-1.6422567037239968,1.8261593384116384,-1.9575875158266307,-2.2148340290803006,1.2003616004061695,-2.0535823442698935,0.3739752947660694,-0.3345747787737754,2.413050575264854
-1.6421967655789782,-1.495172712627932,1.6293633489858406,0.8058220193723579,1.5464512708797464,1.324308080450775,-1.962330132358497,1.5167326563308454,-1.7481824406954674,-2.0095827095988614,0.6667545485297219,-1.7914791731583941,-0.11260815608745518,-0.25367255509139086,2.2713502039724855
-1.8915356111081951,-1.4755919381235234,1.6227789979390277,0.955671621813172,1.6947556776727886,1.2895479025352654,-2.192800329874145,1.4743124207257252,-1.808283307491631,-2.1399823003377003,0.9332820727661084,-1.7907313482629041,0.04355392362591438,-0.40951220065712346,2.370412426933001
-1.7445667907956395,-1.4677459416709244,1.6304147225861316,0.8504745757810374,1.6850345567457246,1.3678616342589263,-2.219533541969592,1.386794216241993,-1.8474293857229138,-2.055083618016279,0.799197675479448,-1.7846341827360845,-0.2250125344685349,-0.1539704897621309,2.2363452117806375
-1.6345281069607114,-1.4642359183190676,1.636158063778275,0.8618590082791031,1.9154287366403722,1.3149029859292631,-2.083314841682502,1.290070294782408,-1.7578617606177853,-1.9906902259578012,0.6769295644978917,-1.7151455891886704,-0.16676849890428977,-0.13058590592208713,2.2959374501334118
-1.4590206491600106,-1.4436336132443957,1.5937389883533544,0.7628033736851489,1.8442306762237173,1.344930450772628,-1.8820979533267919,1.0944373298687717,-1.5928023256267276,-1.9472786279822474,0.4981072451721921,-1.5531794996191828,-0.3645583819660025,-0.3435547271554491,2.2165395285723988
-1.4560419727723792,-1.444386744748736,1.5307819305908168,0.8123110515924726,1.499000142537081,1.2604252208681204,-1.6142379917912508,1.0658972105772986,-1.5443509030974938,-1.9676417927725027,0.6236094551475778,-1.577013741117719,-0.3767987358940368,-0.510991168728187,2.2075522357074484
-1.712352171209982,-1.4198088047823958,1.6559598926570365,0.7960206726580104,1.6018415432983044,1.3395729663080158,-1.946960997093013,1.4895288646437284,-2.005502893744091,-2.0717092263831227,1.0779663428360433,-1.8171119600757106,0.005111768631186016,0.2907081396469094,2.57236651739125
-1.5718100254961482,-1.463912022167493,1.6089176923134088,0.8425294087373086,1.9084143564241693,1.333144064016906,-1.9893274090871653,1.203374629790742,-1.5946941779025312,-1.9398331475836537,0.8439410270745016,-1.631803770430426,-0.3195222855288379,-0.2758740235977847,2.3026600188880413
-1.3086395768441768,-1.438224221626913,1.566427183333285,0.858738196812631,1.5027952269772367,1.354829326742392,-2.0589609442762513,1.0099634962531172,-1.6698478418786955,-1.912196579303785,0.5467135545521302,-1.5253882168081125,-0.5183553074670638,0.06770592148226003,2.0673310823385864
-1.2191374236971326,-1.406985083190144,1.5227755523171,0.7676185246942722,1.4116011195388922,1.2718971342631507,-2.4247351915315547,0.7835603014934862,-1.2445499884727802,-1.861894809795105,0.2289676929135946,-1.268136899214743,-0.6250982487202343,-0.5105796195753682,2.1162085161094812
-1.5814658732896796,-1.482562924811395,1.6382024843458274,0.8400798030185849,1.6140452584085208,1.2915239484271825,-2.1972074860951696,1.1162813195825778,-1.620732139202161,-1.9270925343328935,0.6508577224466189,-1.6003159633957114,-0.15858123101015442,-0.38049553872116454,2.209640522809223
-1.360600384974988,-1.5436528265422895,1.5803191933383625,0.7906282039623899,1.4673292698206897,1.3698324302659783,-2.3600687130220814,1.0682059352093842,-1.5457071552869466,-1.8087947928058064,0.7240287751264805,-1.5207752910790227,-0.37417853816745833,-0.3640319969274538,2.1990448945135324
-1.340396573990412,-1.4188161214813801,1.5790465842105414,0.8560045212685644,1.2909350976857203,1.2065595818402233,-2.3404393965595784,1.061164273093836,-1.6828473759715896,-1.988556283879636,0.5360462060665663,-1.5707324722209601,-0.20849645312754342,-0.0724239800972759,2.076814124372995
-1.3799613182873436,-1.4203287891626124,1.523842405244625,0.7681650466995097,1.794583808882969,1.3590688304721,-2.323285309146471,0.9230251212324924,-1.4881411962931017,-1.83032221792344,0.5368751642317197,-1.4974193817414108,-0.34604411296249166,-0.20116962835373609,2.063461130695149
-1.1274679693813712,-1.4297212308405194,1.4868750159645456,0.6931043954244102,1.7499640119783257,1.35241657368556,-2.34033828533351,0.8310500777992784,-1.2650019246450872,-1.91015292669189,0.4272144440108223,-1.3648178472981696,-0.4784876810504156,-0.4634109452011,2.0830346655787335
-1.202803043058702,-1.4041046641947368,1.5032247212780754,0.6886124525211261,1.915478463373341,1.3889192188362758,-2.056830145293589,0.6877583024087213,-1.2050846530744586,-1.6998021250726914,0.38150075441649267,-1.3116509767995033,-0.5325917510137269,-0.3842982782782614,2.04684072403493
-1.5336129317481042,-1.4421794539471449,1.6104870894044536,0.845732558365209,1.5874039215059572,1.3150206708480157,-2.063786235810433,1.33222191918704,-1.7383920747019732,-1.9701802121162566,0.8007946011103295,-1.6863638902814888,-0.13883947496556107,-0.20192241167053648,2.3332818948292906
-1.9470572625384406,-1.4740010118922464,1.6567475671771918,0.8604430729189232,1.6238096568148455,1.3071399569453548,-1.7204986630696673,1.5795117132508467,-1.9588798250543804,-2.1714935863437472,1.1794971949098043,-1.8567850729864332,0.07845583634551084,0.004195622975768665,2.3235092431717987
-1.6864574608475429,-1.4369185509716447,1.6169788677835821,0.7950090452864654,1.7504223864792534,1.3104240855382587,-2.0038601869069717,1.3953605380586451,-1.781409768913684,-1.979238743385782,0.8710883435709809,-1.7732857409810463,-0.24105835892434616,-0.133367955055777,2.3485150941906094
-1.7295826368660538,-1.4868243662588532,1.6561657288279927,0.8165854998380786,1.6132339038584576,1.3015444983514108,-1.848854185906137,1.5648366589614193,-1.8089930046886578,-2.088786830455586,0.8342302870450736,-1.8832529145488004,0.04953534579844075,-0.1550477429106021,2.305861447284994
-1.7736622493228813,-1.4140360183112295,1.6377367068732651,0.820972485230389,1.685867630603506,1.3159171618260335,-2.3430128459142074,1.349647253497722,-1.7925213396212993,-2.044041392472701,0.858712366149547,-1.7213813208929318,-0.14270589660757296,-0.5169943256870052,2.3660001407603897
-1.2522361025665216,-1.489591006083099,1.5655861083524911,0.847591812080188,1.5329007473836282,1.2830884048487343,-2.227671162661469,0.949190432099726,-1.4164503703048823,-1.832010391428142,0.36588471061166783,-1.4891316976285158,-0.2164106531945935,-0.22298054322386793,2.291890620200641
-1.5259902716357516,-1.497374262572534,1.6112318246213764,0.7605606797171042,1.9202729776623273,1.2696818351066441,-1.7543177709920752,1.3279733143981882,-1.6617093163961894,-1.9414941242107646,0.7349119193294527,-1.6739661554923462,-0.20746723102368633,-0.20347182312467546,2.174595393509871
-1.8705386827781891,-1.3970268366554541,1.606308688496443,0.8165970324735015,1.3556264688404298,1.2579141423117552,-1.8403758732939512,1.4257481316104041,-1.9727841356242461,-2.17777092729404,1.0713677451196397,-1.8701811846075513,0.07060857538874267,0.06605772227955811,2.405438195389374
-2.0702171194374217,-1.4572907542563047,1.7078232852126565,0.8097290467458325,1.8566064346421067,1.2128918351661144,-1.8011954250894961,1.7599732871776312,-2.107205534790945,-2.22054260895324,1.1209894285310669,-2.010153761079143,0.40370797567172806,-0.1957751375270533,2.5455959947260913
-1.889606577718264,-1.4564067142637454,1.6843657131372838,0.7416759917498259,1.671566143751715,1.3772706287983343,-2.2715536660851408,1.7234526841184945,-1.9788323156146417,-2.0972209340013803,1.0657829292469758,-1.9401754905717339,0.20426322871347685,-0.45464293882725243,2.380721428715757
-1.9959215255620915,-1.4536725330891338,1.6497365641558852,0.7493002784266478,1.3446529926142703,1.3769536832381213,-1.925085530556836,1.640281181751209,-2.1809562519447905,-2.1366786786402825,1.1735895632925453,-1.9389120504625719,0.0593618491494706,-0.06302114313290867,2.3748785530400176
-2.102523270814437,-1.454869041541256,1.70958756133276,0.8100017423812778,1.454204878977477,1.257388847369026,-1.4424192571193617,1.8635156638792019,-1.9576424895007443,-2.2821633223484223,1.3570246881847527,-2.0801877776744444,0.4220202372568373,-0.02972869829365393,2.505334709385768
-2.077118143722704,-1.4338262121848995,1.6778121674829927,0.5734470694671617,1.664340285295549,1.358786585874062,-1.2318940199232342,1.9656660809258255,-2.1344928331523505,-2.197577324143721,1.2804391698607507,-2.1164479459933387,0.5044973371198587,-0.17506198128284942,2.311257362813454
-1.9847917862727202,-1.470207788653256,1.6848990624963236,0.7579027241094323,1.7140616109423361,1.34060708045834,-1.9044596773116564,1.8467287032121138,-2.056344216025299,-2.083753478463328,1.1151824170395028,-2.066225998883805,0.30397351471011635,-0.04750695421254832,2.19042626792614
-1.7596264598197227,-1.4505355080241462,1.6374511103128453,0.8854721578439978,1.608757917928188,1.3041799132075607,-1.6516182440062925,1.4691555186686702,-1.9026966321703889,-2.007307523207149,0.8776751072113732,-1.8918117585786154,-0.07923349071047321,-0.24235684885755657,2.4733440836743594
-1.7960894075175124,-1.423015086040185,1.6172845154464628,0.8319249421848768,1.6015227220834076,1.3516554971066788,-1.9727782014795325,1.4552115605179807,-1.8497041910771297,-2.157419961961234,1.0054012982272666,-1.8742401246950384,0.032718133998306094,-0.10426389306999544,2.578626342204791
-2.1186544057262235,-1.415282802848694,1.6868779646422585,0.7364675232077369,1.5661084667232363,1.3205312610254871,-1.3663638106365474,1.7871322296370802,-2.0533619696172414,-2.171431920671471,1.1053473900913513,-2.0406921388167385,0.28954216430930735,-0.06358639455334794,2.374855287210797
-1.9083212628670343,-1.485973607733991,1.638243114256352,0.824482791221105,1.7278187100612874,1.240063317974573,-1.856573531416886,1.4949337833374394,-2.040948529820444,-2.0336918006416425,0.987482463599136,-1.8103720838527955,-0.1179724813047804,-0.22519033368470792,2.353698307922645
-1.932233550119708,-1.4475184690718803,1.6821731671698845,0.7189610406080216,1.813065311067581,1.339614798737906,-1.909503664429991,1.7420931448637935,-2.0052783047050164,-2.064762103674393,1.2299908484647586,-1.9786474544551085,0.0772613647069666,-0.45326271993208467,2.555113054780076
-1.9674714358802858,-1.443185866070787,1.663515091567077,0.8216861022266038,1.5044494544864213,1.315579129774421,-1.339843528855398,1.7341901993737994,-2.2129568878627546,-2.1804579532902784,1.1667700099267355,-2.0408769593140006,0.34143146148684067,-0.42844319022540084,2.34837221731913
-2.067493221719461,-1.4390082096495365,1.7120415400421236,0.7366851796957848,1.7705627582342252,1.242850518565448,-1.8023491399316673,2.0294607015846764,-2.1428391973943732,-2.1829428906092256,1.3283292446206236,-2.148868238302038,0.5306143598694132,-0.07424027495050715,2.5095091886827614
-2.252607059499233,-1.4148023310299145,1.777228401114714,0.6314639905257788,1.7621503131192167,1.1848563942470145,-1.1480523592231646,2.2267936788706457,-2.2884931479937003,-2.299886633680293,1.5875699178966243,-2.232174868879696,0.7308406154606857,0.09198992815963022,2.447283125626414
-2.1950126534897656,-1.4178115278719863,1.7026222787322804,0.6697477040365238,1.612391211735839,1.2559345977762444,-1.4606219459156655,2.0127202927033547,-2.1642115468202463,-2.197816562351465,1.4325911589594695,-2.175843336261065,0.6715879609332969,-0.10621234048309157,2.54385356019596
-1.8267683335703289,-1.4752043204374472,1.666972473910058,0.7929620546416124,1.8472453830451243,1.339989230651226,-1.7555360246686742,1.6888874709114632,-1.995247326355026,-2.134917299941063,1.1207640949925826,-1.9324185638605724,0.08495264627288675,-0.22463208322198638,2.471276866387816
-1.8373726733719258,-1.4182125296664938,1.6870151299987597,0.8445763776116465,1.4964102966033757,1.2865433269710007,-2.0097538420256633,1.4707144140383115,-1.9906068597703177,-2.0269117479642293,1.0766299090090108,-1.8248337377700747,0.011075899625967563,-0.17295286033123192,2.513678712805617
-1.9731972833394447,-1.4047199938013735,1.6717171889797926,0.7130929746847324,1.610445361721307,1.372498119938171,-2.04676671857611,1.7864566144997598,-2.004576201468509,-2.2675650027258025,1.14643384990735,-2.0225080620520695,0.3096391268688861,-0.14750734794798276,2.356270331620815
-1.8659158877680506,-1.4809755251702852,1.6589470196696459,0.7365627822379573,1.6215707348411956,1.3546174358829037,-1.5573885305064317,1.6561328941607407,-2.0154500322813726,-2.0598103653407582,0.9964282925978287,-1.9564095962173627,0.11430184253976611,-0.36203957746404286,2.322820603625544
-1.9107964550954983,-1.4234393329313018,1.6730034650139547,0.8393731730509758,1.7420952748611187,1.2566056210914909,-1.7557943223468158,1.4936952168786048,-1.9536773085887087,-2.0888160124630315,0.9653137822848413,-1.8055115620305964,-0.07780877032299117,-0.20275870196939447,2.3387893069006456
-1.3617144420515503,-1.424667430891719,1.5740876314756023,0.843518039638674,2.0713546966017033,1.352978614182603,-2.1329874324621327,1.112777044666574,-1.4571553693823922,-1.8962650531133298,0.560674381645624,-1.5835174402984058,-0.3996773077503695,-0.392668721723882,2.202538777133238
-1.8783668667896256,-1.4261365840437328,1.6755668147042544,0.7682436059106106,1.5440319474636428,1.2695033297441096,-1.7515496499252226,1.4715002254579908,-1.935336014872953,-2.0086703970062167,0.8708669405045356,-1.8276900740410977,-0.13198418958521776,-0.05839900447290653,2.3399410220738295
-1.9058476805954763,-1.4427771367096929,1.6669427607060663,0.8069351815114117,1.631038890261256,1.4206009705073406,-1.4840852856983549,1.744849981666001,-2.0850599781047294,-2.165234505530023,1.0211889785673056,-1.9856483687780688,0.3116600928310604,0.021876240996827785,2.3596500250801666
-2.0434675715200887,-1.4298731196472223,1.6844815361343308,0.6950961444381543,1.6357968445360254,1.2636871724274517,-1.5922254906376816,1.8697393862792984,-2.0840933611512433,-2.2249492212840023,1.3241908023828293,-2.123223960091693,0.2879705371987652,0.032421088134604946,2.387163156537158
-2.3487039323162944,-1.4480877345824537,1.7620626382689255,0.5809018378829817,1.5734234754232765,1.2681258232557069,-1.0637006329836085,2.1618865396699145,-2.1421749568321045,-2.1705749562896135,1.5506460519065601,-2.2200630619607216,0.7293947481058706,0.046774658437774994,2.4763459452509
-2.310774520359525,-1.4405013314090447,1.800807008389441,0.5106725276998748,1.8031598454004167,1.2381988896125515,-1.2474201175768,2.3719755030956806,-2.1016854498575714,-2.3679576044138995,1.5910047096072404,-2.314937778009037,0.9235041071868128,0.24538572708674958,2.4191443832802824
-2.3440553564032465,-1.4582646479851569,1.8073241721466489,0.6704114604762688,1.4618767741382441,1.2640123333914317,-1.0117852680738448,2.227956296415217,-2.3443345277024,-2.2858040576225935,1.6365919534249693,-2.2818847372189692,0.8056039388942529,-0.12270074041881124,2.295074983294062
-2.3543096901586646,-1.4446219767358484,1.7632914596999458,0.6610111071828794,1.381855770052398,1.1857221869732097,-1.1440712391851524,2.2982320127858933,-2.1681633130187037,-2.2288983878798336,1.5307138990090938,-2.2393941027165565,0.8512063287340118,-0.4402551885748217,2.4844101322144594
-2.084175866930196,-1.4737974351274543,1.7825320820611703,0.6670134838441505,1.543357252012728,1.2919123137402406,-1.2614775476298805,2.130516719430717,-2.126964427378238,-2.4286798974713633,1.3784600898339459,-2.23390530965869,0.6860236243853033,-0.2093857610345885,2.389589950688358
-2.7600621987590843,-1.4851555694385257,1.862567476930711,0.09670946427840275,1.5091597658950648,1.19045873287658,-0.8113963152824306,2.882898465025606,-2.1022759162627285,-2.2797468171086557,2.3139683203409804,-2.59171243991717,1.7105274620573927,-0.5282357623307522,2.362528600385614
-2.904270935228977,-1.4553480967603747,1.9569651982164058,-0.008498222969262089,1.8613392403308984,1.0964697000834476,-0.042304695647437954,3.0597644563920734,-2.026741271458798,-2.2886275361581707,2.3483390474381007,-2.6169541446665083,1.9448942892615875,-0.38819487064506725,2.2885522856971225
-2.697034849930543,-1.5148961239884835,1.896601320722781,0.10024910012421266,1.7229715232600022,1.1160013854759625,-1.1489355055656212,2.9333115728331145,-1.9799358268957405,-2.2281753331863734,2.5302731103112936,-2.622223094764575,1.5349725941573211,-0.10187225858440166,2.423760259012253
-2.7933879615534734,-1.5147090795961484,1.9943803228349153,0.030606879186315942,1.5933501512922914,1.1399119525570314,-0.3714567398827938,2.9995024783066007,-1.9462642726569854,-2.395563237558243,2.3060841771323632,-2.6741888279239685,1.8994560281058217,-0.45883527717017353,2.3483813610034945
-2.6467039339118235,-1.4210446976075182,1.8679797207961144,0.27696948951889394,1.4938106079547382,1.2089884938507875,-0.8252331211873888,2.7545128914979293,-2.246098326735007,-2.3409740032343813,2.053102045459559,-2.5195675256783368,1.3349492510216503,0.036975407524481925,2.3118539364928665
-2.9521476567017024,-1.4559086182058567,1.9366266804546157,-0.1056283123426762,1.9409350783899055,1.0944834293705497,0.030218258458806893,3.205820175713139,-1.9240831244425711,-2.3259274152193856,2.470299086068325,-2.707906906958111,2.0634674341091865,-0.5875606255390198,2.1435557410435258
-2.7041864888220015,-1.501408667988382,1.899218602186685,0.15978694373586946,1.7373472282316604,1.1057288618185106,-0.39787529538902316,2.8754548752069726,-2.1072457998136294,-2.3399893370612244,2.2746078038895794,-2.6242231710822566,1.7527176193788017,-0.2629950613705142,2.3413517000184907
-2.77479342646564,-1.4366137376659511,1.9899321706098243,-0.08722218929089838,1.7860291889556779,1.023581442300641,-0.31954521862736657,3.161635547355235,-2.1906965488301733,-2.2694724090455876,2.579252056826229,-2.6582611648174015,2.130355155603321,-0.34372695595663505,2.2793303327765124
-2.9639889293987327,-1.4538003402675361,2.007011161909581,-0.27813103674306455,1.9152992606041706,0.9654900824154774,-0.0362686966595721,3.3900129606833675,-1.8098368429104625,-2.315312464462483,2.696862261473457,-2.726706454478497,2.620439773837372,-0.46899394515640586,2.226839773374129
-2.9682981214061486,-1.5348265821102887,2.0677085322317854,-0.6076139978086992,2.240353744188449,1.0244066420174494,0.5308380333798638,3.534531224314876,-1.7050601852854745,-2.377832491823623,2.974488773183223,-2.842867762210879,2.7713848682739055,-0.6437966644379304,2.0383301167047136
-2.908284429487591,-1.5366190647455282,2.0164571124184003,-0.5828128638117858,1.852844416624043,1.0338841074062468,0.3112144716990143,3.5454943353632244,-1.8577620187473016,-2.295416642535281,3.103412860007432,-2.813264248257568,2.7496608110073084,-0.3022757234338322,2.031226875923367
-3.1095382604221773,-1.4653540834369485,2.0688068242021385,-0.4920057197513711,1.8526451153185237,0.9164796956696211,0.24845676520557905,3.4934921204959113,-1.7509335854012573,-2.540920513397697,2.74669888462048,-2.8720772110863937,2.5178258859856135,-0.6976704383352973,2.243236778565873
-3.0972437770966628,-1.4475984424290602,2.025240373423866,-0.4552407087233498,1.9160405923266752,1.0135159005519674,0.46287217027058236,3.4936238893499483,-1.7106021847707482,-2.289519861853984,2.711919734216778,-2.8051764324197492,2.68827688667264,-0.7117424812047625,2.0865720269942987
-2.912495287838699,-1.5274428992228586,1.9391489123095162,-0.20646946822412734,2.012027873073268,1.0354845539798665,0.10164697024874261,3.234577479432792,-2.1096093429552742,-2.3707750448786538,2.586268515857973,-2.722368614927371,2.2580849255793005,-0.09165036332049199,2.1211846165812753
-2.8791771382521687,-1.5289878013661813,1.9262362646273954,-0.035084027317164104,1.884284597012575,1.1402307783237562,0.08342127650878205,3.163339088737684,-2.023191569323891,-2.3755811828192708,2.623440526393848,-2.63926415750317,1.9883186742015497,-0.08963402219626469,2.1777342879266386
-3.1057125080272674,-1.479460910687916,2.009870580997894,-0.46952209795838035,1.9894783342653621,0.9824312823833832,0.46227786426959894,3.5441354567414654,-1.8220579155882046,-2.406490351388853,2.9749236747492285,-2.8717355622906062,2.8791716346532428,-0.5637154809492445,2.215195587072533
-2.9356769386822146,-1.5650316378302305,2.0810756313710486,-0.4484297501668384,2.211212654312399,1.0287265469627385,0.3120932009396115,3.446055183453978,-1.7825074273656194,-2.375219149148985,3.001239685916494,-2.8045027328647345,2.724321742908539,-0.5982568351891071,2.128376876597121
-2.771426179620678,-1.4262811511509703,2.0002421072806533,-0.1028542761422576,1.865667885103195,1.1162360143460386,-0.3913264432755616,3.2446258862932535,-2.0615368079501684,-2.388721042872761,2.6438764904519467,-2.7324788996895215,2.069937359185563,-0.30357285756423685,2.1250145892567964
-2.7528890612452916,-1.4208346272994492,1.911404000901102,-0.08738672290584411,1.9651736909733528,1.0981812168138005,-0.3733174395994507,3.0659584808646985,-2.046092093953039,-2.4321754602023336,2.4116013056567307,-2.636438037568442,1.8791834613511247,-0.33762014492156134,2.2833085227588605
-3.0247053028832727,-1.4933446011444877,2.017149437342635,-0.4643018567758081,1.7800351877884044,1.0818949720865456,0.7037260321415999,3.3417543227183133,-1.9648786939378444,-2.37302821775552,2.7067534277959746,-2.7693961147638992,2.43808054772576,-0.3993812226243493,2.2500704213948617
-3.1001501310083324,-1.471868020304831,2.059581422827648,-0.5077244619470542,2.013689861716621,0.9416546756691498,0.5094558025808179,3.4822809978865634,-1.9073467291650947,-2.245589901826824,2.936001921132992,-2.798780499471932,2.8924710687295225,-0.7672030179542728,2.196733728512135
-3.113420483188586,-1.552652874300264,2.1123986336079845,-0.7225586043085661,2.047255698693626,0.897634369935314,1.025679402612936,3.8099326303609833,-1.7434355751805448,-2.42436456043826,3.324454023398976,-2.8742207266754236,2.967284917657288,-0.7953355067450257,1.9038059743264246
-3.14718903272761,-1.448721916951782,2.0946020533613043,-0.5359919030263642,1.8054862277970467,0.8839060140213575,0.22212644586923147,3.621153553475507,-1.7216926127311327,-2.3119048141366245,3.0944377917025387,-2.815704250973437,2.9988339157689303,-0.6251253852420423,2.152080862685189
-3.165842030814542,-1.5032176743504178,2.101808872569403,-0.6860139350917386,1.9355622317322372,0.958524584157428,0.39506641045063723,3.7861440223109395,-1.5943690182943884,-2.358291341337617,3.2807477738371142,-2.9327215430506826,3.2799122794064988,-0.9212589686520986,2.119159395739069
-3.1550034363194035,-1.5596287038327485,2.0117183836929176,-0.5462304122523178,1.7346760148818199,0.9357107462654795,0.6992059826992721,3.5665491930091013,-1.8965078512743498,-2.3388407779598674,2.9021651575517105,-2.815999418795,2.9292875855148055,-0.6707379302027972,2.184468523664257
-2.851739284244119,-1.4540612331656413,2.0306185698221926,-0.36730000057099,1.9839432949392581,1.0332304425047611,0.19603596811021115,3.4031613386359347,-1.7356914719546332,-2.399464819024741,2.9300694735585373,-2.860003984402286,2.5952871891459734,-0.5312828526388899,2.10810411659585
-3.205015964695136,-1.5687719138828762,2.0914142611647937,-0.6302464081710832,2.2796987757724274,1.0187267544819585,0.801138587279038,3.702323945602333,-1.6014598463950704,-2.3041688491302184,3.077897784854568,-2.8813629644988126,3.1149364572908245,-0.6074290588337039,2.081367104336433
-3.3199643150608105,-1.5926699414265333,2.185648616622191,-0.994375475584852,2.383284333076192,0.8473022263217567,1.2493941113810711,4.0609016454737485,-1.457945125657093,-2.441078915276859,3.497408391850004,-2.9729051511663447,3.528374313184274,-0.7014876301118078,1.8651012779214668
-3.143474093542828,-1.4888474684484418,2.040937571840091,-0.56321544588236,1.9423716339621824,0.9379874496093179,0.7608870292247168,3.6723805526904445,-1.7554798188624798,-2.426180600904083,3.0708610945427117,-2.897834687635626,3.086547249358076,-0.6238761903180361,2.0781894946836843
-2.946299283458585,-1.5687549059718726,2.013576632601247,-0.24406149194734178,1.9872918378513365,1.1307226290558892,0.3314109507542095,3.354480986806559,-1.8248306241822005,-2.393225569425836,2.6716863295131548,-2.737330613719913,2.6160664879897104,-0.4724339701295595,2.2942978788224586
-3.0815657431974937,-1.5003031372140314,2.0080045948294214,-0.2511892436198604,1.9902316144317087,1.0568677379784455,0.37976037317838296,3.2935781069429364,-1.8275634826361082,-2.283021572665935,2.62441409708751,-2.7669133073861243,2.350693418684777,-0.32136622262034054,2.016457227411108
-3.2280692647362654,-1.5221555503304498,2.1143552977445053,-0.840944742635282,2.2621909775601257,0.9391535325415172,0.9526898855162677,3.9547164850659335,-1.608266447249901,-2.388913329118856,3.121052382466082,-2.9155594772392472,3.2361677730528875,-0.5372989574301532,1.8826659229941285
-2.880475338044784,-1.53332142704062,1.9841064639022818,-0.19489914587577611,1.6407855294260665,1.1162530951882086,-0.5038439798570884,3.2169599450825945,-1.9154148636710482,-2.3796831603191815,2.5048392265855504,-2.667565015704115,2.25852369770941,-0.6433944180359373,2.2683253905307006
-3.1078095806134542,-1.4887546457530787,1.989259368332841,-0.1966159307358777,1.8394942469459272,1.1284854279604501,-0.0857954093451383,3.222444555610902,-1.9643463426739642,-2.4190226283007266,2.6452832624422964,-2.7388975145496013,2.304688351629459,-0.47332415934237404,2.226837826032243
-2.7135545933074727,-1.5002743261312437,1.869557082455251,0.16618585998155602,1.6628712201335325,1.2044617064145744,-0.37334069321677166,2.7966701036661528,-2.078436163948051,-2.222616353234474,2.3152233341201027,-2.5717115924141707,1.598284211389612,-0.5124049064139313,2.5157409361767304
-2.582384036063775,-1.5005653102607475,1.8675244235828508,0.2909992815639302,1.8178283225166616,1.204636127458172,-1.0246788869295287,2.627077772938834,-2.1660909433875117,-2.1564124803528992,1.972072565715459,-2.509539869512647,1.440637288107777,-0.26668819542632166,2.342109388305824
-2.5592115418120174,-1.491618332970168,1.8300763551680457,0.38964790925139103,1.5629541019704833,1.2045192801533346,-0.718851448137471,2.5408249217943237,-2.2050530622378473,-2.249488526786371,1.9620450787167534,-2.4318659537762315,1.2332806940099987,-0.3505237994018707,2.4535607985656127
-2.4308143539945495,-1.408934576194254,1.8076184671866298,0.46259380175027326,1.7892010239922358,1.2643582774947737,-1.0762414018193833,2.380653337548104,-2.287178913512079,-2.2814706078697187,1.7730303361428057,-2.3711794514944002,0.9599068760870609,-0.3073196179509899,2.423836273790518
-2.383185574031865,-1.423596294654262,1.7758076902740005,0.4868903961579885,1.7566115394695652,1.3375675000468248,-1.3253232674435271,2.217132708456534,-2.0619288579291135,-2.2463103031267133,1.518079800803393,-2.2949706018218583,0.857194865083384,-0.13480518644492703,2.5088155963499497
-2.3996196832266414,-1.4748206487432023,1.7612597747693126,0.5488362306392046,1.7182770190508658,1.2374840996075473,-1.2586695267048504,2.3390458103632126,-2.0635201612342366,-2.2201925383601795,1.5570775838816973,-2.2798173712746426,0.964395840599979,0.08270603678582358,2.290552606846769
-2.2023744216377206,-1.3990315329283456,1.7897383892002754,0.6470518795811134,1.742377458582641,1.2728033339813203,-1.1706967793918286,2.148522570713203,-2.1907865272137443,-2.2719143907898918,1.479197912719234,-2.1714712383010766,0.7550521461439331,0.03138375654545986,2.467822818506564
-1.9493922603127185,-1.4053068770066253,1.6866736894739516,0.7462340627487304,1.5283790540065674,1.220647533426247,-1.857380523356781,1.791596071284291,-2.078534627505449,-2.2635057809997736,1.3014870093877906,-2.070152870109461,0.3028187142910088,-0.22114014174287602,2.338927466165032
-2.1954776449604787,-1.4335364413160634,1.7605419306752756,0.6736024845630033,1.571939693370649,1.2528226401133007,-1.217907932586003,1.9746427722906583,-2.1361335947486038,-2.257659901132961,1.37306117017839,-2.1237723472905894,0.4441172151384103,-0.22785076892042538,2.5508084084012714
-2.2360662999139707,-1.466679267902256,1.7594411833027046,0.5746346544934253,1.6202364235518583,1.298768292438613,-1.0226406243976318,2.226675058795276,-2.2764349370270516,-2.1702209231803846,1.5685501300543074,-2.206403568286485,0.7434562475230855,0.2803830376135267,2.5057884325207254
-2.350531287860886,-1.4492116735243201,1.7949081920216634,0.5361429129519651,1.5162349287171752,1.251604992657671,-1.1498634817979743,2.4715046742445126,-2.330226623974691,-2.3342832292872076,1.8089704482117699,-2.389033318627141,1.0934188705099364,0.16007089897207577,2.4130170783608835
-2.1750611271667015,-1.4633091623717576,1.7893113330049495,0.6448689548058553,1.4875737065418544,1.2196329272857738,-1.5561690079816368,1.9143426745059533,-2.231256764793348,-2.238539513398205,1.4634098183633355,-2.1695251978026087,0.5520600469069474,-0.1110166430778731,2.572726367287205
-2.145140614411664,-1.432677787208533,1.7309480090732932,0.5411831968520079,1.5065335677745042,1.3278135783215208,-1.2531809073605127,2.134686376323038,-2.005932037639302,-2.1993463884086015,1.5307010648165291,-2.2502333396775334,0.5898514064733453,-0.3034266669143127,2.512068655520864
-2.3032230569461265,-1.468227973832201,1.703341092162655,0.5500210115463434,1.3455651616499684,1.184478757874666,-1.179884990861371,2.3306509443285233,-2.061449566153701,-2.175224400041978,1.5690251585021522,-2.283097958371582,0.8650488544985602,-0.37026945049624754,2.5393239576004705
-2.2086307515756394,-1.4338998414934112,1.6952033862448188,0.7556838004409631,1.4782550235493768,1.2635639970295716,-1.650085058625241,2.0123303934967267,-2.1771408710662654,-2.308523448951705,1.374836263673816,-2.1200828474515405,0.6017098967398986,0.05523360305259305,2.512125019435247
-2.2705540175968255,-1.466156089540021,1.7472453282971583,0.6522437670414055,1.6980677595475733,1.317132961968829,-1.364373221633669,2.0353486830482,-2.1050465052087364,-2.255300120599704,1.3537385924008307,-2.1734970467787025,0.5373121790032889,-0.03144325073994928,2.414574520610692
-2.1253839915477686,-1.4439194219927773,1.7038125724095994,0.5725960752377244,1.5054346942004624,1.295657831183754,-1.5014172332347602,1.9991272285884405,-2.071960193996851,-2.244163253005454,1.3638857933115291,-2.168909993396822,0.562382931211827,0.0691987245749138,2.4306990966802333
-2.492781352157114,-1.514833946994379,1.8645812867885874,0.4184791480193213,1.674247799901626,1.1847518914781476,-0.9400631198521516,2.4563828634302403,-2.2064703833433397,-2.2462114604223395,1.966679711718796,-2.4268544891953407,1.0166706657907458,-0.14576503257846476,2.449970228496009
-2.83796092135509,-1.4483481925898847,1.9778837315686328,-0.11694674190595555,1.8460407208538978,1.1564118302811117,-0.13258796067977757,3.1318264509777207,-2.0411740824715454,-2.3456723771311014,2.3694158212744014,-2.6669488626540954,2.034708877892098,-0.1768052513483379,2.1812166254585805
-2.681987690140309,-1.4504517856480759,1.8639753182188283,0.42975588453322233,1.5608227122483147,1.249082227840351,-0.8566964029618918,2.528183614218446,-2.498019733608366,-2.304101002737583,1.8950268907710757,-2.480768782291562,1.2828383622062671,-0.3340228461035208,2.3306684770177655
-2.9139361005050555,-1.5194374915966165,1.9745631176925167,-0.29078925155753094,2.134254757404082,1.076232497843549,0.5507357171925046,3.350840223049356,-1.8184400359433281,-2.317970424738047,2.5838754598917184,-2.7812201272580057,2.3980103352901074,-0.49703912968717573,2.1886763353421252
-2.7869443453765803,-1.4634001625356954,1.9102956244893878,-0.14425556061599099,2.0106015203657597,1.0957349709093636,-0.2652659300862425,3.1309130246352845,-1.8920989904004493,-2.3440587338987537,2.1563578911511936,-2.6133407236315462,2.0151316330234827,-0.7813161690682937,2.3337649676864376
-3.1015350060259053,-1.467306341325674,1.9922592375151245,-0.17511381330058637,2.1831659349436126,0.999744289236137,0.15865130401806285,3.327277226448375,-1.8688252477413685,-2.310829079444295,2.698541050536461,-2.766572298411243,2.6265934585970374,-0.46472691770362545,2.0648308164945672
-2.9825018771527327,-1.5234016710996383,2.0820611812170444,-0.7380107744151765,1.7835486507742824,1.0587909121582055,0.330723572324995,3.6537321243677177,-1.8533897603664982,-2.3743517584532543,3.2007836664950577,-2.868830318406053,2.9427357164983707,-0.8295643440200146,2.0810986769160515
-2.7833502895047912,-1.4906758699661746,1.969071553163791,-0.2841633058507106,1.74702980404438,1.0579605015978293,0.20979810764244752,3.232872843850821,-2.1459169261091806,-2.2750683295754697,2.690241113668681,-2.7545781217925125,2.299733819151244,-0.5365594350909041,2.244124262650917
-2.994490526638404,-1.4281745117800178,2.0229660065654747,-0.42013669051744984,1.8174471272432584,1.0530709947853796,0.272886085169826,3.459091389120653,-1.860489709620583,-2.3434044257594313,2.892523797327435,-2.8075810488219113,2.6378667752329417,-0.29930754048686864,2.2572793628158268
-2.8064997472435347,-1.4952533204949423,2.0098449858327374,-0.2919396106357354,1.9264012512656383,1.0913586081385944,0.27322545692022066,3.3975864629448336,-2.0159451310202634,-2.2799042988629785,2.6656194022560036,-2.7319446122345923,2.594410917226381,-0.1144173203887275,2.0684823193339352
-3.1069985197129797,-1.46238742506713,2.0512198077168646,-0.40899572585757293,1.979586205864966,1.063631415227126,0.152833092863594,3.5264712354301273,-1.8514029721723044,-2.428212080364857,3.0305724434391577,-2.8250451961796066,2.8267324942279317,-0.45325996457144746,2.17165163968786
-3.1924839770586786,-1.547126332831489,2.1138181917976078,-0.5128416634437706,2.0054164741715397,0.9935095043456394,0.5211921338383885,3.6211692327370835,-1.8473888686121795,-2.3383454535994264,3.025595692141908,-2.797737032363635,2.7749953946718837,-0.6332640906122914,2.2015321605876146
-3.136470782778514,-1.5788754391321822,2.1845826868033997,-0.9303130732994445,2.364123502626668,0.8279447228477103,0.9054443140387255,3.9520084117551457,-1.5047916322458552,-2.3442072961473137,3.3769492399798358,-3.0045260480597125,3.441365231573895,-0.7803685300188465,1.8653281835297137
-3.296011111402216,-1.5140484325130088,2.1186408370645617,-0.9613566149600471,2.173590877684144,0.8894749905562466,0.888128102937341,3.9741089571141153,-1.3425931248214606,-2.3126215690697878,3.3329244180026927,-2.957640356546859,3.5197071593658698,-0.6460388690716312,1.8838322663051554
-3.251330475323929,-1.5427984836834978,2.123825256426249,-0.9001990642717809,2.4019223041262614,0.9181703218163898,0.7899849824224211,3.8674172064256056,-1.6193790872354001,-2.3922553981747843,3.311850285021465,-2.9401026322918065,3.381001549826709,-1.0931866265060217,1.8480063487141287
-3.2978436317949926,-1.5834949871889563,2.2134649216317404,-1.2557922252751748,2.207048376250254,0.8423209214220542,1.710628741622106,4.182896404570445,-1.4225145673726185,-2.315303813630861,3.702151661375322,-3.0581089203594556,3.919709309553482,-0.8710600857036535,1.7985720938267686
-3.582995890183027,-1.5639812997516986,2.2851884521990566,-1.451279507791421,2.667784224885391,0.7269013797575354,1.876460403022688,4.365692448516916,-1.077185525602067,-2.2218994295535293,3.7408541337277406,-3.0886062537119026,4.122358921764245,-1.1771092340010514,1.7100963062489394
-3.542682598978422,-1.6028199340802605,2.3393523065283865,-1.7606907852077383,2.4004046539677204,0.7506687785767461,2.315081089507759,4.602993487231691,-0.9548634757959298,-2.182692635093532,3.9914823283235297,-3.1990939440098587,4.544858105910965,-1.3999138721828182,1.652184682955462
-3.4440726498793883,-1.5340386111567823,2.2691423005063154,-1.3724372011065762,2.4472125159046194,0.8603261205693725,1.6019549506623656,4.244713920676505,-1.1454444901391891,-2.232882088380982,3.6558499105529103,-3.056518391546678,4.05348122222603,-0.9399648678025019,1.7966643098869066
-3.2090940456833743,-1.489184665316285,2.1375000451915587,-0.8784053650569038,2.089723039102031,0.858229298342198,1.0396150392098755,3.8397903333558783,-1.5902180646254602,-2.3545538293019335,3.2318627073447708,-2.9296975796117968,3.165350180892713,-0.7623265496451147,1.9574789261221073
-2.9859134556420917,-1.4880263781421583,2.0929442923993213,-0.6251704248706115,1.9908561237915492,1.000746630254691,1.0117295091986482,3.5684570936335147,-1.8011595474794295,-2.4535456772419697,2.890356100574339,-2.8468883332614783,2.877427821894834,-0.5347460823713409,1.9799088059183925
-3.0013234575197845,-1.5699473688912193,2.0039424485387936,-0.2600816820398554,1.642227795109779,1.0193291908185451,0.22302645212784525,3.250565461196479,-1.7933607553279443,-2.432724282502136,2.9189025206762627,-2.7593416127739387,2.445943146037948,-0.4581042091938226,2.1952099037473127
-3.0361284576202743,-1.4632968254438794,2.058451321523133,-0.6885862365806841,2.2456518273871593,0.9982660507300951,0.5878601545146024,3.656794037408665,-1.7058949843615296,-2.3164371985466436,3.0413646496654585,-2.869572105223904,2.7653917088232878,-0.7395777698809359,2.0018189339687456
-3.1945820408966226,-1.5389985012248415,2.148955647080095,-0.8778798466272565,2.3159794721304006,0.9396316474759899,0.9565447425931792,3.959391076551736,-1.4374766038713997,-2.2853688049563843,3.1104270683730673,-2.938600387201232,3.4291212128462107,-0.7802462941354276,1.8308088064768093
-3.1947715399048464,-1.4961815376835026,2.1064189541462675,-0.7799170156401983,1.9470244691111362,0.8818539015222627,0.969407762184035,3.86561639642682,-1.4471415518603872,-2.361573298191593,3.2638546592387243,-2.9086702027452596,3.0500760638627273,-0.5942607259892005,1.9620747641812404
-3.4043155914505125,-1.611226880219104,2.241652241671201,-1.4339821841591776,2.5227788937154796,0.7757426380699565,1.8729853583012395,4.375888417561969,-1.112595271090498,-2.1632426269721288,3.6657194149251042,-3.0531801252733812,4.117857257642715,-0.9024936750425777,1.7195735551596354
-3.632197197872691,-1.5258018162207998,2.3903237067122824,-1.9989993153762702,3.1419798227063107,0.4996352928113458,2.759710773954799,4.806325894429681,-0.5271840109407298,-2.2175520126947292,4.177986222310072,-3.216674955631191,4.851663920221509,-1.5589028153295348,1.3041177329050346
-3.5186270460285978,-1.5996855006170767,2.4370062207343404,-2.117173308130522,3.1497237136510536,0.6359497246797738,2.545890900623391,4.745358143546342,-0.58608067958827,-2.2472890043279037,4.017314937395348,-3.225336438398223,4.957538801097692,-1.0027252456913907,1.4391877882693689
-3.409808172963369,-1.622895361213619,2.302107136747833,-1.4598947320018874,2.250179934285786,0.8215268313436753,1.582919272037597,4.364646092979635,-1.077756306944137,-2.2891422151262644,3.8577789661179556,-3.0867688160435534,4.272843294677617,-0.9812781044450832,1.7610333831033953
-3.7018889145908194,-1.7335339962102594,2.4369620361702498,-2.2104649574891075,3.25351388621277,0.6345478484054982,2.7197419567212098,4.955406688015269,-0.4449440221687008,-2.200797066875812,4.328477041501557,-3.249858656540189,5.4213911819537985,-1.4252581856782838,1.5777256491659195
-3.6613732853949736,-1.6341774468996082,2.4064202732704123,-1.9654779248180885,2.821156452880739,0.5829546046891855,2.421266395335983,4.8891336623411235,-0.621549095526289,-2.3424647524071363,4.3522178872241435,-3.1931741175756234,4.957590391987664,-1.0742218214752497,1.4717665551378827
-3.5141758165111012,-1.662482176151246,2.3746615569716583,-2.0029192548129564,2.7054971619830983,0.7461306985866293,2.307167588837501,4.7966588287927285,-0.7357196508297251,-2.257476435858812,4.1596088194208365,-3.217832134453791,4.920293842227522,-1.4098817828692687,1.527860104450695
-3.455503608740452,-1.6351855927736376,2.299478406644925,-1.754164911278392,2.77811951346886,0.7464544586609847,1.799128978341963,4.538259854605888,-0.9521372656205151,-2.333466012896162,3.9674552683050344,-3.1454680690881194,4.491064073287778,-1.3039106413076247,1.5183304166140787
-3.453965123876609,-1.6037694036683952,2.2203927633149507,-1.2515775358430863,2.447598526372241,0.8212218870268199,1.4129259876060904,4.203205490964414,-1.2943028773309886,-2.309695824486308,3.4514591759426776,-3.1088216290983537,3.705205991883454,-0.9578447017207998,1.9289667795688563
-3.0445183809181184,-1.5234953748886078,2.017807226190322,-0.5399774936398629,1.9897554546592509,0.9972281608032721,0.27629225354372533,3.634180413804488,-1.9391300253433605,-2.3532621458825655,2.876182073711318,-2.8674708181791413,2.704647890503463,-0.35175035968987817,2.0663485101037535
-3.0899300928873408,-1.6017469538520388,2.114270258807121,-0.7112390962382715,2.3270402871000093,0.9098310329684854,0.720534174545352,3.779343749053252,-1.7035072690787778,-2.3919124220955412,3.1931464594919627,-2.9174830673545675,3.0765605424709825,-0.6784802181195447,2.054951366867643
-3.0641030448351607,-1.4504466675826209,2.0125930188732184,-0.43942943143248125,1.872859002319764,1.0230188430362654,0.39083427907280616,3.4601914143999846,-1.9122430831366461,-2.2798781219848427,2.8495485946080854,-2.786742147679145,2.5369145041082977,-0.6051882103726879,2.231318397711946
-3.494194520148277,-1.6118520783258323,2.39497193276106,-1.6914830009179067,2.5649218519549155,0.7118801754162529,2.0569361982885837,4.530063905664885,-1.1151827410793238,-2.319989628187152,3.9901889428906103,-3.1766759024175055,4.536556716605415,-1.0490101885890402,1.6352133757875587
-3.273092885389367,-1.5152654186429249,2.154735427060188,-0.9997143517817952,2.300979209676027,0.8063621440105707,1.1264620408509196,4.081108545596092,-1.3709378357045339,-2.2170873153039925,3.4324948624078577,-3.000388352528367,3.7425089094031985,-0.5016552273822735,1.8407913594397225
-3.0445992619451956,-1.4904975514897496,2.0509848396137245,-0.5077393012198084,2.25684438018189,0.9707378458764186,0.40750176570115376,3.585149301770291,-1.7691079627132416,-2.2492896302461145,2.942479035966871,-2.7832683019040823,2.8914838076207316,-0.7400899346302541,2.0293768392161624
-3.157727429598664,-1.473231068353743,2.079116114381311,-0.6416988705063837,2.0009205305316073,0.940017748700855,0.5688101885231129,3.7172192826239807,-1.6721042737724903,-2.3730100065853272,2.921453949792716,-2.938841134961875,3.0065361681779343,-0.3812334162735056,2.004765944603821
-3.2952500657781036,-1.506168400567404,2.2486174593017516,-1.3031671635106206,2.255437236815283,0.7950102908199871,1.2122805937358905,4.179811365778794,-1.258417775035749,-2.343028195775991,3.6656067465910844,-3.076649243412351,3.8419216017683793,-1.2005521438726228,1.7303123299088394
-3.376063540684075,-1.614811773624744,2.207468085826727,-1.2546960608446454,2.3819570576596987,0.8674876896381598,1.492883967448445,4.257951301488352,-1.319740255904078,-2.23112808630346,3.7118868708672115,-3.0688211988005616,3.8590604292517208,-1.1041574930668545,1.8935988758286606
-3.457274556085033,-1.51293522947548,2.236817205669279,-1.5464930566957846,2.266234403962106,0.889178116857472,1.6408364539618012,4.454077150144646,-1.167889792534288,-2.322282994062113,3.736777736334669,-3.10564624851356,4.1007663336027065,-0.8026826087614592,1.5296555632094642
-3.1863780861072786,-1.4511739915229294,2.061375425335957,-0.6518115484372375,1.7648937820457096,1.098361993671973,0.5515090998196944,3.6672061221608683,-1.6743863288472398,-2.379396206315259,3.068590187077649,-2.863403570817196,2.9635990648588018,-0.7089439970277682,2.0214962812355495
-2.9309831339638968,-1.43856126361912,2.0129490005471,-0.32457013721831035,1.8897401842347774,1.0718421880859665,0.1852179755212239,3.299582569230473,-1.870364535714103,-2.332567833333741,2.7642807544399783,-2.792802920434731,2.626350229876844,-0.29793574596488676,2.1848149010330946
-2.6287099842923705,-1.4834085378878505,1.9938794659563426,0.06797134832208894,1.7198307587080865,1.1605939671973309,-0.20373696466936755,3.0243143600009623,-2.181011756645959,-2.376165459430669,2.247374083750919,-2.60838968248358,1.8777643291480464,-0.3634301801895229,2.3675078553683893
-2.502714684204014,-1.4469347045684944,1.8824235597170687,0.45909643365780217,1.4401757778696587,1.1494794304528593,-1.5301591764755695,2.426905210088124,-2.1457032305871766,-2.329864198613822,1.6676730764644003,-2.402611657298698,1.069773415252203,-0.5434071994270757,2.5076187992219663
-2.6321260771481834,-1.4387096518934337,1.903394043644107,0.4699208459641612,1.7174144842754504,1.2504979503954787,-1.3881932871945015,2.463353226861031,-2.079057197337814,-2.319038561516372,1.888052113933981,-2.391536115129241,1.352189980013026,-0.22607980713137663,2.404667206204742
-2.138446261937508,-1.4672215766689096,1.7467293265913884,0.7579408987167995,1.9243958568495194,1.3088337351178467,-1.31780882606074,1.895388253267101,-2.1535793695696275,-2.167216410059937,1.3423437883167013,-2.090882615285039,0.482919017874214,-0.06462832328202825,2.4116783611543062
-1.832863067659651,-1.4317212148435265,1.6269214256847047,0.8643919820679283,1.3736290358283283,1.3301261417401504,-1.7809311501269578,1.6015819169034973,-2.00441499793066,-2.031257780036353,1.0996032019571524,-1.910914749725456,0.05535188894455134,-0.3098586409459578,2.4337786017976124
-1.7951537398452029,-1.4719512771559236,1.6521425792259015,0.8935366716417371,1.6417283811556693,1.252665341676553,-1.898131556773107,1.4263642245084838,-1.8752226593346024,-1.9602508608774334,0.9837956988931402,-1.8689192469027038,-0.09055874515393167,-0.08872043826979435,2.280628266097637
-1.5117366872856575,-1.4412734641986495,1.5620226021964179,0.861909101328932,1.691221089796713,1.4389523561016202,-1.9678915993161599,1.2573842895586074,-1.7054747333618085,-2.0267207815342183,0.7856890553986051,-1.7259255851964503,-0.1891298907182979,-0.37349958061565436,2.2919460280613064
-1.7737794866147076,-1.4768393090483745,1.5930229133169092,0.6890274520566002,1.8264454380695987,1.367248506022982,-1.8625611262210664,1.4299838715054116,-1.7933390547718944,-2.1153554587580565,0.7521629584849732,-1.798767603468027,-0.013705595204679392,-0.14633911165915078,2.34511841406973
-1.755364471797727,-1.4992491254940037,1.6816909913931812,0.8225549689313524,1.801101307209208,1.352465560019566,-1.7635151773633444,1.3895172477630726,-1.7656345774133826,-2.031555045686038,1.0093639810194228,-1.8144076882233742,-0.029569101246732333,-0.0908129151009204,2.48013029781176
-1.8403265008887693,-1.4006673943106998,1.6817647267402442,0.8549083596489631,1.4131880129543397,1.3962533156076444,-1.5923911805086732,1.6687933215915336,-1.926542646715821,-2.1589549503572396,0.909298192722675,-1.987005171067276,0.18947587847664923,-0.05750688135644372,2.530598875135705
-2.0276386721066073,-1.463289970023878,1.6808065092969051,0.6854593613323947,1.6251701819873514,1.238762556277142,-1.5249506612113486,1.8624478792366992,-2.0439610235606054,-2.177422841492082,1.3607672371983095,-2.0516891778322712,0.4066282617123679,-0.03610866714707179,2.5511851524969096
-2.3990583884220222,-1.4656398719527484,1.7570241234150894,0.5929274854063119,1.5974238019672924,1.2385437147068685,-1.34251618428362,2.1545649346379863,-2.1958995537506967,-2.314728658225555,1.7130942282738595,-2.2626401557402223,0.7252366846616685,-0.1445264792656548,2.4374088562205083
-2.29676258320514,-1.4157769809707932,1.8031863297402837,0.6188662467724152,1.5226888939086813,1.1535437379799829,-1.2866301701444487,2.1892659969933224,-2.0233176825978445,-2.3469359346022256,1.6709137551011928,-2.2404504432991805,0.8859720363893651,-0.18877694950142132,2.373909442665083
-2.2759134182062284,-1.4624797514008872,1.792436136916722,0.5476393169816334,1.6404820410904184,1.2366120565727574,-1.1737648727244692,2.2596332984550678,-2.2231334131463187,-2.273145018780286,1.58828134097766,-2.2999939852611395,0.8857212521472628,-0.1719939567403357,2.410145181601053
-2.3062164452021436,-1.4318183279605923,1.8125786011500407,0.4103033547823568,1.9138990869352657,1.1750658897451642,-1.3802400299215871,2.4774201768991446,-2.192586589782371,-2.2835186004370125,1.8454154139819852,-2.417762950004105,1.1487738131364456,0.058206345776198244,2.448593794293611
-2.347385756208842,-1.505472193106027,1.7769416311482278,0.4166338623484145,1.4286696277069804,1.3130003553037592,-1.058525057677204,2.4622992570670665,-2.0505264869008726,-2.3340393807462654,1.7242618105979854,-2.4010712932556486,1.082211946172242,0.14983894912121987,2.415699528816919
-2.3462580953936376,-1.3761116386900671,1.7869769950604404,0.4892837651933445,1.6060992999516739,1.2334902034556774,-0.7576106227058158,2.3225031026725524,-2.1047946258458174,-2.3454360700306065,1.637150072594108,-2.3092952716950323,1.0194127303631204,-0.22927240869038565,2.468189127260807
-2.429969461847139,-1.5048597652788582,1.773085169509947,0.44837620230726316,1.578414872590158,1.2597334234371191,-0.8904251128797362,2.2793458416338805,-2.1870745754340564,-2.305590144513735,1.758994281025352,-2.237309547837245,0.8097206195169253,-0.0030093166499738965,2.393258387906934
-2.2344293355725853,-1.45282050359321,1.7553756248290682,0.5934487349854207,1.4609144166604258,1.2882885567139701,-1.275581495405184,2.105026313906765,-2.126612002935414,-2.2287570837292425,1.4922612560018735,-2.1783690349118623,0.5353655932733968,-0.2293635314656421,2.4559254273185913
-2.267663415792819,-1.5065857850340114,1.7551477795950787,0.6895630080652988,1.7262031793200254,1.2609234112008756,-1.184461552302361,2.159737465407177,-2.173968901091113,-2.3126298434183625,1.5266136631239564,-2.2221079439122184,0.7790741381284417,-0.23623019452763028,2.2763124267221424
-2.275144766661535,-1.4461324600811332,1.7409279230357972,0.6501849701958868,1.2943656060562998,1.3160760083869714,-1.1653293991683173,2.1208961879140023,-2.2329139536428313,-2.3208818773287283,1.5945388801730358,-2.26384235608872,0.6839817909355956,-0.04346545072968735,2.3738569337522364
-2.0734217542666777,-1.4651939761505366,1.70521626789292,0.6424446854424348,1.4451489348196782,1.308537071870649,-1.7156762578086049,2.0141344449106735,-2.057249911293218,-2.2335869727358535,1.39143066213611,-2.109393383026861,0.4755790232454456,0.25226616322854506,2.5854626665291027
-2.1040862867306953,-1.4422222788567913,1.6491154932793772,0.6778727043005452,1.916231299412279,1.3572665692465544,-1.7735024387590919,1.9001436259855224,-2.016223054018741,-2.268223088122897,1.2384418598046087,-2.0897357927148272,0.28021041413802455,-0.19673750576345236,2.4732293144543624
-1.8892711601981627,-1.436271885187075,1.6504809483641454,0.8560208619337834,1.5687550115107654,1.2569060917622692,-1.8037253394619894,1.5797224441725792,-1.823978983061936,-2.1014414017887812,0.9741666475706288,-1.8663733967773388,-0.03098486378912263,0.044442043227964675,2.266931787903623
-2.1334856809735925,-1.4530344481109803,1.7052651228263271,0.7212443652469973,1.6774374383930943,1.2673438487028783,-1.562386690852864,1.7856062814744191,-2.167732441003783,-2.3269110395601866,1.389993183904687,-2.0732620911995365,0.39775506673284233,-0.034150103909502544,2.24803272835189
-2.017935026471553,-1.4730615537728706,1.782834787263872,0.7145880432405131,1.4683704348794122,1.3454212955244287,-1.2377589123812398,1.7787284667878758,-2.087908004658644,-2.1564655031448443,1.2944804986245404,-2.031688133532561,0.48105367775056956,-0.005752466868526108,2.6376047014304125
-1.947532877688748,-1.4406649998252634,1.640855074360492,0.8622105055003796,1.5120319599685401,1.2729795081634965,-2.1394857771593156,1.6184706443170294,-1.9508393814331202,-2.2160024310731026,1.116995452790351,-1.9182361640063443,0.07351078045108445,-0.22234264997707673,2.6255240030725666
-1.9139990318844653,-1.4704948976961412,1.6770949120340666,0.6802183391413653,1.640890704628387,1.3371976953631428,-1.6425827123091656,1.8227365208260655,-2.106299560557687,-2.19887634946303,1.145281058091058,-2.037477438193713,0.2398786550240036,-0.2047129514979904,2.4499734178976826
-1.9064307514019057,-1.4652050727585975,1.6836602486479795,0.7061646757313307,1.519830078738811,1.2468452351725265,-1.6060012565408412,1.798592596950751,-1.9333053638351185,-2.157893000482599,1.175276610963962,-1.9502792224103929,0.20076241305918677,-0.36870901243353776,2.326535061957074
-1.801756080562765,-1.4084801382971353,1.6422587766727355,0.7810427675513196,1.6924483908240953,1.3727150386571703,-1.7667345159145365,1.3568445029100464,-1.7785724328509032,-2.1529565072599555,0.9019820428126246,-1.7652552751957116,-0.11913593508921502,-0.47193388114153517,2.344359570437809
-1.9623804609967168,-1.5059531536295185,1.654412508490868,0.6708174279897802,1.40976641843476,1.2864489665348815,-1.7761319108570999,1.6687520213551332,-2.005189502691717,-2.1676076248012985,0.9633456012899363,-1.9965271662717197,-0.02033315285993976,-0.26504005810488596,2.4061746650530966
-1.6972120260082624,-1.3975742549402344,1.6495038709222407,0.8359210221576583,1.6024129295055465,1.3051778919030679,-2.0258917580134743,1.6143640953080882,-1.9643797633283249,-2.2278726166981593,1.1247086943844367,-1.8911896836384081,0.040930414679285806,-0.15898179933254775,2.356927287774939
-1.704275792916499,-1.4881283835550283,1.6394846399962033,0.7781383728262056,1.895655813531095,1.3242175967775796,-2.020422198661695,1.4114141857244644,-1.862687727424358,-2.142062688192819,0.7026397452914921,-1.762501634077313,0.06179827731378212,-0.45239077483200085,2.27067935447501
-1.6636157289901692,-1.5161458280170834,1.689432131931952,0.7849463124847719,1.7063960035591672,1.4401437120181941,-1.5610372744601426,1.4652936059621768,-1.7668037097122673,-2.054990946195058,1.09398157943635,-1.828276416150527,0.0461753594477684,-0.2981446156606368,2.438265502434056
-1.9970679469437143,-1.4871963496173184,1.6481493030415062,0.745940198681078,1.2623642184969022,1.2511468433540844,-1.779987986247998,1.7030696421593583,-2.057498146626719,-2.0401469006532467,1.30441189607776,-2.061039978937862,0.32771879766995343,-0.17386654775975757,2.407401666584006
-1.9230445013863988,-1.4496264139248383,1.7359492529465639,0.7649555261435208,1.664972205514044,1.3394213219889517,-1.6678273442635871,1.6554011499260883,-1.9976439017720475,-2.241867369616125,1.3736474601731963,-1.9706319696232097,0.40684790035306606,0.01898451488389744,2.5139048377618205
-1.8127034167128653,-1.460559578430921,1.6366869002976787,0.8000711479757785,1.5500076280903776,1.3042419854658558,-1.7352467281376442,1.438149829809059,-1.9267467692879596,-2.053429172972371,0.9903677120397378,-1.8751049327771048,-0.11836216905294479,0.011816020958182405,2.265048283321054
-1.8088164730515182,-1.4649657713214206,1.6770926852625716,0.7098177190335306,1.3752022799892212,1.2521885855144361,-1.8187383568245956,1.675106803239948,-1.8873855420149255,-2.1296416248481274,1.1548611746939046,-1.932943077025412,0.19087525150696064,-0.19940448089099655,2.294686831644152
-1.719378152210975,-1.438544269303236,1.6757282303159675,0.7603864240621256,1.6558360491566404,1.2876063198310261,-1.996841303553403,1.4910609520808669,-1.988793942104868,-2.0190327446362217,0.8801418895282281,-1.8588353046947432,-0.04237901364961371,-0.14055371537402284,2.479637912605651
-2.190715380362636,-1.4459615714384046,1.7234661898968724,0.6069765260434763,1.6222069640676955,1.25762661897882,-1.2434121759737142,2.0159919226510303,-2.012797018343251,-2.2795863464648742,1.4107312352217471,-2.154799941075711,0.44268641670529035,0.08542379305959813,2.3770677479599667
-2.145867542402139,-1.4565567173506546,1.7717530484387363,0.5713358801370007,1.4024831975377177,1.271365318404782,-1.4698927689633658,2.0221766269921386,-1.988630338149181,-2.2599419415683513,1.3579022475236382,-2.2044406361717606,0.5977965357821461,0.03133066306005975,2.335875037460943
-1.7740780018336937,-1.421875910238147,1.6707447564064448,0.7019373707639341,1.5725250501251784,1.334623699689383,-2.0371172451387753,1.453733910765793,-1.8919833290487034,-2.1380878105340715,0.9950408799571525,-1.7764673306080676,-0.06349350821558453,-0.19129413405322349,2.264553806065612
-1.738877504874128,-1.4472753795321218,1.6331658574509416,0.8012858881881083,1.5345999186841242,1.3955242601783195,-1.8572512147621338,1.6406922892685085,-1.8700716361005023,-2.1133710952189766,0.9829887457197986,-1.8988866860599058,-0.024156765742347226,0.13424410952786986,2.3582059451563406
-2.29410696604412,-1.4827265663808664,1.7296261957387111,0.6585535464305223,1.7441174966293642,1.2133984806684488,-1.4102723321034603,2.080509268501765,-2.080633158798649,-2.2657643108524095,1.524829240386808,-2.177598745623127,0.7280706134357586,-0.34771270015991473,2.4334349412394385
-2.4283730955610534,-1.391810769671975,1.7934098405178187,0.42510462416468253,1.6118245416654553,1.2128254803453764,-1.2822218591851642,2.573357360621659,-2.2332984297801013,-2.313941977758669,1.7657466057149596,-2.4393727498159796,1.1848289009742157,-0.30795571792472315,2.4545399874849907
-2.7347961941713805,-1.4775852491456032,1.9537566308836731,-0.05595448038203221,2.1545300407760064,1.1615333537392118,-0.5262091870329125,3.034372387859505,-2.1146863282615644,-2.3643128699149156,2.4371373101159786,-2.633682233183825,2.0385072842783716,0.010502067146532259,2.265707127069414
-2.612649219227739,-1.4933714273172538,1.8450889676760058,0.27803070681667313,1.3221101095832837,1.162725149204991,-0.5233926853105607,2.760957820106284,-2.2835434827561736,-2.340464199394883,2.161097889003141,-2.5648632804610436,1.3640715014978264,-0.21687560842590914,2.459127374008614
-2.748924599545231,-1.4750695748281024,1.9747431479436108,0.05963701982214683,1.7404967761290335,1.0361485956542806,-0.1819073258560402,3.0117813751642792,-2.110407799240729,-2.4531563093560966,2.43529978961204,-2.644309350395146,1.726304506400981,-0.3549773979391223,2.1831701562341856
-2.7245141709057124,-1.5512725129284817,1.8810901338369301,0.09921645893272314,1.6119620339600074,1.1537240532611641,-0.5245067505412082,2.814118176167194,-2.0036486393523485,-2.212751933797689,2.2171629516178473,-2.511338830833987,1.4709623689160636,-0.1481036690417732,2.2974612895071003
-2.8014318896204435,-1.5105773139303789,1.8990718742577612,0.09380420387166188,2.0806781472837175,1.1655310183808025,-0.44844220005900265,2.8644354557135734,-2.1645059478896784,-2.2602256540677197,2.291214918845826,-2.5429423419432373,1.5312118185298933,-0.3868206121529762,2.435181205232296
-2.526121125344777,-1.474117633421181,1.8574558168570414,0.3920406634696916,1.4750352691433484,1.2094748571899143,-0.4408899993832302,2.483419555116358,-2.259543614361656,-2.4185137433670723,1.83731684360932,-2.39769515780827,1.2409810367717329,-0.4522814651912452,2.3092759848757503
-2.3525481419506766,-1.4439188491198387,1.7864327724584643,0.5777506951366053,1.66690542975394,1.264348788862993,-0.9000005217491417,2.317723592673881,-2.3290862607507323,-2.1889808940871704,1.7956334184159124,-2.35326463011124,0.8369735050258097,0.0005576265513078129,2.422507472179113
-2.2096705874682443,-1.468957619828875,1.8068056567476722,0.6469817765270777,2.0388744251407176,1.2030839090778882,-1.3594607969927595,2.164626838597047,-2.0544016567959913,-2.1882131599166494,1.5191577720301652,-2.176796625225497,0.6667235084907643,0.3402060992822785,2.3616176108021185
-2.4191131224677807,-1.449680251934541,1.7968219356364676,0.43131895235689666,1.6640067377401826,1.2275129183354059,-1.2770308440341431,2.339580789199613,-2.061030071706597,-2.263441606237324,1.7914268593280183,-2.3483144339401942,0.880744712566246,-0.35339240184726745,2.244280668160619
-2.603050088938155,-1.5076839759480365,1.8132637510836065,0.31703366598942617,1.6097364912564867,1.2214791032941401,-0.48593778027570905,2.610772615317817,-2.202004080516605,-2.2695361739981204,2.093437200286512,-2.4540325119753525,1.1914345690077819,-0.30765748400174414,2.4305538559075837
-2.612258923198622,-1.5119327532283233,1.8897018801441865,0.25102412638008315,1.4831157834157482,1.2563104466405273,-0.800939450942422,2.7296252298781933,-2.1908866613335136,-2.2951862076686584,2.083814062737435,-2.4639289108606834,1.631190341768605,-0.15972199643044516,2.233248056656322
-2.395717604530917,-1.4422141971880227,1.814288591865362,0.5389139288753186,1.8059614227219924,1.2647314066305508,-0.9017293229085684,2.304849066938661,-2.0218249665399792,-2.274425633858516,1.6342079109161236,-2.3192438065141374,0.8711763275378012,0.020355098060497314,2.355336077419652
-2.396044259473733,-1.5038394664504178,1.7813120951345744,0.605027387605125,1.6298023964875856,1.2582085605750166,-1.1842303467788005,2.268654608796149,-2.2413143974748473,-2.2476638201896404,1.5691620126252015,-2.230618253538113,0.803221169008066,-0.05370151214218957,2.4680104423980405
-2.0684502053244715,-1.4274883386039208,1.7036435542281088,0.6795374927699077,1.7286430187489734,1.234610892361257,-1.2491976886288552,2.00055968424467,-2.185702328111877,-2.2317899622057773,1.2597906486689248,-2.128488869045448,0.47887098899267155,-0.1731599027917075,2.3280864112421504
-2.4804355690209956,-1.3943114576034832,1.808135053734566,0.5365520465316527,1.8047507541073244,1.1798138470905426,-1.2257052491160172,2.2722763268410517,-2.137252269162736,-2.231095465216771,1.775781219861705,-2.271024584858172,0.8989334777218109,-0.11694492229457842,2.3015259739869998
-2.5817923238337808,-1.4493845297211114,1.829018012104644,0.3360631877473875,1.370498357972148,1.2369218859496465,-0.5210207798584295,2.5650590479884183,-2.2234747194013766,-2.3486928200490995,2.0595218945588063,-2.446452445755492,1.270901034503358,-0.020341414822606207,2.465547056165634
-2.6424872627210867,-1.4437224545677987,1.9145392905548346,0.15111106349012837,1.4614959782154628,1.1580659515559695,-0.2503356184021702,2.884958134122959,-2.034814607753672,-2.3105506331153234,2.3182522638097818,-2.599882761195371,1.7386438850185195,0.001428462714902642,2.3114508967748812
-2.61841661663603,-1.5278822273893176,1.8209470270309784,0.23169157247653938,1.9155625686128188,1.2292859715797946,-0.5985488321712895,2.709205202615584,-2.2284349338742326,-2.2456753941671077,2.0142407479506934,-2.4451365180285807,1.3135371464740415,0.0054404465751298715,2.318516103838079
-2.0240475848630095,-1.4592720271985244,1.6848837244153299,0.6971964233463475,1.3485446880959797,1.3248564344330487,-1.6700968420875317,1.9395206926375397,-2.170143324049337,-2.15755583713695,1.300757555030939,-2.1601487582672605,0.5724305133249141,0.006921856025003794,2.3953338460731337
-1.911192341723225,-1.489908610886833,1.6394940284518043,0.8482327989030441,1.5938890506668673,1.2005357071427878,-1.9997692490040564,1.4806462674758274,-1.8107675255106674,-2.036594663852974,1.127761295369261,-1.843550107594591,0.11911688913145484,-0.07400038015750082,2.2552110097227684
-1.96172539688242,-1.4506208672200855,1.672362433415345,0.7131560355032245,1.7784994742747697,1.2976965839794956,-1.723653535250377,1.9042947724789114,-2.04430017868045,-2.2394932821216815,1.3598993332547908,-2.0895300011518683,0.31669785080205637,-0.19749995768842585,2.475773252223085
-2.001430520695592,-1.450048699800463,1.6750847754785059,0.6565081702956206,1.3171000799848938,1.321312778583825,-1.9391882965744442,1.8137254233544966,-2.1409955455890484,-2.251804106363265,1.0794439367743804,-2.016747499902929,0.17585718346392018,0.34434283258027576,2.286018653513733
-1.8120885700850806,-1.4198948701376062,1.6165130356189603,0.7668810587581257,1.6139334934125389,1.3348929491638737,-1.3452480998668723,1.5933038932621195,-1.9121504176674373,-2.215629995676093,1.0138484320972976,-1.882805454145223,0.05688311404677068,-0.10620978877178955,2.376103015863523
-2.1369656544393623,-1.4807240642525787,1.7439277623813754,0.6252424373607257,1.4117512425827667,1.2883243345070001,-1.232680816096615,2.0279367083137454,-2.0804272443532805,-2.264828602494332,1.1787509703237466,-2.126176123576812,0.500154133705426,-0.0012772300318196553,2.373314414920626
-2.455806430808014,-1.523467047719702,1.8161151139439302,0.5977323745056472,1.7429663420711028,1.1830266434792087,-0.8577125680072896,2.3474582969359026,-2.0860739435894886,-2.3031297498797905,1.7434510541611425,-2.352496553827298,1.1750421180094635,-0.24999354885373076,2.4700453419785346
-2.2922794150266035,-1.4559421407803446,1.8053049437786737,0.45126600604400735,1.7249130770531313,1.16005428858727,-0.9999117484795259,2.3407403594377363,-2.1374559126499237,-2.2206298675547993,1.7930936420765813,-2.4133935592479427,0.8419632781496618,-0.05646709184898965,2.4619980111692663
-2.5103285659189174,-1.4275271271141137,1.818714823016703,0.4394438605797734,1.517131920402459,1.1645233622789453,-0.617371957812822,2.322130282505172,-2.034625969767663,-2.2139531125310423,1.7128958908484204,-2.317728170887417,1.0056427583894623,-0.25398011447932956,2.334482971424985
-2.471830599465016,-1.4216976070671186,1.8115690854214166,0.5278683933592212,1.535505714843103,1.2930933633635007,-1.1923765073489145,2.2811210233991708,-2.0991894924091854,-2.3267247662602237,1.7841513317428734,-2.239219357961937,0.9720111338029579,-0.5400125038648816,2.5808121996067253
-2.296807762742289,-1.4272237287953324,1.8035895155619825,0.533126261234658,1.677178197663095,1.1777878739808714,-0.8579334080837392,2.3492159207267505,-2.061332553150587,-2.3364405979591685,1.678706027740239,-2.358694210455286,0.9540715116301837,-0.07870778176762715,2.475140468423981
-2.727976116929339,-1.4351286103354848,1.8733869483137209,0.16478571210038237,1.782111333681628,1.0424188280355609,-0.4580816214958844,2.8607695188756264,-2.103319218723217,-2.338652955967831,2.176940602643929,-2.4969272403333513,1.531073823305635,-0.30209035943694806,2.452635891120552
-2.8415966153945056,-1.5191357309624844,1.9113292114741944,0.10709027866955584,2.026334165911739,1.1559068106200765,-0.6373900422799936,2.953156488680916,-2.192658517355733,-2.4935420588465576,2.5034474049354873,-2.581538699887902,1.886564474070124,-0.2342419328062915,2.3144009102748235
-2.7937610314455505,-1.4652615742275656,1.9656637507041415,-0.18174475296258988,2.0354572981113646,1.0633722843346203,-0.43537827110423444,3.175012815236255,-1.9450424677126334,-2.4002650420807154,2.564186323630381,-2.6677506597870964,2.1145018606255235,-0.25183952026254575,2.288322294094268
-3.221722007868076,-1.4414693893782842,2.054968665977546,-0.5290482180996152,2.1343283388117973,0.9455105459299782,0.2069255868792242,3.6083220819962163,-1.6470425866231992,-2.4349223064721226,3.1006649189738686,-2.8000229004472152,2.629501057769457,-0.1489706458359377,2.0821070687636833
-2.818132679855499,-1.4982790831210082,1.9869167430234973,-0.003480487597097496,1.9048581730414518,1.1374405085573749,-0.15949972955082825,3.0684025243444277,-2.1144131868876075,-2.5589967947105334,2.5664407662058895,-2.7074089179296115,1.9679870827779014,-0.45709897168954783,2.303506359692656
-2.8670185517219293,-1.483196831568018,2.0042666118842725,-0.2924498278734931,1.8838089185248321,1.0784993202788908,0.2945333184157088,3.409080732582922,-2.004893003175397,-2.2420538923804365,2.592817574678007,-2.7692373838573565,2.3858098164168586,-0.1615807462342772,2.041358802917457
-2.9052118615144806,-1.4740075354635238,1.993880740116101,-0.26290706458504604,1.6148681997231686,1.0914701860139846,-0.04626486144274553,3.2771203908889053,-1.8648985966423863,-2.3661970957774194,2.621971815119618,-2.792368726280741,2.29630635922582,-0.34324372762356875,2.1625184289378927
-2.573321617610985,-1.4788672115493378,1.7609203667667177,0.3942473621509961,1.872939483086618,1.3164721422474581,-0.976415002361171,2.4914371106658155,-2.2076606035708397,-2.393848422874157,1.732530725100834,-2.378821698384783,1.2503663251148163,0.024057170540355995,2.452184506788136
-2.108657383902746,-1.4410090634267405,1.7194636514270203,0.6782372990091327,1.969485278694475,1.2709695559937904,-1.7563931356670688,1.925603028229369,-2.3061579754530253,-2.192725337128958,1.1800743922336194,-2.0567390072621405,0.5100919198241415,3.280107822248142e-05,2.483686360593107
-1.8749262870856622,-1.4338537128284987,1.6984681790929,0.7454813561074011,1.8063063596700142,1.2508828558537235,-2.0869065997612744,1.6573520873346057,-2.052428907579906,-2.013128173919549,1.0197086099195174,-1.96620161806546,0.11874129153432114,-0.11568348491223351,2.5028589608517398
-1.9372067088974616,-1.379883521588906,1.694733563711363,0.7848741006065953,1.4786284511375332,1.2253459270113616,-0.7143066094661316,1.7565919187281678,-2.0290141954002396,-2.1943515826868647,1.4487152882655376,-2.046719672148837,0.279448267935366,0.1731522870789456,2.5379357649186516
-1.9502480885673277,-1.415629395534738,1.6898270826801332,0.7407109197362705,1.4403171769943075,1.3429293032370797,-1.6411381695120668,1.8123666179244708,-2.271910961103859,-2.1646483698087766,1.2919940392945968,-2.0145465432491463,0.33983864046663,-0.06681159629397494,2.6175739309658956
-2.0375232343257488,-1.4637317308492037,1.7275916175030595,0.675733692402163,1.6926305008927245,1.250581109079555,-1.9645290430296414,1.9094441139182177,-1.9542014354092245,-2.131874992941764,1.131032764010558,-2.1225241174974636,0.4608488463693361,0.10141700303983575,2.4911424616638675
-2.585555142774781,-1.4247486613223643,1.8014065555558223,0.36938360031580847,1.846063679894307,1.13579912179643,-0.9814722164691193,2.416781980139273,-2.1250400530901374,-2.2842500006559536,1.7943166428803135,-2.319564876531592,1.1803874072167773,-0.13114854300927026,2.371193714817672
-2.247141301220331,-1.5255462734223562,1.7443853945349426,0.6205193658365689,2.3352389800209488,1.228203260820866,-1.3704726267099536,2.0614950112846357,-2.1365979760909175,-2.1914532412400507,1.3656726951846436,-2.1720942210756684,0.6258144912139911,-0.11562671262368132,2.4904212526465783
-2.102704998308023,-1.4438132290405805,1.764621970023598,0.5417817526569725,1.6592790911240294,1.2367427199771315,-1.433945107427563,2.1210016324437464,-2.2037376492118113,-2.244600840683661,1.5101338305156606,-2.1587099831496595,0.7272641295252293,0.26357988458664067,2.490412866306878
-2.2606079572441806,-1.4190671319786827,1.7429758330999694,0.6063541126139063,1.5669798579679797,1.2816981492290522,-1.130871578193232,2.155704452206741,-2.155974478354455,-2.2282018441336353,1.425740615089324,-2.215068567951377,0.7308821559052913,0.06206666907859956,2.552477869930387
-2.1502489612724465,-1.4464046467090308,1.6514141887371965,0.6140374834847959,1.587989494229337,1.2351264477491048,-1.3560974622769135,1.9557647605998627,-1.9957837695938514,-2.2334382029531157,1.297941057216982,-2.1471683412216827,0.5683385679808307,-0.3707406965350975,2.4593291111129805
-2.1359702007980785,-1.4790028360898313,1.7375038059010144,0.692114273744958,1.5051743280731138,1.3395632276402525,-1.6382145230666942,1.9885489045675573,-2.1765803262529824,-2.2267339842363008,1.507553577562967,-2.1154039089829144,0.5283745710864041,-0.16669813611648412,2.56799496564948
-1.9787582746100734,-1.4445493657509259,1.6698736984638989,0.7009506975169523,1.4526564740409307,1.3218468216762929,-1.6466241571271665,1.5698299309689774,-1.9386172572192077,-2.064686884894909,1.0628578701533047,-1.8344898390230544,0.13693029922248717,-0.20486390983533168,2.2902500666597723
-2.168663471947085,-1.447778975686921,1.6745845914193649,0.7153398336590792,1.6251930149273777,1.3238175625893056,-1.3945616749711156,1.9745875412426588,-2.134256243623247,-2.171025896265376,1.1387905761098074,-2.187159547555935,0.4649251494189928,-0.18083693665109343,2.415619752767794
-1.8450045414100125,-1.4768236121424738,1.7029696658836315,0.7743808279880856,1.5725440887556479,1.3247867785952407,-1.8067348417206734,1.829990171482387,-2.146914087975942,-2.1726102221360946,1.2960338695540299,-2.061726269187301,0.26292493705892117,-0.2236256173687734,2.367604338751457
-2.4892904600502677,-1.4266102223389836,1.771566224826185,0.5397550493471278,1.3888147982808814,1.2693540667048882,-1.1624409671413796,2.3654291489693153,-2.249156584382493,-2.3333243012777776,1.690702047993089,-2.3435656200545347,1.026549791953746,0.07846989190053491,2.422009690667179
-2.3030879969122324,-1.4532390617453597,1.7547767616573902,0.45186091787450083,1.6244395347934513,1.1584242613423577,-1.1814357023111346,2.3792751584301586,-2.249627455071333,-2.334882599629076,1.7458454670906227,-2.302485926459114,0.9768510309198057,-0.24066415923004347,2.4110898318526206
-2.5595271877669985,-1.4184453229022114,1.88064030798398,0.28725994957091217,1.5757166818176598,1.1414113810265796,-0.43610404651761503,2.5805056075557276,-2.0900912641071128,-2.429332125950328,2.0890977252870884,-2.4807826910219553,1.1677320903442205,-0.32504899625920325,2.5936446153027695
-2.5795889521456163,-1.4863646204862009,1.8712037887819164,0.32285809984668523,1.4541010615605148,1.1109007078817879,-1.4293104409544137,2.6372411313040445,-2.086889508657461,-2.341120402989888,2.1712992794713966,-2.438258358239073,1.2197472058647343,-0.1976003740554049,2.379920372622186
-2.5005198661231476,-1.4461755196470791,1.8357721884646159,0.26878305621578175,1.4611953516122356,1.1414170575629412,-0.7726666158740532,2.580757058307766,-2.2330127178254773,-2.3585057067312483,2.0798508975251333,-2.4566704976983567,1.471403801691986,-0.22216066207597623,2.3586071783753733
-2.5321925474159825,-1.49322735888494,1.836259774330834,0.44715063535026295,1.9681991394019767,1.2487545975336398,-1.1044810754936727,2.4293849910516236,-2.2381583307597825,-2.2183604329983537,1.7319216406600015,-2.3503175627898445,1.0390587651285024,-0.19818728724366216,2.449836002908232
-2.3104156399470632,-1.445527273862577,1.8287551449112989,0.4657536338454213,1.465530968701979,1.1750208029852103,-1.1266062268685302,2.485200023023518,-2.1629187883939287,-2.2842793305527587,1.8920556503913915,-2.4247554592226512,1.1772450370619916,0.0044256390859528354,2.5320135267616872
-2.463357201615383,-1.4760790026334443,1.8437446605206453,0.4024240066950773,1.6577217869023275,1.229357606944271,-0.9552396138607677,2.5397561584501736,-2.274437835007152,-2.306851891900395,1.9157396719943809,-2.412898565022916,1.326576900178877,-0.24825242781776308,2.55029018151951
-2.328748814414614,-1.4112270742494166,1.799052067380438,0.5028310138268682,1.710446582546003,1.285673994649569,-1.001193727482641,2.3870586640807243,-2.2992267065989354,-2.3493278830226663,1.716299515738854,-2.357986857157217,0.883712741862574,-0.12500170526200086,2.4831580980895005
-2.3672697586615166,-1.4558030915237765,1.7241064685752858,0.5622700243947325,1.2861476543606325,1.2024909884317914,-1.7155029614492532,2.346329884825087,-2.236552641013501,-2.277442080511544,1.7681279267823842,-2.3192220881793215,0.9061592401702018,0.21257714856155435,2.3987007266062497
-2.233201541257865,-1.4785579134506874,1.7370693690359666,0.5748840844345339,1.3287356526577598,1.1747471159356895,-1.326243887460043,2.174946194838555,-2.257675121908321,-2.2637332925441265,1.6562153128849697,-2.183991161579559,0.6456796505691955,-0.0609893116723955,2.513609920421405
-2.7639550847316503,-1.520497916794403,1.856935745506195,0.18561285707153127,2.093727215708994,1.0743713023699852,-0.8658854593921012,2.8805888859388413,-2.09686927011325,-2.3155928032046877,2.37651569545293,-2.5712097995048717,1.683263519918444,-0.20537886654300255,2.1377029229226476
-2.7347055587258775,-1.4028648184829104,1.8968705314247682,0.13613369792777577,1.7798272981787169,1.216706757657509,-0.4227237227430074,2.809417737230522,-2.1590679198605938,-2.2868078181598426,2.1755612652181187,-2.5091709846886476,1.5496389010667657,-0.2904815300417111,2.374846021671156
-3.03349262373067,-1.5397713642880009,1.9686416702262912,-0.22629298596193456,2.001132283133508,0.9622128981520596,0.2825959312468504,3.2262188285988986,-1.8745867321264524,-2.271594154325692,2.833349863350361,-2.7228230331649663,2.2265571801744484,-0.3920666001490513,2.191211623454994
-2.8231200053186143,-1.4842941636372824,1.9489597429512575,-0.13252966192496027,1.8900614812572858,1.054929118560697,-0.19613457494172593,3.185755790753004,-1.9425090260978057,-2.3484326234830513,2.5695712412163276,-2.7509975975609673,2.2130965984810533,-0.11515621248634805,2.274940923338313
-2.98514662651198,-1.476587807935186,1.9653591201537948,-0.20302328133822656,1.7285898033484266,1.11618252649869,0.11206528949623916,3.1972608368617914,-2.0360834763004223,-2.344827937564617,2.7630651743264383,-2.71941200389972,2.24473986828968,-0.16383970204470352,2.2694323144168465
-2.6440668075176847,-1.49186085532834,1.9158103885110558,0.16024962501859444,1.6627355087171298,1.2025225378568825,-0.7729815066047083,2.809742582033378,-2.055773441738315,-2.264206588776887,2.315473580413131,-2.5731952286276916,1.6239944805635635,0.010540497683575258,2.3073654614138377
-2.6665812008196026,-1.4117426362831387,1.8256366770145795,0.1980196426173423,1.799837921959509,1.1651507761314492,-0.793428446283137,2.7998793936543414,-2.0866681999585968,-2.4905612676015787,2.0437604926780497,-2.5127785918702923,1.5490542074385791,-0.2679188448501446,2.1928329396589126
-2.7404391154208403,-1.468352659761059,1.8757116686689514,0.28945265047691926,1.9228997132696084,1.1364112784155078,-0.6520457755537543,2.808529820131822,-2.1975827363169254,-2.4142979529010145,2.085186756812895,-2.5411155091583817,1.5036491975566588,0.008371138177044924,2.3863625696340867
-2.9412553559558834,-1.4819632012493122,1.9487439525868555,-0.1435326867998417,2.121142909221445,0.9761495950773531,0.3231318694483142,3.26542372452659,-1.9565989084785023,-2.3353272659771873,2.5054229318097634,-2.7352391070681428,2.2677815583280427,-0.46957943565410337,2.1774492702686383
-2.9280007983228393,-1.4496826049281029,1.9894258515925856,-0.22151428893975894,1.7693249255757872,1.0849846890641233,0.4323255783455355,3.290634018100185,-2.0166237435677568,-2.4984319513855993,2.6677455554386533,-2.724122748890055,2.336514669472796,-0.25834338778528027,2.2100890440900107
-3.155189699434133,-1.4844233603235808,2.086367361105499,-0.754707847743589,1.9527236579425193,0.9949862575320735,0.7849858454099626,3.7139071969548834,-1.7021938717286846,-2.263582282573203,3.2179458776812737,-2.87259920636124,3.3180047550916414,-0.5413652648826496,1.9393312701148846
-3.1079338819841795,-1.461446895777133,2.1822139633805104,-0.8842708402428349,2.0522657254375063,0.8961579229211997,1.0724076189924603,3.846729828100897,-1.5688274921558953,-2.4142269091878203,3.3806311566327496,-2.9546281141980653,3.5150827943870264,-0.4596507453165087,1.920054875738828
-3.4634701256603835,-1.5280106671639302,2.3165154188775716,-1.5668335637602315,2.5204954162145716,0.7440337504037055,2.748915182384762,4.545289946136129,-0.8587664304215995,-2.217853918885738,4.153053236915735,-3.1375379389011084,4.4015584271275925,-1.2331404863090005,1.5606387507756463
-3.3282198290812754,-1.5501436298897755,2.2590310339316866,-1.5477469131650972,2.564255735691428,0.7437502288403895,1.7842701747051015,4.450894096486149,-1.1054020658449752,-2.275321662731144,3.680866269588829,-3.0814501111556534,4.329716462854151,-0.7256511994272407,1.709765596760418
-3.7747033861455064,-1.6884133693339611,2.578493600358974,-2.746062545642009,3.0355896096797372,0.3939347031982765,3.379051689156571,5.324980267765608,-0.04526275964557326,-2.1088255779515115,4.822039046814374,-3.3352573931463025,6.10178932621112,-1.900229660096725,1.2661792811876535
-3.5827739915467935,-1.694926497510381,2.469790853869507,-2.3019932261775375,3.114355662172591,0.5676159649979786,2.750415905687933,5.0877684569791,-0.45204835345018035,-2.2544812800752627,4.3676301804829265,-3.2792142434009777,5.303260445921697,-1.3001221558865488,1.1680359172951968
-3.5104554347968424,-1.6429264625362898,2.318912825751644,-1.7801924061377496,2.5965536256912816,0.8179560206768195,2.125428849920377,4.5870848227744,-0.8509572487034165,-2.2294111236290535,4.170089739712052,-3.1528703358021946,4.503563334615041,-1.4705908676889208,1.5194092812020799
-3.3419203278246616,-1.5725889921505538,2.1956151744856918,-1.0521399349072609,2.1729566644591585,0.8490184917486764,1.1611484936098089,4.028542645499901,-1.4864843011044124,-2.2395301948269757,3.512395130846438,-3.0160061635656272,3.582508815120622,-0.7247674548644195,1.7819065960099405
-3.6047587721554684,-1.6156713375516205,2.4297525818601904,-2.2762733002510704,2.83972425122152,0.5168461054263043,2.623029090090018,4.878386281947468,-0.4881628155913264,-2.3215694575021257,4.262722585739736,-3.2267383934201277,5.298197451684521,-1.4717864478099691,1.2795839933213844
-3.7268470126334248,-1.6695203279852622,2.5492323210127927,-2.5371809127176688,3.0918738259149556,0.49355455952680316,3.151025724992186,5.168435911729761,-0.39761506967677274,-2.279086964744425,4.562157111607781,-3.3204902600583686,5.531632553780342,-1.4664362718421964,1.228075773876856
